,is_testset_example,nlu_prediction,predict_answer_confidence,predict_intent_confidence
0,False,intent,0.016282223592260232,0.9837177764077398
1,True,intent,0.010847829768489026,0.9891521702315109
2,False,intent,0.020492001172744436,0.9795079988272555
3,False,intent,0.016275225904385647,0.9837247740956143
4,False,intent,0.010409543282152284,0.9895904567178478
5,False,answer,0.9468613539843742,0.053138646015625825
6,False,intent,0.01627913058443069,0.9837208694155694
7,False,intent,0.011963227038709879,0.9880367729612902
8,False,intent,0.01626619939533225,0.9837338006046678
9,False,intent,0.020449286787298522,0.9795507132127015
10,False,answer,0.9469248691811222,0.05307513081887781
11,True,intent,0.02749862648876532,0.9725013735112348
12,False,intent,0.041579661204456386,0.9584203387955436
13,False,intent,0.021472785495040628,0.9785272145049594
14,False,answer,0.9468695969249035,0.05313040307509659
15,False,intent,0.010189434748308059,0.9898105652516919
16,False,intent,0.014431879254356359,0.9855681207456435
17,False,intent,0.016279076834177078,0.9837209231658229
18,False,intent,0.008823800295618335,0.9911761997043816
19,False,intent,0.006050379558663978,0.9939496204413364
20,False,answer,0.9468863041110871,0.053113695888913015
21,False,intent,0.005054289971149859,0.9949457100288502
22,False,intent,0.20720296167339528,0.7927970383266048
23,False,intent,0.21220392071914385,0.7877960792808559
24,False,intent,0.01629691741535323,0.9837030825846469
25,False,intent,0.006953961730472944,0.9930460382695272
26,False,answer,0.946869366115072,0.053130633884927995
27,False,answer,0.9467933040103124,0.05320669598968776
28,False,intent,0.021580177664804384,0.9784198223351958
29,False,intent,0.009434698712583752,0.9905653012874163
30,False,intent,0.016302990933985573,0.9836970090660144
31,False,intent,0.013546987096748174,0.9864530129032517
32,False,intent,0.012362862516696002,0.9876371374833043
33,True,intent,0.1068528003771391,0.893147199622861
34,True,intent,0.014504200084957867,0.9854957999150421
35,False,intent,0.006354226177267258,0.9936457738227327
36,False,intent,6.296867045815982e-06,0.9999937031329542
37,False,intent,0.003053936620010169,0.9969460633799899
38,False,intent,0.006354226177267258,0.9936457738227327
39,False,intent,0.016263044205963573,0.9837369557940364
40,False,intent,0.004581125120197033,0.9954188748798031
41,False,intent,0.016293489496933336,0.9837065105030669
42,False,intent,0.008458413589606915,0.9915415864103928
43,True,intent,0.08040621384267696,0.9195937861573231
44,False,intent,1.1509709454517892e-05,0.9999884902905455
45,False,intent,0.01628178617388071,0.9837182138261192
46,False,intent,0.006050379558663978,0.9939496204413364
47,False,intent,0.006050379558663978,0.9939496204413364
48,False,intent,0.17164744416817287,0.8283525558318271
49,False,intent,0.09259894988563337,0.9074010501143668
50,True,intent,0.020718119033403187,0.9792818809665969
51,False,intent,0.015119831296385423,0.9848801687036146
52,True,intent,0.007475698808731969,0.992524301191268
53,False,intent,0.0162895220901363,0.9837104779098637
54,False,intent,0.01947122986497335,0.9805287701350268
55,True,intent,0.0336159125832165,0.9663840874167836
56,False,intent,0.03274397623828667,0.9672560237617134
57,False,intent,0.017186901781124597,0.9828130982188753
58,False,intent,0.016283102495890517,0.9837168975041095
59,False,intent,0.02518280155201461,0.9748171984479854
60,False,intent,1.0245909741931408e-05,0.999989754090258
61,False,intent,0.013469572525292108,0.9865304274747081
62,False,intent,0.016305685652938686,0.9836943143470613
63,False,intent,0.01629889644293902,0.983701103557061
64,False,intent,0.009635607980176753,0.9903643920198234
65,False,intent,0.016288278706083476,0.9837117212939165
66,False,intent,0.004186658684788966,0.995813341315211
67,False,intent,0.005402336940074121,0.9945976630599257
68,False,intent,0.006977028404982187,0.9930229715950177
69,True,intent,0.1136170123300723,0.8863829876699277
70,False,intent,0.014153964660573164,0.985846035339427
71,False,intent,0.002974336649002697,0.9970256633509975
72,False,intent,1.3190785703817575e-05,0.9999868092142962
73,False,intent,0.10855454791631455,0.8914454520836854
74,False,intent,0.0042088806496164925,0.9957911193503834
75,False,intent,0.007039666534589773,0.9929603334654102
76,False,intent,8.325845269792966e-06,0.9999916741547302
77,False,intent,0.061608046126119184,0.9383919538738809
78,False,intent,0.19013995170844977,0.8098600482915503
79,False,intent,1.4511053254765361e-05,0.9999854889467452
80,False,intent,0.01266723205151713,0.9873327679484827
81,False,intent,0.014906961901745557,0.9850930380982548
82,False,intent,0.059696508628814496,0.9403034913711855
83,False,intent,0.01627167407450031,0.9837283259254995
84,False,intent,0.016927448244731975,0.9830725517552681
85,False,intent,0.013139808480066422,0.9868601915199335
86,False,intent,0.003549555043824117,0.996450444956176
87,False,intent,0.01627312969117763,0.9837268703088221
88,False,intent,0.011090844889223307,0.9889091551107767
89,False,intent,0.01629679177381884,0.9837032082261811
90,False,intent,0.004297282552663204,0.9957027174473367
91,False,intent,0.00573701876047981,0.9942629812395203
92,False,intent,0.003203090720205192,0.9967969092797947
93,False,intent,0.02123054015242766,0.9787694598475725
94,False,intent,0.008092375857565339,0.9919076241424346
95,False,intent,0.00780246138865433,0.9921975386113455
96,False,intent,0.01626811163201821,0.9837318883679818
97,False,intent,0.002974336649002697,0.9970256633509975
98,False,intent,0.016288628849177214,0.9837113711508229
99,False,intent,4.906360700830575e-06,0.9999950936392991
100,False,intent,0.006750543428340817,0.9932494565716592
101,False,intent,0.01629185252963726,0.9837081474703626
102,False,intent,0.007389977135798211,0.9926100228642019
103,False,intent,0.0037682970551515837,0.9962317029448483
104,True,intent,4.250931334920564e-06,0.9999957490686652
105,False,intent,0.006565095098378934,0.993434904901621
106,False,intent,0.016308093948683884,0.9836919060513162
107,False,intent,0.016284496494118852,0.9837155035058812
108,False,intent,0.002974336649002697,0.9970256633509975
109,False,intent,0.0051146102241537515,0.9948853897758461
110,False,intent,0.006521073697367032,0.9934789263026329
111,False,intent,0.002974336649002697,0.9970256633509975
112,True,intent,0.008183145048087639,0.9918168549519124
113,False,intent,0.016282964950543696,0.9837170350494562
114,False,intent,0.04689557567524529,0.9531044243247546
115,False,intent,0.009740779870498113,0.990259220129502
116,False,intent,0.016285572248056688,0.9837144277519435
117,False,intent,0.016280722154187723,0.9837192778458121
118,False,intent,0.01627980333194539,0.9837201966680547
119,False,intent,0.03765410181302717,0.9623458981869729
120,False,intent,0.03265394686836671,0.9673460531316332
121,False,intent,0.016292104877903064,0.983707895122097
122,False,intent,0.02478141275439134,0.9752185872456086
123,False,intent,0.016311003048964125,0.983688996951036
124,False,intent,0.011522221649374666,0.9884777783506253
125,False,intent,0.011522215850954058,0.988477784149046
126,False,intent,0.003182709242709241,0.9968172907572908
127,False,intent,0.0043331288907216495,0.9956668711092787
128,False,intent,0.007226472301874813,0.9927735276981251
129,False,intent,0.002974336649002697,0.9970256633509975
130,False,intent,0.007093425791344406,0.9929065742086555
131,False,intent,0.017635807337276363,0.9823641926627237
132,False,intent,0.009595590954749844,0.9904044090452501
133,False,intent,0.021893813503634552,0.9781061864963655
134,True,intent,0.009073745389677814,0.9909262546103221
135,False,answer,0.9468258308150305,0.05317416918496953
136,False,intent,0.032787771584965396,0.9672122284150346
137,False,answer,0.9468251080762154,0.05317489192378442
138,False,intent,0.004186658684788966,0.995813341315211
139,True,intent,0.03390826234505553,0.9660917376549443
140,True,intent,0.015590838843521488,0.9844091611564783
141,False,intent,0.004186658684788966,0.995813341315211
142,False,intent,0.024413050963722458,0.9755869490362777
143,False,intent,0.01629305942793016,0.9837069405720698
144,False,intent,0.19523955936969464,0.8047604406303055
145,False,answer,0.8969022197167448,0.10309778028325509
146,False,intent,0.023405427102343883,0.9765945728976563
147,False,intent,0.016276418742638767,0.9837235812573613
148,False,intent,0.016270084499852094,0.983729915500148
149,False,intent,0.016277561363176443,0.9837224386368236
150,True,intent,0.0156497919342992,0.9843502080657006
151,False,intent,0.016290357457793964,0.9837096425422062
152,False,intent,0.005626610988324334,0.9943733890116757
153,False,intent,0.003794526035579306,0.9962054739644207
154,True,intent,0.0051090470828898836,0.9948909529171098
155,False,intent,0.020808053047592014,0.9791919469524079
156,False,answer,0.9766694657872922,0.023330534212707896
157,False,answer,0.9494088512290105,0.05059114877098957
158,False,intent,0.006050379558663978,0.9939496204413364
159,False,intent,0.00904968145976878,0.9909503185402311
160,False,intent,0.0032052052689425653,0.9967947947310574
161,False,intent,0.0033285889401603267,0.9966714110598399
162,False,intent,0.03711064078233032,0.9628893592176696
163,False,intent,0.016497436869400067,0.9835025631306
164,False,intent,0.006282702360466096,0.9937172976395341
165,False,intent,0.005409233675038489,0.9945907663249616
166,False,intent,1.0245909925451597e-05,0.9999897540900745
167,False,intent,0.020025695994275564,0.9799743040057246
168,False,intent,0.017352787436089045,0.982647212563911
169,False,answer,0.9468071706996962,0.05319282930030372
170,False,intent,0.014184722446336116,0.9858152775536637
171,False,answer,0.9468783299212858,0.05312167007871409
172,False,intent,0.013008740633890731,0.9869912593661092
173,False,answer,0.9469031637560101,0.05309683624398991
174,False,intent,0.016285240105558804,0.9837147598944411
175,False,intent,0.003029679748839838,0.9969703202511601
176,False,intent,0.013214251852337525,0.9867857481476625
177,False,intent,1.0245909925451597e-05,0.9999897540900745
178,True,intent,0.010763783229550608,0.9892362167704494
179,False,intent,0.0036888586225756496,0.9963111413774243
180,False,intent,6.852465210942093e-06,0.9999931475347891
181,False,intent,0.00938371653275305,0.990616283467247
182,True,intent,0.007934999247236368,0.9920650007527635
183,False,answer,0.9468158020853535,0.05318419791464641
184,False,answer,0.9467803379557471,0.05321966204425298
185,False,intent,0.01628713640631705,0.9837128635936829
186,False,intent,0.005910766136238309,0.9940892338637619
187,False,intent,0.008067683065273999,0.991932316934726
188,False,intent,0.014543017613527769,0.985456982386472
189,False,answer,0.9467998057869317,0.05320019421306835
190,False,answer,0.9468479143540809,0.05315208564591915
191,False,intent,0.011373477088606738,0.9886265229113933
192,True,answer,0.9167072904732825,0.08329270952671747
193,False,intent,0.01629810369746259,0.9837018963025375
194,False,intent,0.016280700335541805,0.9837192996644585
195,False,intent,0.016279186981487923,0.9837208130185118
196,False,intent,0.01629876900371087,0.9837012309962893
197,False,intent,0.15034154016028417,0.8496584598397159
198,False,intent,0.07648288107286817,0.9235171189271318
199,False,answer,0.9468446595834344,0.05315534041656568
200,False,intent,0.01628419076779608,0.983715809232204
201,False,answer,0.9469289215888961,0.05307107841110396
202,False,intent,0.008650140570283519,0.9913498594297165
203,False,intent,0.015082549939883602,0.9849174500601163
204,False,answer,0.9468565430954688,0.05314345690453108
205,False,intent,0.010382054079942525,0.9896179459200573
206,False,intent,0.003817161201788173,0.9961828387982119
207,False,intent,0.01628522833571702,0.9837147716642829
208,False,intent,0.016281846716315163,0.9837181532836848
209,False,intent,0.028463839973776744,0.9715361600262232
210,False,intent,0.006188981923002568,0.9938110180769975
211,False,intent,0.008485570541276794,0.9915144294587233
212,False,answer,0.9468424865272348,0.05315751347276532
213,False,intent,0.013328807668557137,0.9866711923314428
214,False,intent,0.005299883156609316,0.9947001168433905
215,False,intent,0.016263540420127787,0.9837364595798723
216,False,intent,0.01488952104356864,0.9851104789564314
217,False,intent,0.016288628849177214,0.9837113711508229
218,False,intent,0.017088664095709777,0.9829113359042903
219,False,intent,0.011722027897793783,0.9882779721022061
220,False,intent,0.016278054307620027,0.9837219456923799
221,False,intent,0.016298811310048063,0.9837011886899518
222,False,intent,0.0036847207105150737,0.9963152792894852
223,False,intent,0.004055352243846885,0.9959446477561532
224,False,intent,0.006050379558663978,0.9939496204413364
225,False,intent,0.012946437020141551,0.9870535629798586
226,True,intent,0.006953961730472944,0.9930460382695272
227,False,intent,0.005791357599172345,0.9942086424008276
228,False,intent,1.569591547888294e-05,0.9999843040845211
229,False,intent,0.016268682952378054,0.983731317047622
230,False,intent,0.002636373806960487,0.9973636261930396
231,False,intent,0.008288104713964253,0.9917118952860356
232,False,answer,0.8712351526475445,0.1287648473524555
233,False,intent,0.0057954725879043895,0.9942045274120955
234,False,intent,0.0295825593366483,0.9704174406633517
235,False,intent,0.008507443513964838,0.9914925564860351
236,False,intent,0.013254886890769304,0.9867451131092306
237,False,intent,0.01229604162362082,0.9877039583763793
238,False,intent,0.0034068311309766357,0.9965931688690234
239,False,intent,0.01626429614752726,0.9837357038524727
240,True,intent,0.016278947956391707,0.9837210520436079
241,True,intent,0.0222228242325855,0.9777771757674146
242,True,intent,0.012262865007829847,0.9877371349921701
243,False,intent,0.01627654457067159,0.9837234554293286
244,False,intent,0.033610397515236215,0.9663896024847637
245,True,intent,0.015436668471239612,0.9845633315287604
246,False,intent,0.016301394483451585,0.9836986055165484
247,True,intent,0.006073443900365645,0.9939265560996345
248,True,intent,0.006073443502839681,0.9939265564971604
249,False,intent,0.21137879130921686,0.788621208690783
250,False,intent,0.02618416426463223,0.9738158357353677
251,False,intent,0.011447939082882597,0.9885520609171174
252,False,intent,0.012333148725361495,0.9876668512746385
253,False,intent,0.011421741715865776,0.9885782582841343
254,False,intent,0.00415642815455111,0.9958435718454488
255,False,intent,0.011421741715865776,0.9885782582841343
256,True,intent,0.026793850391179083,0.9732061496088212
257,False,intent,0.004651846670652271,0.9953481533293479
258,False,intent,0.08573593975300217,0.9142640602469979
259,False,intent,0.008243456638572491,0.9917565433614276
260,False,intent,0.00813967331581048,0.9918603266841894
261,True,intent,0.003090748564779095,0.996909251435221
262,False,intent,0.009488519998148173,0.990511480001852
263,False,intent,0.016289355306974562,0.9837106446930255
264,False,intent,0.016280034733227585,0.9837199652667724
265,False,intent,0.01630144360045023,0.9836985563995497
266,False,intent,0.02058263846541504,0.9794173615345849
267,False,intent,0.009158293008768859,0.9908417069912313
268,False,intent,0.006331489509600634,0.9936685104903993
269,False,intent,0.0058799349958914195,0.9941200650041084
270,False,intent,0.006331489509600634,0.9936685104903993
271,False,intent,0.012211232995653118,0.9877887670043469
272,False,intent,0.0035163182044555415,0.9964836817955444
273,True,intent,0.029789102962221665,0.9702108970377784
274,False,intent,2.4759652559965567e-06,0.999997524034744
275,False,intent,0.003364480193370537,0.9966355198066297
276,False,intent,0.009176104357468379,0.9908238956425314
277,False,intent,0.004918004955325338,0.9950819950446749
278,False,intent,0.016273262555759248,0.9837267374442406
279,False,intent,0.1756915456837093,0.824308454316291
280,False,intent,0.009336114052032801,0.9906638859479672
281,False,intent,0.004874836255668486,0.9951251637443316
282,False,intent,0.008952222529982594,0.9910477774700175
283,False,intent,0.006050379558663978,0.9939496204413364
284,False,intent,5.5737333095997435e-06,0.9999944262666904
285,False,intent,0.016278327051461115,0.9837216729485389
286,False,intent,0.021078513866437023,0.9789214861335629
287,False,intent,0.016293513502453838,0.9837064864975461
288,False,intent,0.017818592698807582,0.9821814073011924
289,False,intent,0.002531137135784675,0.9974688628642153
290,False,intent,0.004791056376894149,0.9952089436231057
291,False,intent,0.0554637495011715,0.9445362504988285
292,False,intent,0.016262491667519547,0.9837375083324806
293,False,intent,0.03185198169442544,0.9681480183055746
294,False,intent,0.0030208531516490713,0.9969791468483509
295,False,intent,0.016268377621746728,0.9837316223782533
296,False,intent,0.016306501241443637,0.9836934987585564
297,False,answer,0.902489770779692,0.09751022922030826
298,False,answer,0.946903191437062,0.053096808562938
299,False,intent,3.309388889787857e-06,0.9999966906111102
300,False,intent,0.1494257320426886,0.8505742679573114
301,False,intent,0.025333857670437797,0.9746661423295623
302,False,intent,0.023450257844395157,0.9765497421556046
303,False,intent,0.016256171514491533,0.9837438284855087
304,False,intent,0.010976006449230316,0.9890239935507696
305,True,intent,0.08592581246395958,0.9140741875360403
306,False,intent,0.020167707163119622,0.9798322928368803
307,False,answer,0.8353434528213829,0.164656547178617
308,False,intent,0.0029743363979479304,0.9970256636020522
309,False,intent,0.016291321986711325,0.9837086780132887
310,False,intent,0.008628503901840225,0.9913714960981598
311,False,intent,0.002642021411148271,0.9973579785888518
312,False,intent,5.396987889666434e-06,0.9999946030121103
313,True,intent,0.005725121670705471,0.9942748783292948
314,False,intent,0.016264666986009958,0.9837353330139902
315,False,intent,0.007437092732402921,0.992562907267597
316,False,intent,0.005771430019393438,0.9942285699806066
317,False,intent,0.0155764345798404,0.9844235654201596
318,False,intent,0.016301648245188868,0.9836983517548112
319,False,intent,0.018724372859262494,0.9812756271407376
320,False,intent,0.01628764119986311,0.9837123588001369
321,False,intent,0.008049123064452499,0.9919508769355474
322,False,intent,0.011994496932424964,0.9880055030675751
323,False,intent,0.016276277032619878,0.9837237229673802
324,True,intent,0.01178044784893529,0.9882195521510648
325,False,intent,0.019264250271612705,0.9807357497283874
326,False,intent,0.008237989779591845,0.9917620102204081
327,False,intent,0.008739776210375647,0.9912602237896243
328,False,intent,0.008240549305029895,0.9917594506949701
329,False,intent,0.008945593063250207,0.99105440693675
330,False,intent,0.04559916960357355,0.9544008303964265
331,False,intent,0.020237212566876037,0.979762787433124
332,False,intent,0.008181020857147569,0.9918189791428526
333,False,intent,0.03424933527169875,0.9657506647283013
334,False,intent,0.010885491810642887,0.989114508189357
335,False,intent,0.012732301989478088,0.9872676980105219
336,False,intent,0.01628480275695131,0.9837151972430487
337,False,intent,0.009907136910033825,0.990092863089966
338,False,intent,0.01136250498572687,0.9886374950142731
339,False,intent,0.007551458428698308,0.9924485415713017
340,False,intent,0.008426110570909631,0.9915738894290904
341,False,intent,0.013657837031860675,0.9863421629681391
342,False,intent,0.03464461270370268,0.9653553872962972
343,False,intent,0.010031431963893271,0.9899685680361068
344,False,intent,0.007414010983643526,0.9925859890163563
345,False,intent,0.007336968846163279,0.9926630311538368
346,False,intent,0.027814257222218017,0.972185742777782
347,False,intent,7.959810011459306e-06,0.9999920401899887
348,False,intent,0.01314348431861482,0.9868565156813852
349,False,intent,0.012606081379214429,0.9873939186207857
350,False,intent,0.008103965205676059,0.9918960347943242
351,False,intent,0.0058695754459774825,0.9941304245540226
352,False,intent,2.403387473724873e-06,0.9999975966125263
353,False,intent,0.0076004987723043505,0.9923995012276955
354,False,intent,1.2017711298005896e-06,0.9999987982288702
355,False,answer,0.5805007126373608,0.4194992873626393
356,False,intent,0.01628138029175935,0.9837186197082407
357,False,intent,0.01627656987901974,0.9837234301209802
358,True,intent,0.03194849912562308,0.968051500874377
359,False,intent,0.057231457092340954,0.9427685429076592
360,False,intent,1.4234269125310175e-05,0.9999857657308747
361,False,answer,0.9468455391451766,0.053154460854823414
362,False,intent,0.01628686940536459,0.9837131305946354
363,False,intent,0.01908774164442728,0.9809122583555729
364,True,intent,0.0682663522429492,0.9317336477570509
365,False,intent,0.018710529584238866,0.981289470415761
366,True,intent,0.016705593479903073,0.9832944065200968
367,True,intent,0.03303870772638531,0.9669612922736148
368,False,intent,0.016285808342401474,0.9837141916575983
369,False,intent,0.007839241773439733,0.9921607582265602
370,False,intent,0.007839241773439733,0.9921607582265602
371,False,intent,0.0042345132898509545,0.995765486710149
372,False,intent,0.0028057782660416385,0.9971942217339582
373,False,intent,0.030838879037032783,0.9691611209629671
374,False,intent,0.014223742967965174,0.9857762570320348
375,False,intent,0.03808994125342195,0.961910058746578
376,False,intent,0.03808994125342195,0.961910058746578
377,False,intent,0.0739914246716606,0.9260085753283397
378,False,answer,0.9468332225629621,0.05316677743703784
379,False,intent,0.005318490853120015,0.9946815091468798
380,False,intent,0.014174300211813701,0.985825699788186
381,False,intent,0.011962189531544225,0.9880378104684557
382,False,intent,0.016273611544237575,0.9837263884557624
383,False,intent,0.006613327692867012,0.9933866723071332
384,False,intent,0.016270599699813326,0.9837294003001866
385,False,intent,0.0162574662094521,0.9837425337905478
386,False,intent,0.01630485814876702,0.983695141851233
387,False,intent,0.049145566071805286,0.9508544339281948
388,False,intent,0.01627610649242255,0.9837238935075774
389,False,intent,0.013375821549031618,0.9866241784509683
390,True,intent,0.006050379558663978,0.9939496204413364
391,False,intent,0.006050379558663978,0.9939496204413364
392,False,intent,0.00555807507933953,0.9944419249206604
393,False,intent,0.014388838559867154,0.9856111614401329
394,False,intent,0.011870685062780216,0.9881293149372199
395,True,answer,0.5696823332393451,0.43031766676065497
396,False,answer,0.6908203552813553,0.30917964471864473
397,False,answer,0.946924887691898,0.05307511230810206
398,False,answer,0.9468696171993722,0.0531303828006277
399,False,intent,0.016292363931996665,0.9837076360680034
400,False,intent,0.016292363931996665,0.9837076360680034
401,True,intent,0.01284033896206228,0.9871596610379377
402,False,intent,0.015101511026584033,0.9848984889734159
403,False,intent,0.013079734246102512,0.9869202657538976
404,False,intent,0.013079734246102512,0.9869202657538976
405,False,intent,0.008983427356468083,0.9910165726435317
406,False,answer,0.3555264418774112,0.6444735581225888
407,False,intent,0.006057532975726863,0.9939424670242732
408,True,intent,0.31795564723442443,0.6820443527655754
409,False,intent,1.9452193193505686e-06,0.9999980547806806
410,False,intent,0.0081793754920028,0.9918206245079974
411,True,intent,0.006953961730472944,0.9930460382695272
412,True,intent,0.06017560599135729,0.9398243940086427
413,False,intent,0.01626146331023016,0.9837385366897698
414,False,intent,0.002886161076156296,0.9971138389238438
415,False,intent,0.016266472914743663,0.9837335270852562
416,False,intent,1.281091754711643e-05,0.9999871890824529
417,False,intent,0.016291168679935505,0.9837088313200645
418,False,intent,1.2810912550803017e-05,0.9999871890874492
419,False,intent,1.2810912550803017e-05,0.9999871890874492
420,False,intent,0.016283823622328653,0.9837161763776713
421,False,intent,0.007896505862151076,0.9921034941378488
422,False,intent,0.004827859857752042,0.995172140142248
423,False,intent,0.010190244862844092,0.989809755137156
424,False,intent,0.016307296524394506,0.9836927034756052
425,False,intent,0.006050379558663978,0.9939496204413364
426,False,intent,0.011234387248188324,0.9887656127518116
427,False,intent,0.01628664928221735,0.9837133507177827
428,False,intent,0.011827228784315386,0.9881727712156847
429,False,intent,0.016274681792403958,0.9837253182075959
430,False,answer,0.9522717428130797,0.04772825718692041
431,False,answer,0.9467957216112851,0.05320427838871498
432,False,answer,0.9467957216112851,0.05320427838871498
433,False,intent,0.00760050564091873,0.9923994943590811
434,False,intent,0.04457184542044729,0.9554281545795527
435,False,intent,0.006070457516718649,0.9939295424832812
436,False,answer,0.946868663589641,0.05313133641035911
437,False,intent,0.0162785188978199,0.9837214811021803
438,False,intent,0.005311954808562506,0.9946880451914374
439,False,intent,0.012322390075860416,0.9876776099241393
440,False,intent,0.006830939485316396,0.9931690605146838
441,True,intent,0.08682572538821608,0.913174274611784
442,False,intent,0.2595864984214827,0.7404135015785174
443,False,answer,0.9468631575928665,0.05313684240713335
444,False,intent,1.5559813887997783e-05,0.999984440186112
445,True,intent,0.006070457516718649,0.9939295424832812
446,True,answer,0.493893917259069,0.5061060827409309
447,False,intent,0.0055831103698831515,0.994416889630117
448,False,intent,0.0287071686726229,0.9712928313273771
449,False,answer,0.9468859573744531,0.05311404262554675
450,False,answer,0.957841394693619,0.04215860530638106
451,False,answer,0.9468081595856295,0.05319184041437042
452,False,intent,0.016273623976379045,0.9837263760236207
453,True,intent,0.01065649832015852,0.9893435016798416
454,False,intent,0.01627957852982021,0.9837204214701796
455,False,intent,0.0038113776512879115,0.9961886223487119
456,False,intent,0.0162929423580714,0.9837070576419286
457,False,answer,0.9468720113305555,0.05312798866944446
458,False,intent,0.011468121535170508,0.9885318784648295
459,False,intent,0.009357978825723257,0.9906420211742768
460,False,intent,0.08837107474050986,0.9116289252594902
461,False,answer,0.9468383446594506,0.05316165534054927
462,False,intent,0.06396147714353786,0.9360385228564622
463,False,intent,0.19949173493943623,0.8005082650605637
464,True,intent,1.5283896102080654e-05,0.9999847161038978
465,False,intent,0.006953961730472944,0.9930460382695272
466,False,intent,0.005238530338886291,0.9947614696611137
467,False,answer,0.9468347558264355,0.0531652441735645
468,False,answer,0.9296357081943559,0.07036429180564405
469,True,intent,0.0589140423261096,0.9410859576738901
470,False,intent,0.016274681792403958,0.9837253182075959
471,True,intent,0.020478753023428317,0.9795212469765717
472,False,intent,0.01628576569250512,0.9837142343074949
473,False,intent,0.06590282548147444,0.9340971745185255
474,False,intent,0.016297865886860344,0.9837021341131398
475,True,intent,0.004279449071849302,0.9957205509281507
476,False,intent,0.004978685811461012,0.9950213141885389
477,False,intent,0.01804825418258775,0.9819517458174121
478,True,intent,0.026380148191300634,0.9736198518086994
479,False,intent,0.09908802062057959,0.9009119793794202
480,False,intent,0.016288627882497006,0.9837113721175029
481,False,intent,0.008049530757900302,0.9919504692420997
482,False,intent,1.1695207352507498e-05,0.9999883047926476
483,False,intent,0.012865094625310117,0.9871349053746898
484,False,intent,0.018719118110201875,0.9812808818897982
485,True,intent,0.018719109819968976,0.981280890180031
486,False,intent,0.007603399115951798,0.9923966008840481
487,False,intent,0.016265567255474078,0.9837344327445259
488,True,intent,0.006050379558663978,0.9939496204413364
489,False,intent,0.008521228267565713,0.991478771732434
490,False,intent,0.007392164559346452,0.9926078354406535
491,False,intent,0.02319802221289034,0.9768019777871096
492,False,intent,0.019251715705435487,0.9807482842945645
493,False,intent,0.009115904445109157,0.9908840955548907
494,False,intent,0.021061246435842666,0.9789387535641572
495,False,intent,0.016263837071211946,0.983736162928788
496,False,answer,0.9468049189217819,0.05319508107821812
497,False,intent,0.016270307196706937,0.9837296928032931
498,True,intent,0.018170143467612747,0.9818298565323872
499,True,intent,0.007591781457560467,0.9924082185424395
500,False,intent,0.00734021575813449,0.9926597842418656
501,False,intent,0.007591799478803431,0.9924082005211965
502,False,intent,0.006587904627297654,0.9934120953727023
503,False,intent,0.0032321729452265387,0.9967678270547734
504,False,intent,0.020431058727810335,0.9795689412721896
505,False,intent,0.009152221073355653,0.9908477789266444
506,True,intent,0.041165824232810115,0.95883417576719
507,False,intent,0.011468099391445464,0.9885319006085547
508,True,intent,0.010075527911779745,0.9899244720882204
509,False,intent,0.016262484724692394,0.9837375152753076
510,False,intent,0.015157847791617279,0.9848421522083824
511,False,intent,0.016275691492352126,0.9837243085076478
512,True,intent,0.02381231008310854,0.9761876899168914
513,False,intent,0.030409161466149442,0.9695908385338504
514,False,intent,0.0626183672127,0.9373816327873001
515,False,answer,0.9468544029752932,0.053145597024706906
516,False,answer,0.9468983626525521,0.05310163734744797
517,False,intent,0.016288007440420364,0.9837119925595796
518,True,intent,0.015035114474739162,0.9849648855252606
519,False,intent,0.016288627882497006,0.9837113721175029
520,False,intent,0.01174050382593052,0.9882594961740695
521,False,intent,0.004143419489448527,0.9958565805105516
522,True,intent,1.7048555836895665e-05,0.9999829514441632
523,False,intent,0.004884852568699045,0.995115147431301
524,False,intent,0.004884852568699045,0.995115147431301
525,False,intent,0.002847728439223795,0.9971522715607762
526,False,intent,0.007767587457811083,0.992232412542189
527,False,intent,0.004701403851687091,0.9952985961483128
528,False,intent,0.008576541045790155,0.9914234589542099
529,False,intent,0.005678266147353179,0.9943217338526469
530,False,intent,0.015338721281253345,0.9846612787187468
531,True,intent,0.12648014232532317,0.8735198576746769
532,True,intent,0.0066630606791234686,0.9933369393208765
533,False,intent,0.028753882784055385,0.9712461172159447
534,False,intent,0.01628219655775593,0.9837178034422442
535,True,intent,0.014855825536745476,0.9851441744632544
536,False,intent,0.003592225224291776,0.996407774775708
537,False,answer,0.9468523332101921,0.05314766678980776
538,False,answer,0.9468367819301747,0.05316321806982529
539,False,intent,0.016270195670972067,0.983729804329028
540,True,intent,0.018252016392321165,0.9817479836076789
541,False,intent,0.016268473041616004,0.9837315269583841
542,False,intent,0.010208210056825125,0.9897917899431748
543,False,intent,0.016276411059170045,0.9837235889408299
544,False,intent,0.013164940826102664,0.9868350591738975
545,False,intent,0.010874226557266001,0.9891257734427342
546,False,intent,0.010874226557266001,0.9891257734427342
547,False,intent,0.010537042811065891,0.9894629571889341
548,False,intent,0.19910196320644993,0.80089803679355
549,False,intent,0.023454960672600077,0.9765450393273999
550,False,intent,0.007446685298695808,0.9925533147013043
551,False,intent,0.02421778413004789,0.9757822158699522
552,False,intent,0.015479180482406747,0.9845208195175933
553,False,answer,0.9468863241326764,0.05311367586732352
554,False,intent,0.01627203145684914,0.9837279685431509
555,False,intent,0.020377495158158798,0.9796225048418412
556,False,intent,0.016281674125491953,0.9837183258745081
557,False,intent,0.00924452388144473,0.9907554761185555
558,False,intent,0.016282426922194504,0.9837175730778055
559,False,intent,0.01614122551797788,0.9838587744820219
560,False,intent,0.0162620013924485,0.9837379986075515
561,False,intent,0.0059080021997112925,0.9940919978002887
562,False,answer,0.9468863241326764,0.05311367586732352
563,False,intent,0.054327958651454816,0.9456720413485451
564,False,intent,0.016273657551606275,0.9837263424483939
565,False,intent,0.034041197865350745,0.9659588021346494
566,False,intent,0.02029520910363718,0.9797047908963628
567,False,intent,0.024781422209280264,0.9752185777907197
568,True,intent,0.006293667051583839,0.9937063329484164
569,False,intent,0.14745021446792234,0.8525497855320777
570,False,intent,0.03929695965668986,0.9607030403433102
571,False,intent,0.003717060224006485,0.9962829397759935
572,False,intent,0.006293667051583839,0.9937063329484164
573,False,intent,6.560498436467578e-06,0.9999934395015636
574,False,answer,0.9468455391451766,0.053154460854823414
575,True,intent,0.05072360232088825,0.9492763976791118
576,False,answer,0.9468455391451766,0.053154460854823414
577,True,intent,0.014853677276297078,0.9851463227237026
578,False,intent,0.01629914458098635,0.9837008554190136
579,False,intent,0.016283224424123627,0.9837167755758763
580,False,intent,0.07398349166738143,0.9260165083326185
581,True,intent,0.006704216416464872,0.9932957835835352
582,False,intent,0.013632005947891693,0.9863679940521085
583,False,intent,0.01628027291803122,0.9837197270819689
584,False,intent,0.011821350620549585,0.9881786493794502
585,False,intent,0.06099529523086254,0.9390047047691376
586,False,intent,0.014549054051735682,0.9854509459482643
587,False,intent,0.044098195775053826,0.9559018042249462
588,False,answer,0.9467613790724846,0.05323862092751524
589,False,answer,0.9468103394464621,0.05318966055353778
590,False,intent,0.025590741385037516,0.9744092586149625
591,False,answer,0.946856948080001,0.053143051919999025
592,False,answer,0.946861816387248,0.05313818361275202
593,False,intent,0.015476466559774766,0.9845235334402253
594,False,intent,0.015476466559774766,0.9845235334402253
595,False,intent,0.01629723873011228,0.9837027612698878
596,False,intent,1.3958367838646906e-05,0.9999860416321614
597,False,intent,0.01129453203350882,0.9887054679664913
598,False,intent,0.028504461181522292,0.9714955388184777
599,False,intent,0.016268053886573357,0.9837319461134266
600,False,intent,0.0242444780222836,0.9757555219777163
601,False,intent,0.006369238696654104,0.9936307613033459
602,False,intent,0.004048475714730048,0.9959515242852699
603,False,intent,0.007451549583165293,0.9925484504168348
604,False,intent,0.014933390194695792,0.9850666098053044
605,False,answer,0.9468300798706288,0.05316992012937109
606,False,answer,0.9468300798706288,0.05316992012937109
607,False,intent,0.016304068136589852,0.9836959318634102
608,False,answer,0.946917225911068,0.0530827740889321
609,False,intent,0.010596382504066868,0.9894036174959332
610,False,intent,0.01630865804915467,0.9836913419508453
611,False,intent,0.005892726960207356,0.9941072730397926
612,False,intent,0.016298205388686784,0.9837017946113132
613,False,intent,0.016302447857934412,0.9836975521420657
614,False,intent,0.016301209417939784,0.9836987905820603
615,True,intent,0.02129774846141349,0.9787022515385865
616,False,intent,0.03658779402064883,0.9634122059793511
617,False,intent,0.04991420942764515,0.9500857905723549
618,False,intent,0.006050379558663978,0.9939496204413364
619,False,intent,0.02834372538264124,0.9716562746173587
620,False,answer,0.9469031757600602,0.05309682423993978
621,False,answer,0.9469019758056949,0.05309802419430508
622,False,intent,0.01021851045644951,0.9897814895435504
623,False,intent,4.180524928632507e-06,0.9999958194750713
624,False,intent,1.688056918619173e-05,0.9999831194308137
625,False,intent,0.024159999568673946,0.9758400004313261
626,False,intent,0.005749501524678937,0.9942504984753212
627,False,intent,0.016291004154988686,0.9837089958450115
628,False,intent,0.007138972380539933,0.9928610276194602
629,False,answer,0.9468648486893815,0.05313515131061856
630,False,intent,0.016273987132100206,0.9837260128678996
631,False,intent,0.02041449442921071,0.9795855055707894
632,False,answer,0.9468929724805196,0.05310702751948044
633,False,answer,0.9468125650583629,0.05318743494163705
634,False,answer,0.9468631575928665,0.05313684240713335
635,False,answer,0.9468125650583629,0.05318743494163705
636,False,intent,0.011131787007452541,0.9888682129925473
637,False,intent,0.021815486934043535,0.9781845130659564
638,False,intent,0.01256117747861239,0.9874388225213877
639,False,intent,0.016277164379363072,0.9837228356206371
640,False,intent,0.015476466559774766,0.9845235334402253
641,False,intent,5.848425207835653e-06,0.9999941515747922
642,False,intent,0.009155014114695161,0.9908449858853049
643,False,answer,0.35471529067607876,0.6452847093239213
644,False,answer,0.9468792805923942,0.05312071940760578
645,False,answer,0.9468264445354281,0.05317355546457185
646,False,answer,0.9468674848333086,0.053132515166691374
647,False,intent,0.016540907122481092,0.9834590928775191
648,False,intent,0.033346139939126385,0.9666538600608737
649,False,intent,0.013801794123372572,0.9861982058766273
650,False,intent,0.013801794123372572,0.9861982058766273
651,False,intent,0.016265947888471174,0.9837340521115288
652,False,intent,0.005683035054170323,0.9943169649458298
653,False,intent,0.01629030851400006,0.9837096914860001
654,False,intent,0.002592625492090348,0.9974073745079097
655,False,intent,0.016281846716315163,0.9837181532836848
656,False,intent,0.011976264530822888,0.988023735469177
657,False,intent,0.01897427231144541,0.9810257276885546
658,False,answer,0.9467877900759686,0.053212209924031445
659,False,answer,0.9467909381239338,0.053209061876066374
660,False,answer,0.9468258589062125,0.05317414109378751
661,True,answer,0.9128121013744841,0.08718789862551592
662,False,answer,0.946823456559513,0.053176543440486876
663,False,answer,0.9476256216671195,0.05237437833288057
664,False,answer,0.9468607983197347,0.05313920168026533
665,False,intent,0.016298011370617017,0.9837019886293831
666,False,answer,0.9468269473792662,0.05317305262073387
667,False,answer,0.9473598681778481,0.05264013182215192
668,False,intent,0.00574155092267955,0.9942584490773202
669,False,intent,0.016295069619606934,0.983704930380393
670,False,intent,7.8580474774443e-06,0.9999921419525225
671,False,answer,0.9468565278207683,0.05314347217923174
672,False,answer,0.9468565278207683,0.05314347217923174
673,False,intent,0.021358044882276873,0.9786419551177232
674,False,answer,0.946779218752206,0.05322078124779386
675,True,intent,0.008081961983240056,0.9919180380167599
676,False,intent,0.018819584305290227,0.98118041569471
677,False,intent,0.01629423466739412,0.9837057653326057
678,True,intent,0.003842861351187506,0.9961571386488125
679,False,intent,0.016007354691368325,0.9839926453086316
680,False,intent,0.0040745442586178765,0.9959254557413822
681,False,intent,0.017513110955592166,0.9824868890444078
682,False,intent,0.014572287140748852,0.9854277128592511
683,False,intent,0.013614379652650896,0.9863856203473493
684,True,intent,1.0199272258747279e-05,0.9999898007277412
685,False,intent,0.0064970201731543616,0.9935029798268457
686,False,intent,0.02470120988737637,0.9752987901126237
687,False,intent,0.011042000435106952,0.988957999564893
688,False,intent,0.01630748864294281,0.9836925113570574
689,False,intent,0.007281691791171339,0.9927183082088287
690,False,intent,0.016262697686448727,0.9837373023135514
691,False,intent,0.016262697686448727,0.9837373023135514
692,False,intent,0.016273987132100206,0.9837260128678996
693,False,intent,0.016279487591094568,0.9837205124089052
694,False,intent,0.0489844489007414,0.9510155510992587
695,False,intent,0.015454615344158172,0.9845453846558418
696,False,intent,0.0077734635057992345,0.9922265364942008
697,False,intent,0.014598586551892629,0.9854014134481076
698,False,intent,0.007367556998231947,0.992632443001768
699,False,intent,0.006934726328548865,0.9930652736714511
700,False,answer,0.9468992746649696,0.05310072533503052
701,False,intent,0.015963043147790262,0.9840369568522099
702,False,intent,0.007401510781048165,0.9925984892189518
703,False,intent,0.016458649376256806,0.9835413506237433
704,False,intent,0.016271181315318534,0.9837288186846814
705,True,intent,0.0033141010081064433,0.9966858989918939
706,False,intent,0.016263495093481392,0.9837365049065186
707,False,intent,0.016289606213593058,0.9837103937864068
708,False,intent,0.012160846512570017,0.9878391534874299
709,False,intent,0.014848881189281423,0.9851511188107187
710,False,intent,0.006953961730472944,0.9930460382695272
711,False,answer,0.9468370666863009,0.05316293331369917
712,False,intent,0.01629414149376555,0.9837058585062345
713,False,answer,0.9467987433630514,0.05320125663694865
714,False,intent,0.010352040478550041,0.98964795952145
715,True,answer,0.4012208680781658,0.5987791319218343
716,False,answer,0.9015435376456521,0.09845646235434781
717,True,intent,0.0295825593366483,0.9704174406633517
718,False,answer,0.9468371835092567,0.053162816490743225
719,False,answer,0.9468865310310587,0.05311346896894123
720,True,intent,0.015157847791617279,0.9848421522083824
721,False,answer,0.9468434055459234,0.053156594454076465
722,False,intent,0.016278947956391707,0.9837210520436079
723,False,answer,0.9469000822246011,0.053099917775398874
724,False,intent,0.016294166892115027,0.983705833107885
725,False,intent,0.002974336649002697,0.9970256633509975
726,False,intent,0.004964491186612099,0.9950355088133881
727,False,intent,0.006867356356336131,0.9931326436436639
728,False,intent,0.010504078490495079,0.9894959215095049
729,False,intent,0.01628382278326385,0.9837161772167362
730,False,intent,0.015073894834672901,0.9849261051653271
731,False,intent,0.01629622498614014,0.9837037750138599
732,False,intent,0.011552723963554263,0.9884472760364458
733,False,intent,0.005387423513225806,0.9946125764867741
734,False,intent,0.016270222945841552,0.9837297770541585
735,False,intent,0.032817307389853875,0.967182692610146
736,False,intent,0.004379714242351383,0.9956202857576485
737,False,intent,0.01628845269006753,0.9837115473099327
738,False,intent,0.08970148458229765,0.9102985154177022
739,False,intent,0.16828520410562695,0.8317147958943729
740,False,intent,0.015157854398695016,0.9848421456013052
741,False,intent,0.00813967331581048,0.9918603266841894
742,False,intent,0.013578540432191413,0.9864214595678086
743,False,intent,0.0040495188155103504,0.9959504811844895
744,False,answer,0.9590285178404367,0.04097148215956329
745,False,answer,0.9468511520149068,0.05314884798509319
746,False,answer,0.9469201182945873,0.053079881705412627
747,False,answer,0.946903696971432,0.05309630302856814
748,True,intent,0.03889981133186981,0.9611001886681302
749,False,intent,0.004544760869811461,0.9954552391301885
750,False,answer,0.9468719924853891,0.053128007514610776
751,True,answer,0.9391903969916582,0.06080960300834176
752,False,intent,0.009589303758890137,0.9904106962411098
753,False,intent,0.02677108115374174,0.9732289188462584
754,False,intent,0.016295454803768834,0.9837045451962311
755,False,intent,0.03749398998706482,0.962506010012935
756,False,intent,0.21477748674835576,0.7852225132516443
757,False,answer,0.946830661834075,0.05316933816592505
758,False,intent,0.011651875204071058,0.9883481247959289
759,False,intent,0.0026363764267053405,0.9973636235732949
760,False,intent,1.524251874579633e-05,0.9999847574812541
761,False,answer,0.5,0.5
762,False,intent,0.051281449613631805,0.948718550386368
763,False,answer,0.96766542156161,0.03233457843839015
764,False,answer,0.9468543078482117,0.05314569215178833
765,False,intent,0.012638534148038784,0.9873614658519612
766,False,intent,0.015359923521142557,0.9846400764788575
767,False,intent,0.009666018274600102,0.9903339817254
768,False,intent,0.016258706677182804,0.9837412933228171
769,False,intent,0.016295453127151242,0.9837045468728487
770,False,intent,0.010448842501632638,0.9895511574983673
771,False,intent,0.003726582371714097,0.996273417628286
772,False,intent,1.4234262699662433e-05,0.9999857657373004
773,False,intent,0.010838654005269625,0.9891613459947304
774,False,intent,0.016288627882497006,0.9837113721175029
775,False,intent,1.9000558707750865e-05,0.9999809994412924
776,False,intent,0.003364113222451287,0.9966358867775489
777,False,intent,0.01628424939583642,0.9837157506041636
778,False,intent,0.012831748886503137,0.9871682511134969
779,False,intent,0.016281520673202293,0.9837184793267977
780,False,intent,0.0026713093736323488,0.9973286906263676
781,False,intent,0.0038746205652922523,0.996125379434708
782,False,answer,0.9468246727537957,0.05317532724620442
783,False,intent,0.016264076576278985,0.983735923423721
784,False,intent,0.02478141275439134,0.9752185872456086
785,True,intent,0.013935301091012767,0.9860646989089875
786,False,intent,0.016264076576278985,0.983735923423721
787,False,intent,0.01340123661179903,0.9865987633882011
788,False,intent,0.010976006449230316,0.9890239935507696
789,True,intent,0.06524358407837667,0.9347564159216233
790,False,intent,0.021528204511757264,0.9784717954882429
791,False,intent,0.007703005732485052,0.992296994267515
792,False,intent,0.016301097332295518,0.9836989026677047
793,False,intent,0.016280030558059173,0.9837199694419407
794,False,intent,0.0028353686291724862,0.9971646313708277
795,False,intent,1.4784836550254613e-05,0.9999852151634496
796,True,intent,0.015157847791617279,0.9848421522083824
797,False,intent,0.004152174029447952,0.9958478259705522
798,False,intent,0.17179052298387293,0.8282094770161272
799,True,intent,0.018648621122950366,0.9813513788770498
800,False,intent,0.016281675160000505,0.9837183248399994
801,False,intent,0.016267871442498427,0.9837321285575015
802,False,intent,0.016289555767736316,0.9837104442322638
803,False,intent,0.008054114130942038,0.9919458858690581
804,False,intent,0.007725799521476884,0.9922742004785231
805,False,intent,0.016267902248620122,0.9837320977513799
806,True,intent,0.1367611479087131,0.8632388520912869
807,True,intent,0.03712138765195622,0.9628786123480436
808,False,intent,0.008462158484487614,0.9915378415155124
809,False,intent,0.009944767191066742,0.9900552328089333
810,True,intent,0.007620348555248299,0.9923796514447518
811,False,intent,0.004176002587268684,0.9958239974127314
812,False,intent,0.01630399260743396,0.983696007392566
813,True,intent,0.025233480417981864,0.9747665195820181
814,False,intent,0.016264911835337993,0.9837350881646619
815,False,intent,0.014841624218598247,0.9851583757814018
816,False,intent,0.006740207784576996,0.9932597922154229
817,False,intent,1.4012897898979505e-05,0.9999859871021011
818,False,intent,0.0107096842691425,0.9892903157308574
819,False,intent,0.007392946674784292,0.9926070533252156
820,False,intent,0.032170164282068904,0.9678298357179308
821,False,intent,0.01500834084961635,0.9849916591503837
822,False,intent,0.01628797463673627,0.9837120253632637
823,False,intent,0.051719455322691205,0.9482805446773089
824,False,answer,0.9468054758670483,0.053194524132951816
825,True,intent,0.024911571541673547,0.9750884284583264
826,False,intent,0.01628775497020269,0.9837122450297974
827,False,intent,0.024911571541673547,0.9750884284583264
828,False,intent,0.003110053223985303,0.9968899467760145
829,False,intent,3.7889702229056517e-06,0.9999962110297771
830,False,intent,0.019301392353748618,0.9806986076462516
831,False,intent,0.003175861047247706,0.9968241389527523
832,False,answer,0.951085643591439,0.048914356408561094
833,False,intent,0.16911531264576207,0.830884687354238
834,False,intent,0.008183145048087639,0.9918168549519124
835,False,intent,0.0025627014542612655,0.9974372985457388
836,True,intent,0.004849174080098775,0.9951508259199013
837,False,intent,0.006842186270829811,0.99315781372917
838,False,intent,0.03093576299810096,0.9690642370018989
839,False,intent,0.006898325390757131,0.9931016746092427
840,False,answer,0.9468643695270037,0.05313563047299639
841,False,intent,0.006050379558663978,0.9939496204413364
842,False,intent,0.01497806729757982,0.9850219327024201
843,True,intent,0.005094431351007006,0.9949055686489932
844,False,intent,0.0314234001098042,0.9685765998901958
845,False,intent,0.008968686565794743,0.991031313434205
846,False,intent,5.641880931991725e-06,0.999994358119068
847,True,intent,0.007646269668092447,0.9923537303319075
848,False,intent,0.018879198927563203,0.9811208010724369
849,False,intent,0.05512860349514343,0.9448713965048564
850,False,answer,0.9468182573944152,0.05318174260558489
851,False,intent,0.005855704177898869,0.9941442958221013
852,False,intent,1.2065472026186623e-05,0.9999879345279739
853,False,intent,0.016273996380155607,0.9837260036198445
854,False,intent,0.0034200072015775455,0.9965799927984225
855,False,intent,0.015359923521142557,0.9846400764788575
856,False,intent,0.015359923521142557,0.9846400764788575
857,False,intent,1.1548927445203178e-05,0.9999884510725547
858,False,intent,0.007707667962059701,0.9922923320379403
859,False,intent,6.852465210942093e-06,0.9999931475347891
860,False,intent,0.005192537005207002,0.9948074629947931
861,False,intent,0.012442193585660576,0.9875578064143393
862,False,intent,0.006042567232551327,0.9939574327674487
863,False,intent,0.016274287519216078,0.9837257124807839
864,False,intent,0.016273481448859956,0.9837265185511401
865,False,intent,0.003987880999431383,0.9960121190005686
866,False,intent,0.00655106398713501,0.9934489360128651
867,False,answer,0.8831764288964953,0.11682357110350475
868,False,intent,0.016273650468105885,0.983726349531894
869,True,intent,0.0038558780884022587,0.996144121911598
870,False,intent,0.016289740059555906,0.983710259940444
871,False,intent,0.02435814544099399,0.9756418545590061
872,False,answer,0.9698649908152722,0.03013500918472787
873,False,answer,0.9469155836556166,0.053084416344383434
874,False,answer,0.9468909475418665,0.053109052458133466
875,False,answer,0.9770919228604681,0.022908077139531968
876,False,answer,0.9701901712654977,0.02980982873450224
877,False,answer,0.9625800669931192,0.03741993300688102
878,False,answer,0.9669130556736218,0.033086944326378126
879,False,answer,0.9784557026871764,0.021544297312823715
880,False,answer,0.4637959740526178,0.5362040259473821
881,False,answer,0.9784557026871764,0.021544297312823715
882,False,answer,0.975273886600591,0.02472611339940892
883,False,answer,0.9784557026871764,0.021544297312823715
884,False,answer,0.9784557026871764,0.021544297312823715
885,False,answer,0.975273886600591,0.02472611339940892
886,False,answer,0.946839536660716,0.05316046333928397
887,False,answer,0.9727049650778288,0.027295034922171106
888,False,answer,0.9725497686423662,0.027450231357633793
889,False,answer,0.9468875875568379,0.0531124124431622
890,False,answer,0.9468934065896857,0.05310659341031424
891,False,intent,0.016288150778900695,0.9837118492210991
892,False,intent,0.016260885546729626,0.9837391144532704
893,False,intent,0.01627721513462268,0.9837227848653772
894,False,intent,0.009009623418550673,0.9909903765814492
895,False,intent,0.005343358010746667,0.9946566419892534
896,False,intent,0.01628850507776891,0.983711494922231
897,False,intent,0.016310312924473158,0.9836896870755268
898,False,answer,0.94680813976104,0.05319186023896003
899,False,intent,0.016280892637011057,0.983719107362989
900,False,intent,0.01628236628148367,0.9837176337185163
901,False,intent,0.008853232307617032,0.991146767692383
902,False,intent,0.016736831017883504,0.9832631689821165
903,False,intent,0.014153963145652104,0.985846036854348
904,False,intent,0.005747182944421592,0.9942528170555784
905,False,intent,1.0789090616005926e-05,0.999989210909384
906,False,intent,0.009198253108417462,0.9908017468915825
907,False,intent,0.0526767313313035,0.9473232686686965
908,False,intent,0.006201498042973626,0.9937985019570262
909,False,intent,1.0245909741931408e-05,0.999989754090258
910,False,intent,0.01630304461131674,0.9836969553886831
911,False,intent,1.878801239092443e-05,0.999981211987609
912,False,intent,0.02056396723352339,0.9794360327664766
913,False,answer,0.9469216283110466,0.05307837168895326
914,False,intent,0.014837265567590012,0.9851627344324099
915,False,intent,0.014105474037944443,0.9858945259620555
916,False,intent,0.003101075676185748,0.9968989243238142
917,True,intent,0.004668180257225466,0.9953318197427746
918,False,intent,0.005029810891927317,0.9949701891080729
919,False,intent,0.004223522193158844,0.9957764778068412
920,False,intent,0.008754878935604584,0.9912451210643956
921,False,intent,0.10283901054635722,0.8971609894536429
922,False,intent,0.012242556261162421,0.9877574437388376
923,False,intent,0.03742332042793718,0.9625766795720628
924,False,intent,0.0870131246661822,0.9129868753338176
925,False,answer,0.9468719924853891,0.053128007514610776
926,False,answer,0.9468439966548069,0.05315600334519298
927,False,intent,0.00998637898231765,0.9900136210176824
928,False,intent,0.012907419591488124,0.9870925804085118
929,False,intent,0.006565382588578513,0.9934346174114217
930,False,intent,0.006455910979189871,0.9935440890208104
931,False,intent,0.0035672224513176383,0.9964327775486824
932,True,intent,0.01287368712428144,0.9871263128757186
933,False,answer,0.9468530278546257,0.053146972145374345
934,False,answer,0.9468530278546257,0.053146972145374345
935,False,intent,1.4234286734025854e-05,0.9999857657132659
936,False,answer,0.9468322087230318,0.05316779127696815
937,True,answer,0.887205217650718,0.11279478234928213
938,False,intent,0.03157933678313126,0.9684206632168685
939,False,intent,0.007450645067113984,0.9925493549328859
940,False,intent,0.016282788529970522,0.9837172114700292
941,False,intent,0.009862002130951278,0.9901379978690487
942,False,intent,0.007206973552905974,0.9927930264470941
943,False,intent,0.005842221083678494,0.9941577789163215
944,False,intent,0.003343328762784199,0.9966566712372158
945,False,intent,0.22570955935586037,0.7742904406441398
946,False,intent,0.01627103205208357,0.9837289679479165
947,True,intent,0.024427820576462905,0.9755721794235371
948,False,intent,0.017986087400979282,0.9820139125990207
949,False,intent,0.0028918455022031884,0.9971081544977966
950,False,intent,0.04560909228375163,0.9543909077162485
951,False,intent,0.01625533652139753,0.9837446634786022
952,False,answer,0.946834899705795,0.053165100294204966
953,True,answer,0.8098725538218596,0.1901274461781404
954,False,answer,0.9468766954960185,0.053123304503981485
955,False,intent,0.03321085474819895,0.9667891452518012
956,False,intent,0.006294256432297458,0.9937057435677026
