,Planet Name,Noise Estimate 3.9-7.8um,Full Phase Curve Noise Estimate 3.9-7.8um
0,TOI-5704b,3.2046560713155835e-05,1.0019163957261467e-05
1,TOI-672b,3.8601854743761174e-05,1.2272248888960845e-05
2,TOI-199b,3.099715855320342e-05,1.931103734710375e-06
3,WASP-176b,5.390455893835148e-05,2.0296614749011706e-05
4,TOI-1801b,1.70649627508317e-05,3.2809331495912045e-06
5,TOI-836c,1.2860069939951597e-05,2.402164128736933e-06
6,TOI-3807b,9.098566232515322e-05,2.42917161659309e-05
7,TOI-4087b,6.45547845095556e-05,2.092435727953744e-05
8,TOI-2818b,5.545762181179992e-05,1.7996894615578918e-05
9,TOI-3235b,9.833012423693101e-05,2.5376759294598305e-05
10,TOI-4463Ab,5.155617874024992e-05,1.4054127996500957e-05
11,TOI-3785b,7.150944542686405e-05,1.4911150850525957e-05
12,WASP-124b,0.00011268570983484915,3.3233702304812916e-05
13,WASP-25b,6.199887282358868e-05,1.9398158186867108e-05
14,LHS1140c,4.5485557555255257e-05,8.523833911531699e-06
15,TOI-1199b,4.037297269012759e-05,1.2775585265585416e-05
16,TOI-1273b,3.9462535376899154e-05,1.123562314862338e-05
17,TOI-5803b,2.7892637686861134e-05,7.408172704096506e-06
18,TOI-3819b,9.112126078008139e-05,2.8338028431551186e-05
19,TOI-4791b,5.241396546168625e-05,1.561152823059046e-05
20,TOI-4377b,3.3358173718388966e-05,9.745589468950127e-06
21,Wolf327b,2.2654154501401558e-05,1.4611949538652556e-05
22,HD118203b,1.073303813316782e-05,2.6818670478412055e-06
23,TOI-1470b,5.5619221517318544e-05,1.3571990545706395e-05
24,V1298Taub,1.5189066776494592e-05,2.7245018297535316e-06
25,TOI-2109b,3.336520557346823e-05,2.0511503792647343e-05
26,K2-138g,4.7968590622763207e-05,5.665740570738999e-06
27,K2-141c,2.4690713828623587e-05,5.52570679004082e-06
28,TRAPPIST-1b,9.179333538897643e-05,1.9978016922376136e-05
29,TRAPPIST-1e,7.38193842054647e-05,1.0091498571752597e-05
30,TRAPPIST-1f,6.951327423841531e-05,8.23348440451148e-06
31,TRAPPIST-1g,6.673722653086714e-05,7.117609107355513e-06
32,GJ3473b,4.784422545355276e-05,1.4367926466599378e-05
33,TOI-2202b,7.52609988551507e-05,1.3705949880552907e-05
34,TOI-833b,2.105118393082119e-05,1.117248262611024e-05
35,HD28109c,1.3107751636901128e-05,1.8366256080435428e-06
36,TOI-2641b,8.09451305885857e-05,1.643992893503568e-05
37,TOI-1685b,2.5561675434248088e-05,1.5738504488737458e-05
38,K2-87b,6.971565975383412e-05,1.640287612448858e-05
39,WASP-178b,4.125642926005077e-05,1.4265234862159924e-05
40,HIP29442b,1.722194578010222e-05,2.937845580625203e-06
41,HD152843c,1.1971533289862119e-05,2.1272353191290608e-06
42,K2-26b,4.914520592225975e-05,9.70620290972198e-06
43,TOI-1246d,4.960155200040328e-05,7.261123471884076e-06
44,WASP-62b,2.810752187487744e-05,8.779594379229583e-06
45,WASP-80b,3.044658756681164e-05,8.605730479190835e-06
46,WASP-22b,6.400936383133137e-05,2.0663832995578875e-05
47,WASP-60b,8.638566202769595e-05,2.567121485037473e-05
48,TOI-1296b,4.644507539855879e-05,1.4228857428221951e-05
49,HAT-P-59b,6.746616504179331e-05,1.732371499171781e-05
50,XO-5b,6.090140937531027e-05,1.7769714170242555e-05
51,WASP-99b,2.1755830972177554e-05,5.602295463062007e-06
52,HATS-56b,4.6616585484633786e-05,1.6032871521839053e-05
53,WASP-70Ab,4.2277581069724335e-05,1.342955858507353e-05
54,K2-417b,6.235242163549627e-05,1.2168546996167707e-05
55,TOI-1759b,1.7931545960069683e-05,2.774931184367837e-06
56,WASP-150b,7.317670157823257e-05,1.8596821369155117e-05
57,Qatar-4b,0.00011953206309961613,4.292590296736651e-05
58,TOI-1201b,3.353454575428949e-05,9.518782220439678e-06
59,HAT-P-35b,7.254394761354206e-05,2.501231821887707e-05
60,TOI-561b,2.5469641479453177e-05,1.7604709207839055e-05
61,WASP-53b,6.50121518909711e-05,2.1549528836387587e-05
62,KELT-20b,1.522544135144247e-05,5.1403636452488685e-06
63,KELT-6b,2.6493673485790678e-05,7.532681213251874e-06
64,piMenc,3.9753841272427975e-06,9.375218877405954e-07
65,HATS-24b,9.158124306861319e-05,4.4160701851588644e-05
66,HD191939d,1.0943490110704445e-05,1.4338894672743622e-06
67,WASP-147b,6.203126441065978e-05,2.025469237129762e-05
68,WASP-97b,3.3221237693996165e-05,1.3480198970434651e-05
69,WASP-15b,4.0716548030671815e-05,1.3508780844431166e-05
70,HATS-58Ab,5.8522846576154244e-05,1.7174384534808064e-05
71,WASP-139b,7.043577096389941e-05,1.6725341963585263e-05
72,HAT-P-2b,1.5081853421428915e-05,4.445803330509838e-06
73,TOI-163b,4.416557927469699e-05,1.574742550902577e-05
74,TOI-1478b,3.0779854099353144e-05,6.790280004685295e-06
75,WASP-136b,2.1472001986286678e-05,7.300009765996536e-06
76,HATS-4b,0.00012431869445989595,4.1516102406716564e-05
77,L98-59b,2.148229314168868e-05,4.906438373551275e-06
78,TOI-2076b,1.3701123287597059e-05,2.691779442342138e-06
79,HAT-P-69b,2.835747452940798e-05,9.743553002343854e-06
80,EPIC211945201b,2.741990718373878e-05,4.288464749678914e-06
81,K2-34b,5.8793947736098934e-05,1.8044118148266702e-05
82,WASP-61b,7.119010294527161e-05,2.3986433687878297e-05
83,KELT-21b,5.061971125871672e-05,1.7852233825328424e-05
84,HAT-P-16b,4.2427082643099075e-05,1.4769653454036148e-05
85,WASP-174b,8.327439593519356e-05,2.0094086827973767e-05
86,WASP-130b,4.001301298834308e-05,7.87133314800682e-06
87,KOI-12b,3.5867435100394896e-05,7.639451183374491e-06
88,WASP-37b,9.365621911985617e-05,2.9404450048366895e-05
89,HD191939c,1.2419016574692788e-05,1.660532113652889e-06
90,WASP-83b,6.134312731651135e-05,1.7132862685247804e-05
91,WASP-46b,0.00010411879584841593,4.907593476871572e-05
92,XO-4b,4.126253342886982e-05,1.2386662824414536e-05
93,WASP-170b,9.817881275497654e-05,3.074820343453832e-05
94,HD191939b,1.4778775488354777e-05,2.945618842273464e-06
95,HD86226c,1.0319096165297399e-05,3.0810698388962075e-06
96,TOI-481b,2.53914520645066e-05,4.9523583243799835e-06
97,WASP-169b,5.176411005469663e-05,1.784266372455478e-05
98,Kepler-138b,3.803288880756256e-05,7.424088734963767e-06
99,TOI-4010d,5.258962881865092e-05,9.060936595487396e-06
100,WASP-33b,1.8149826201012883e-05,8.63312090568516e-06
101,HATS-1b,7.352699209066728e-05,2.087325330538149e-05
102,HD106315c,1.5601372966770286e-05,2.5538245543983066e-06
103,XO-6b,2.7572728864894498e-05,8.171289774014995e-06
104,HAT-P-26b,5.2637421447024934e-05,1.368353045602649e-05
105,TOI-125b,3.384324875215213e-05,9.188605528208061e-06
106,TOI-431d,1.168559679532676e-05,2.082042420308213e-06
107,KELT-18b,3.018628176508317e-05,1.2378350929735806e-05
108,TOI-892b,5.448339915523475e-05,1.0483233289253435e-05
109,DSTucAb,1.133196372081952e-05,2.4440940992388797e-06
110,WASP-105b,4.484871120863454e-05,1.0591276841918558e-05
111,TOI-776b,1.8451371140163446e-05,3.463881003193044e-06
112,HATS-42b,0.00012277863979723105,4.7741739297681493e-05
113,WASP-177b,7.24454863788005e-05,1.7978868327180304e-05
114,HAT-P-13b,3.775438946738105e-05,1.3162458356160536e-05
115,WASP-103b,6.61311221287717e-05,3.36794055688823e-05
116,HATS-27b,8.441052230731026e-05,2.865326462656323e-05
117,WASP-141b,8.292100110582668e-05,2.868391022508853e-05
118,K2-238b,8.044764653207818e-05,2.705115172231723e-05
119,TOI-257b,6.602423902299534e-06,1.3566939543709072e-06
120,WASP-181b,0.00010934015139270621,3.056486798979684e-05
121,WASP-135b,0.00010324031810833417,3.703738860993379e-05
122,WASP-81b,7.209159950249071e-05,2.606622783143548e-05
123,WASP-19b,9.022870148387591e-05,4.064927229137918e-05
124,HAT-P-4b,4.1095714775410855e-05,1.5772401122442093e-05
125,WASP-32b,6.525972973597784e-05,2.0665391768534253e-05
126,WASP-73b,2.6611497095291318e-05,1.016969510776564e-05
127,LTT1445Ac,2.2516793368539016e-05,3.0973342157425033e-06
128,WASP-64b,9.945971729482763e-05,3.9800366431484065e-05
129,HD110113b,2.5762607817722503e-05,9.588963403097485e-06
130,K2-30b,9.979776132585245e-05,2.5834372914907467e-05
131,WASP-21b,4.407127188365554e-05,1.2950825382796134e-05
132,HAT-P-21b,5.681578109117654e-05,1.797948511151642e-05
133,KOI-13b,5.870729032393926e-05,2.546064427197982e-05
134,WASP-123b,3.734181338409785e-05,1.2659959577118836e-05
135,KELT-12b,2.5961511568707023e-05,9.187128282807149e-06
136,HATS-60b,7.243508674338134e-05,2.502012431891878e-05
137,WASP-133b,8.928839681208432e-05,3.626306954265297e-05
138,HATS-65b,8.899845129713354e-05,2.8707548685231403e-05
139,HATS-40b,0.00010143761581387022,4.176433280408014e-05
140,HATS-33b,5.772892629161069e-05,2.1453937545089194e-05
141,HATS-68b,7.589333120124931e-05,2.4768407233776605e-05
142,HAT-P-57b,3.3413073281416674e-05,1.2598118647421164e-05
143,WASP-54b,2.6538077115244548e-05,9.620870736511173e-06
144,HATS-25b,0.00010096748004985529,2.947631945326691e-05
145,TOI-776c,1.6565386442159415e-05,2.5287291223363e-06
146,HAT-P-5b,6.28998507461797e-05,2.1401985783282837e-05
147,Qatar-8b,4.547570813389701e-05,1.5710153577016125e-05
148,WASP-18b,2.4879716092705996e-05,1.1850208169303976e-05
149,TrES-5b,0.00010401349754969057,4.834909396530861e-05
150,WASP-2b,5.973781691518544e-05,1.8323848405689293e-05
151,HAT-P-55b,0.0001245520907720142,3.794977046385184e-05
152,HAT-P-36b,7.692011701701239e-05,3.205981135078414e-05
153,WASP-65b,7.06772174061138e-05,2.537015210509366e-05
154,WASP-159b,5.849307508004676e-05,2.2944839639302807e-05
155,WASP-93b,6.28332246840744e-05,1.9134143699343206e-05
156,WASP-140b,4.932260855843604e-05,1.377970754993156e-05
157,KELT-16b,8.351734229699429e-05,4.117237468087613e-05
158,Kepler-5b,0.00011138835913281436,3.5791242744449436e-05
159,WASP-129b,8.529022816697752e-05,2.003485520203498e-05
160,WASP-145Ab,6.389315973460443e-05,1.6234935638212765e-05
161,WASP-167b,5.381430897667768e-05,2.043027232711762e-05
162,K2-232b,1.979855577082067e-05,4.570773696250234e-06
163,TOI-157b,9.157856112960518e-05,3.092130840881148e-05
164,WASP-76b,2.353993075672477e-05,1.061258200294247e-05
165,Qatar-2b,6.885886340963443e-05,3.33119698760341e-05
166,LP791-18d,0.00010360100511393761,2.0691873992155773e-05
167,HATS-22b,0.00010709418303728033,2.507376262918111e-05
168,HAT-P-51b,0.00010122163505127017,3.0489781531841375e-05
169,TOI-837b,4.102910728931368e-05,6.932081837936751e-06
170,HAT-P-56b,5.808135160077275e-05,1.7648562136272556e-05
171,WASP-57b,0.00013473074566231795,4.088883256582578e-05
172,KELT-24b,1.2097698802848355e-05,3.5943712525294987e-06
173,HATS-35b,8.161698723039769e-05,3.4267369713288144e-05
174,WASP-94Ab,3.2027727651108195e-05,9.805415003060684e-06
175,HAT-P-24b,6.510243287523478e-05,2.264223217609042e-05
176,WASP-31b,6.857178293836653e-05,2.2441457212408878e-05
177,WASP-183b,0.00011751466136234179,2.8239807118598253e-05
178,HAT-P-66b,9.475429328773971e-05,3.849213855063714e-05
179,WASP-63b,3.75001584181372e-05,1.0955668975316729e-05
180,HAT-P-33b,4.8330471422445615e-05,1.5676773537143526e-05
181,WASP-48b,6.62025074857247e-05,2.6487390735351493e-05
182,HD219134b,4.139088800675357e-06,7.987119397226483e-07
183,HATS-3b,6.181241047538943e-05,2.070122757754884e-05
184,HAT-P-8b,2.7751744854312376e-05,1.0159580992408936e-05
185,WASP-96b,9.359133522415129e-05,2.6693250995825456e-05
186,WASP-24b,5.140524226751123e-05,1.9814363724761373e-05
187,TOI-216.01,4.172807562648548e-05,5.839379439957034e-06
188,KELT-3b,3.2249487293073665e-05,1.1500717257903285e-05
189,WASP-132b,4.434532826587321e-05,1.0188018900053661e-05
190,KELT-17b,2.6608613383886818e-05,9.35471248898552e-06
191,KELT-10b,3.340796507676314e-05,1.0616540677837855e-05
192,WASP-117b,2.278197495499347e-05,5.983717016769881e-06
193,HATS-51b,6.290252693968571e-05,2.0891424075430913e-05
194,K2-333b,5.2942585044207974e-05,1.0629793082014247e-05
195,WASP-126b,3.89561517335941e-05,1.3192098580754865e-05
196,WASP-6b,6.555252766628087e-05,2.1580695198357736e-05
197,LHS3844b,7.165499570768545e-05,2.5168305245504336e-05
198,KELT-7b,1.6124950822336637e-05,5.996538232593871e-06
199,K2-198b,3.634663348639592e-05,5.561216057133873e-06
200,WASP-78b,5.8843186933202186e-05,2.7730585240791383e-05
201,HAT-P-45b,4.866359341666895e-05,1.6928930585707466e-05
202,TrES-2b,7.109155925282875e-05,2.048142681231882e-05
203,CoRoT-2b,6.695065912095835e-05,2.5036829156167105e-05
204,HAT-P-27b,7.968723252141733e-05,2.0257456086545707e-05
205,G9-40b,4.7791478361155236e-05,8.033986410856021e-06
206,WASP-41b,4.725764317553549e-05,1.623660299115693e-05
207,TOI-640b,3.4147537596065426e-05,9.814809526929489e-06
208,TOI-1259Ab,5.0584108683571734e-05,1.4458424757447415e-05
209,WASP-138b,6.297572212215367e-05,2.1342675065941342e-05
210,WASP-74b,2.4024414630794318e-05,9.62318167076778e-06
211,HAT-P-25b,8.475156496806719e-05,2.5114209172808296e-05
212,HAT-P-62b,7.275976184360848e-05,2.6018770978177846e-05
213,WASP-29b,2.9242003526468257e-05,8.980918287788663e-06
214,WASP-82b,2.8576304475842006e-05,1.0350096076729384e-05
215,HAT-P-29b,5.229468298660339e-05,1.4638577904086174e-05
216,K2-31b,6.40656763027276e-05,1.909949146430128e-05
217,HAT-P-37b,0.00012686256201271064,3.895945419456855e-05
218,XO-2Nb,3.952770636663111e-05,1.4527878981663725e-05
219,HAT-P-32b,4.9336158300093584e-05,1.933340499648399e-05
220,KPS-1b,0.00010120373474171524,3.3502065980621776e-05
221,XO-1b,4.3602538239629245e-05,1.3362424111382044e-05
222,WASP-190b,6.361626580055119e-05,1.952149026627721e-05
223,WASP-92b,0.00010367343414639345,3.840547183300473e-05
224,HAT-P-19b,6.799743404206664e-05,1.938430172779623e-05
225,HAT-P-67b,2.1854075764804767e-05,8.567873056006902e-06
226,K2-107b,8.871117855109828e-05,2.9072729615343303e-05
227,HAT-P-1b,3.330266260292532e-05,9.052386655558857e-06
228,WASP-16b,4.0173555781835915e-05,1.3672532816110296e-05
229,K2-261b,2.502473292882277e-05,5.723977502767015e-06
230,GJ3470b,1.9517317251707282e-05,6.446193573265381e-06
231,HAT-P-15b,3.295234004466761e-05,8.028209712107373e-06
232,K2-55b,6.291963793019776e-05,2.2281416594233095e-05
233,WASP-166b,2.0259401742873533e-05,5.598151803998475e-06
234,HIP65Ab,4.7553574596552315e-05,1.4346096255568106e-05
235,WASP-101b,3.376255567595705e-05,1.0797871761298052e-05
236,WASP-5b,8.077374132952322e-05,3.1696631640502315e-05
237,XO-3b,3.5322547479630626e-05,1.1433154224936254e-05
238,K2-121b,6.0838854828799606e-05,1.6441022655566832e-05
239,WASP-165b,7.264420915953633e-05,2.6283642722555305e-05
240,K2-25b,0.00011235696318552086,1.834735084438838e-05
241,LTT3780c,3.100169743230619e-05,3.668519129490088e-06
242,HAT-P-9b,7.385723346609893e-05,2.2968477113559728e-05
243,HAT-P-28b,8.69273619700009e-05,2.8821718463475942e-05
244,HAT-P-49b,3.602033331521252e-05,1.4419018268364284e-05
245,K2-266d,3.088745251829287e-05,5.1838292091034056e-06
246,WASP-98b,9.217858677771727e-05,3.20892228184929e-05
247,WASP-85Ab,3.8236363045091315e-05,1.261685640573292e-05
248,WASP-157b,8.900737032839279e-05,2.143558777072643e-05
249,HAT-P-6b,3.9303164623046565e-05,1.2560848729654143e-05
250,WASP-153b,7.499364841962652e-05,2.660933411006869e-05
251,HAT-P-31b,4.576605364883044e-05,1.543490916605288e-05
252,TOI-216.02,6.823660439318908e-05,8.290587305761161e-06
253,WASP-47b,5.460786471672433e-05,1.6331543109901155e-05
254,HD63433b,6.14230698887254e-06,1.3596849712752682e-06
255,Kepler-435b,5.9819972921356283e-05,2.0348772478342403e-05
256,WASP-56b,6.611137878174321e-05,1.960566476617832e-05
257,WASP-42b,5.4856955705514e-05,1.4264883868027468e-05
258,GJ1214b,2.604716113092566e-05,1.1805082341055633e-05
259,TOI-150.01,3.90741691117412e-05,1.2263353716081308e-05
260,TOI-451c,3.233242661580816e-05,6.946911546986228e-06
261,TOI-2076d,1.3968259914123987e-05,1.4821869948102357e-06
262,TOI-1266c,3.502166715766515e-05,4.0609771674759305e-06
263,Qatar-10b,0.00010950297827113712,4.567218567365944e-05
264,TOI-270d,1.9401091005881023e-05,3.6118078536331477e-06
265,WASP-72b,4.5702211470978265e-05,1.907123069912933e-05
266,WASP-91b,5.3435377073390516e-05,1.6445167170935192e-05
267,Kepler-7b,0.0001077127822281878,2.9922267904387618e-05
268,WASP-28b,7.223953369910134e-05,2.3533020152617845e-05
269,WASP-131b,2.7501454846752456e-05,7.901114300841227e-06
270,HAT-P-20b,3.724047351456681e-05,1.0276551524165074e-05
271,WASP-35b,4.280769271646317e-05,1.4481094282640034e-05
272,WASP-20b,3.433257688417468e-05,9.703837435425308e-06
273,WASP-158b,7.959802916320118e-05,2.6271677927256185e-05
274,LP714-47b,2.732143095817413e-05,8.268531588407233e-06
275,HIP67522b,1.7963467909310416e-05,5.07146217347419e-06
276,TOI-1859b,3.6402733563370246e-05,2.9109272709379954e-06
277,EPIC246851721b,4.676258196657118e-05,1.2952013427149862e-05
278,WASP-26b,4.714946688788228e-05,1.6939505128996833e-05
279,Qatar-9b,0.00011457699329018306,4.155751831072481e-05
280,HATS-26b,7.582170197150114e-05,3.0785740716768504e-05
281,KELT-9b,1.3182765868967319e-05,6.570144392865328e-06
282,WASP-104b,6.384753714345186e-05,2.1318430610824475e-05
283,KELT-23Ab,3.414775582058975e-05,1.165955924445946e-05
284,HATS-2b,0.00011909292369960165,4.7689073952363754e-05
285,WASP-69b,1.997212893405253e-05,5.177668777134882e-06
286,CoRoT-19b,9.041480403239285e-05,3.272501010876533e-05
287,Kepler-18d,9.039273684894225e-05,1.5661779362615895e-05
288,HD209458b,9.183014316689517e-06,2.959563126480177e-06
289,GJ357b,1.4494263846339164e-05,2.8783697641963374e-06
290,WASP-43b,6.157742369226268e-05,2.3985544526685747e-05
291,HD189733b,8.723234219797157e-06,2.6740546216550305e-06
292,WASP-173Ab,5.843521795787702e-05,2.4450737963567344e-05
293,WASP-172b,4.636462518431678e-05,1.5222750258911608e-05
294,TOI-1333b,1.936056099941319e-05,6.405480281920301e-06
295,TOI-4479b,6.0118616174160316e-05,3.069257253951044e-05
296,WASP-148b,6.492192592703132e-05,1.367183113628187e-05
297,AUMicb,4.026230498639517e-06,8.917627845451318e-07
298,WASP-12b,5.9202912639498526e-05,2.992331152691991e-05
299,TOI-4515b,5.497036888611504e-05,8.836934331457916e-06
300,LHS1678b,4.003952557189694e-05,1.2928370484865245e-05
301,LHS1678c,3.231116560549065e-05,6.458665982015594e-06
302,LHS1678d,3.583481617123344e-05,5.6155433890543164e-06
303,TOI-1994b,3.950455469479305e-05,1.3183095923360801e-05
304,GJ806b,1.7718067767743655e-05,5.916426268216065e-06
305,Kepler-91b,5.616762112251361e-05,1.3916489273151383e-05
306,TOI-3688Ab,6.782239357484004e-05,2.332063773180398e-05
307,LHS1478b,5.287565604103885e-05,1.0996112523374507e-05
308,Kepler-1658b,6.83120173562344e-05,1.90608900615086e-05
309,GJ9827b,2.2352388374185875e-05,7.587990639000763e-06
310,GJ9827c,1.856392874313678e-05,4.5051343182034925e-06
311,GJ9827d,2.2654358615174418e-05,3.5186245633490846e-06
312,LTT1445Ab,1.2851792458186636e-05,2.267667369692758e-06
313,KELT-4Ab,2.960654202775913e-05,1.0528931365744051e-05
314,HAT-P-54b,6.487611115822253e-05,2.0213754851208054e-05
315,MASCARA-4b,1.57104936903866e-05,6.067137537010575e-06
316,HATS-70b,0.00014193440348321307,6.243294765920037e-05
317,WASP-52b,7.634826037798592e-05,2.5831762876291307e-05
318,WASP-7b,2.4725682829854133e-05,6.824284339015384e-06
319,HAT-P-44b,9.261459534893124e-05,2.6722448606062565e-05
320,KELT-14b,5.271058526061287e-05,1.936123748891424e-05
321,WASP-192b,0.00010564959490929287,3.1921513132562416e-05
322,WASP-162b,6.0644311335669916e-05,1.3881860318508106e-05
323,TOI-169b,0.0001012091274926758,2.974931407615089e-05
324,GJ1132b,2.0737845521997887e-05,9.286198472295682e-06
325,HD63433c,5.192462876705809e-06,8.10082487156477e-07
326,HATS-52b,0.00015082588008403003,6.0426051846426506e-05
327,HATS-57b,7.971873803434251e-05,2.725279007050398e-05
328,KELT-15b,4.458144855985244e-05,1.6326579019053884e-05
329,HD202772Ab,1.0553486846011507e-05,4.419809948166168e-06
330,HATS-10b,0.0001172599810032759,3.743239890063365e-05
331,K2-198d,3.634663348639592e-05,8.287293303566204e-06
332,HATS-64b,8.303177943038375e-05,2.979830108065042e-05
333,K2-260b,7.655466259966125e-05,3.114415917045445e-05
334,WASP-180Ab,4.703761528884772e-05,1.5065303156858087e-05
335,TOI-674b,3.592665780406517e-05,1.486717997362172e-05
336,TrES-3b,6.612172637051606e-05,3.227502795337018e-05
337,WASP-10b,5.713996913277229e-05,1.6849591412803158e-05
338,TOI-1789b,2.8766348212082295e-05,8.249058564211013e-06
339,KELT-1b,4.306156679501384e-05,2.0241245312979292e-05
340,WASP-107b,2.974486677331061e-05,7.084641280428656e-06
341,WASP-36b,9.04259276225661e-05,4.143353979686516e-05
342,Kepler-18c,9.28453166592495e-05,2.156830266952522e-05
343,HAT-P-68b,0.00010384869241813677,3.315428193322846e-05
344,TOI-1807b,3.001054786979667e-05,1.28144124150708e-05
345,HAT-P-17b,2.4564032033596445e-05,5.311022486819774e-06
346,HATS-45b,0.00013329954266399263,3.8480602876906306e-05
347,TOI-1728b,3.793567998050024e-05,9.714130710236304e-06
348,HAT-P-3b,5.292111193773578e-05,1.5163883075527003e-05
349,WASP-95b,2.6005978154771217e-05,1.0322259533092925e-05
350,HATS-31b,7.93199556218135e-05,3.0234180675662723e-05
351,KELT-19Ab,2.817996244668021e-05,9.193412799722993e-06
352,WASP-87b,3.996604126071612e-05,1.7664421065170343e-05
353,Kepler-447b,0.00010463433163670474,1.3990120034003123e-05
354,Kepler-1656b,3.972611312177985e-05,4.49077918310999e-06
355,TOI-4010c,5.995307615614921e-05,1.469809477184007e-05
356,HATS-55b,0.00013065665541661092,3.612384302264139e-05
357,Kepler-450b,4.1103789336406976e-05,7.646062783513058e-06
358,K2-155c,3.4539605345595816e-05,6.066698032822434e-06
359,WASP-13b,3.8131783518535586e-05,1.1169487962352046e-05
360,WASP-58b,5.373130412321723e-05,1.5795499576546256e-05
361,WASP-119b,6.216148813804477e-05,2.2528727469087036e-05
362,HAT-P-52b,0.00011935409161258782,3.746092625811624e-05
363,WASP-4b,8.879551928069705e-05,3.615976521548322e-05
364,HATS-5b,7.320198665894887e-05,1.9731325072418224e-05
365,Qatar-7b,9.499947003864602e-05,4.0350976481957574e-05
366,WASP-114b,9.116785119735898e-05,3.903921715000535e-05
367,55Cnce,4.774261129057285e-06,2.2040881785996344e-06
368,WASP-160Bb,8.783033959360958e-05,2.5788267901329024e-05
369,WASP-142b,0.0001122751264140242,4.2058742908524726e-05
370,HATS-29b,7.898020615867526e-05,2.2361764264356318e-05
371,K2-140b,7.265303399963614e-05,1.888933819425839e-05
372,WASP-50b,7.174725733861337e-05,2.3241126453895718e-05
373,TOI-431b,1.168559679532676e-05,7.879320191819634e-06
374,TOI-172b,3.80689910023747e-05,9.210248298380398e-06
375,TOI-2076c,1.217078266481192e-05,1.9033853487451383e-06
376,WASP-90b,5.085770998391234e-05,1.5817695825411383e-05
377,TOI-269b,4.6675807080030685e-05,1.4722757948148342e-05
378,HAT-P-50b,6.347532322821809e-05,2.2731729663765738e-05
379,TrES-1b,4.682754412635576e-05,1.6140991514591667e-05
380,WASP-106b,4.491536588704037e-05,1.1652629250335833e-05
381,K2-266b,9.875864897317013e-05,2.409226868194579e-05
382,TOI-201b,1.8927811868602037e-05,1.6557865516056937e-06
383,WASP-88b,4.048646916473096e-05,1.4731691832827963e-05
384,HATS-39b,0.00010952121318447211,3.330663700004017e-05
385,WASP-168b,8.101636405574128e-05,1.8901398218552847e-05
386,HD2685b,2.666515404361088e-05,8.003030773228864e-06
387,K2-237b,5.817021567861337e-05,2.2052292597454463e-05
388,HD149026b,1.1115298643396303e-05,3.905286603924232e-06
389,HAT-P-39b,8.313977562162062e-05,2.9827039753535683e-05
390,TOI-270c,1.9401091005881023e-05,5.033660400165696e-06
391,HAT-P-30b,4.8125992461366166e-05,1.4153357991496291e-05
392,LP791-18b,0.00013414356600842706,3.6655869329059755e-05
393,HAT-P-12b,6.495199115074378e-05,1.8753079899524207e-05
394,TOI-421c,2.3265730549962862e-05,3.3431146687369276e-06
395,TOI-700c,3.730867897739726e-05,3.893122977419279e-06
396,TOI-451d,3.0136451618888714e-05,5.249546202690202e-06
397,NGTS-2b,3.8264712846334686e-05,1.2928888833157004e-05
398,WASP-89b,9.620709258607765e-05,2.7871271305199306e-05
399,WASP-161b,3.513510826018009e-05,1.144048004717452e-05
400,WASP-68b,2.4637420642862595e-05,8.249453102420376e-06
401,TOI-904b,2.5612070851570712e-05,5.1388396550963045e-06
402,KELT-8b,2.6941997236331197e-05,9.247206782193436e-06
403,Qatar-5b,8.468541925612673e-05,2.8356576874498136e-05
404,HATS-13b,0.00012707241202897975,3.970452498009007e-05
405,TOI-1518b,2.3447027405319124e-05,9.85810345153657e-06
406,KOI-94d,7.035041160820748e-05,9.42718663611466e-06
407,WASP-8b,1.968607948518613e-05,4.945557356786486e-06
408,WASP-3b,4.048824293945661e-05,1.6092668149768105e-05
409,WASP-186b,4.58693144354888e-05,1.1513411461682612e-05
410,WASP-175b,0.00011081872648189185,3.476040707701032e-05
411,WASP-164b,0.00011722299348268029,3.73213880527798e-05
412,HAT-P-38b,7.082441646206375e-05,1.9487744356925942e-05
413,HD332231b,1.0391053929081133e-05,2.065151517807905e-06
414,WASP-144b,0.00014205910438125615,4.420029457358527e-05
415,TOI-125c,3.3884462384738045e-05,6.672431038850714e-06
416,WASP-75b,6.788466036236047e-05,2.0399683498130702e-05
417,HAT-P-40b,3.473933122900505e-05,1.3311672555473804e-05
418,WASP-66b,6.118008998900782e-05,1.8445283061583227e-05
419,WASP-17b,4.778308307395762e-05,1.7104524445262382e-05
420,WASP-79b,3.254354053299576e-05,1.1047289386752926e-05
421,WASP-14b,2.6729176153745857e-05,1.0490443864707595e-05
422,HD219666b,2.7925067276052836e-05,5.606967625146314e-06
423,WASP-120b,4.264446559886346e-05,1.4123292521969035e-05
424,HATS-7b,9.113867787016593e-05,2.6218738430750797e-05
425,HAT-P-34b,3.444514380991173e-05,9.377648182838578e-06
426,HATS-30b,8.084313283143339e-05,2.527195352325874e-05
427,TOI-561c,2.3364853171685927e-05,4.769843944963476e-06
428,TOI-905b,5.240923446928252e-05,1.3205154713746287e-05
429,WASP-34b,4.177901667924888e-05,1.0007260477289781e-05
430,WASP-67b,5.387735551369923e-05,1.5365508819200267e-05
431,WASP-11b,3.696020129044871e-05,1.1623208912898366e-05
432,HAT-P-41b,4.0684702594993814e-05,1.624784006578923e-05
433,HAT-P-43b,0.00011444372510955442,3.7721690755844187e-05
434,HAT-P-23b,8.588918060924975e-05,3.678213291216561e-05
435,TOI-2158b,3.1012138735253985e-05,7.068144185801787e-06
436,WASP-44b,0.00011796316126557488,3.7936645485879235e-05
437,WASP-55b,6.298965376003424e-05,1.8236405987250643e-05
438,WASP-156b,4.859473006495018e-05,1.3112580451956417e-05
439,WASP-49b,5.515702150391699e-05,1.6336804623265576e-05
440,TrES-4b,5.972302820913204e-05,2.0164277322872476e-05
441,HD89345b,1.377739635458385e-05,3.287728941188581e-06
442,GJ1252b,3.676961562192633e-05,1.4177353771415283e-05
443,WASP-23b,7.928062205087366e-05,2.408158498083079e-05
444,HD108236d,1.596621913435126e-05,2.8505900441738317e-06
445,WASP-113b,5.445780571843939e-05,1.771166906737084e-05
446,L98-59c,1.8442251687576153e-05,3.85086685929311e-06
447,HAT-P-18b,6.225074816204162e-05,1.4995388603356079e-05
448,HAT-P-7b,4.050456355082791e-05,1.6015166042901577e-05
449,KELT-2Ab,1.5346545110952198e-05,4.612650395683891e-06
450,HAT-P-46b,4.811133805309053e-05,1.3595049911041022e-05
451,TOI-677b,2.7650604367096998e-05,4.616479414181918e-06
452,WASP-71b,2.939977335860641e-05,1.2391783010738876e-05
453,HATS-72b,4.908952192825546e-05,1.0975512962964264e-05
454,WASP-118b,4.0048882007162395e-05,1.4398360756696763e-05
455,Kepler-6b,0.00010022502924601767,3.356236995739344e-05
456,KELT-11b,6.10978517072645e-06,2.4325655343845097e-06
457,HAT-P-65b,7.985345794576481e-05,3.3230460226347434e-05
458,CoRoT-11b,0.00011944590922369811,3.672523142671555e-05
459,L98-59d,2.3345158753665786e-05,2.7520293725720707e-06
460,LP791-18c,9.174587491044418e-05,1.546228800565152e-05
461,HD108236e,1.540120361385764e-05,2.4335188063148365e-06
462,LTT3780b,3.9125168238625826e-05,1.3407694410851304e-05
463,K2-29b,7.356187157931917e-05,2.0216819772339828e-05
464,WASP-45b,8.720604237386915e-05,2.1894177586455717e-05
465,Kepler-105b,6.34725063767956e-05,1.68912088395898e-05
466,HAT-P-11b,1.5884909620020476e-05,3.7415390230876805e-06
467,TOI-421b,3.640219141834003e-05,5.862532555237335e-06
468,K2-19b,7.787032894899762e-05,1.724576896038436e-05
469,TOI-1298b,5.2287261120837615e-05,1.5028063842096276e-05
470,HAT-P-22b,2.073063365549776e-05,6.571158039155931e-06
471,HAT-P-42b,5.597142274768295e-05,1.7521451489452426e-05
472,WASP-121b,4.290332763719946e-05,2.0151901419351306e-05
473,TOI-824b,4.231280447663813e-05,1.2958820991514586e-05
474,TOI-270b,1.9401091005881023e-05,6.387793817668919e-06
475,XO-7b,3.8245658762217794e-05,1.256429882171331e-05
476,Qatar-1b,8.341134905666971e-05,2.9791275195455982e-05
477,HD97658b,8.167205954860318e-06,1.5850410076698498e-06
478,TOI-942c,4.141187634662321e-05,8.668231496177705e-06
479,GJ3090b,2.241008530286393e-05,5.166003614661972e-06
480,TOI-2134c,6.829130133101176e-06,5.650781263315689e-07
481,TOI-3693b,5.278105836918246e-05,1.139843914324369e-05
482,TOI-1470c,3.829552331832817e-05,5.18290645810717e-06
483,TOI-1408b,2.4316049652471786e-05,7.069581692325753e-06
484,HD260655b,1.1858586267962105e-05,2.6341817119772113e-06
485,HD63935b,1.2095288008193537e-05,2.546032407554581e-06
486,TOI-1420b,5.2088750734572246e-05,1.2450448416726964e-05
487,HD260655c,1.2846026087499538e-05,1.8623569087129478e-06
488,HD109833b,1.8400144486667222e-05,3.7964047155812603e-06
489,TOI-4010b,7.500059741163395e-05,2.8158786993349422e-05
490,TOI-1272b,4.479450168544991e-05,1.4835741489733742e-05
491,HAT-P-64b,6.658745411142471e-05,2.429938626520641e-05
492,TOI-178e,3.1235697036076334e-05,5.4485705560897916e-06
493,TOI-178g,3.355664952458359e-05,3.81290891731772e-06
494,TOI-1135b,1.9918600333601703e-05,4.851382590018807e-06
495,TOI-2524b,9.111287090009795e-05,2.1132640108893296e-05
496,TOI-178d,3.225106375647493e-05,6.672485754088473e-06
497,Kepler-109c,5.945756280824262e-05,1.1425104139927474e-05
498,TOI-2207b,4.5435134980934946e-05,1.1802199819428871e-05
499,HAT-P-61b,0.0001209265766322663,3.790293053021237e-05
500,TOI-277b,5.33393498847168e-05,1.6248617134957992e-05
501,TOI-1820b,4.091986714573142e-05,1.0814575843117935e-05
502,TOI-1710b,1.566294884978408e-05,2.5383975146910385e-06
503,TOI-2421b,3.662442574270539e-05,1.282686244726551e-05
504,WASP-182b,6.515583834968249e-05,1.929450953588793e-05
505,TOI-1136c,2.0395897853653358e-05,5.050554436649587e-06
506,TOI-1136d,1.8170550984355672e-05,3.6118249077884747e-06
507,NGTS-11b,5.583325105618971e-05,6.241992550215898e-06
508,HIP94235b,1.424747374902207e-05,2.795150805473154e-06
509,TOI-2025b,5.0192631358999556e-05,1.1029270367159981e-05
510,TOI-2018b,1.540171224711638e-05,3.008665384858303e-06
511,GJ486b,8.315820690520512e-06,3.881039796270268e-06
512,Gaia-2b,4.646151869417691e-05,1.4666229884901904e-05
513,TOI-2427b,1.29345437254423e-05,6.313890077559307e-06
514,TOI-139b,1.6508627750467593e-05,3.1143836052188135e-06
515,LHS475b,3.245691828424054e-05,6.711085321162726e-06
516,TOI-2583Ab,7.576049077977604e-05,2.496622174952286e-05
517,TOI-2796b,9.904069504980463e-05,2.1807237813739438e-05
518,TOI-3976Ab,6.701661522720078e-05,1.8803284250833506e-05
519,TOI-969b,4.7033197662464537e-05,1.4442793615845327e-05
520,TOI-2000c,3.504295375080133e-05,7.650168469989827e-06
521,TOI-2364b,6.61409344625122e-05,1.864193533286619e-05
522,TOI-2498b,5.039793542590014e-05,1.5818924133504316e-05
523,TOI-2587Ab,4.485594813700089e-05,1.3233918442683328e-05
524,TOI-4145Ab,7.370738811182317e-05,1.8174675692017467e-05
525,HD23472f,1.586517582016756e-05,2.662652603972237e-06
526,HD207496b,1.098275419653289e-05,1.9970599166494657e-06
527,HD23472c,1.5538023656814733e-05,1.7150344856811457e-06
528,TOI-1937Ab,0.0001379607853280501,5.411286695503725e-05
529,TOI-2803Ab,9.035241149993142e-05,3.664657730766842e-05
530,TOI-2842b,9.5039317460073e-05,2.739727950371446e-05
531,K2-415b,3.852842713498561e-05,1.1704986818741014e-05
532,TOI-913b,2.301490813383622e-05,4.336558928722987e-06
533,TOI-2977b,7.176391664007604e-05,2.636461834882088e-05
534,TOI-444b,1.711235779760177e-05,2.7328133670588156e-06
535,TOI-470b,4.0680397700337645e-05,7.098569460551787e-06
536,TOI-836b,1.5092295140678087e-05,3.5655922232489545e-06
537,TOI-1416b,2.6799912819296027e-05,1.0349563194302084e-05
538,TOI-2459b,1.5551281636529094e-05,2.2502039234119032e-06
539,TOI-3023b,4.4411261632781485e-05,1.6446958605288662e-05
540,TOI-3082b,4.7491793656085835e-05,1.986340194148902e-05
541,TOI-3912b,7.56003624668601e-05,2.540206943454233e-05
542,TOI-4551b,1.583672982048649e-05,3.14423497685879e-06
543,TOI-858Bb,4.230184522624374e-05,1.4697884601244542e-05
544,HD183579b,1.3917830213759652e-05,2.1038297960166795e-06
545,HD1397b,5.046507938429938e-06,1.4735654673194e-06
546,NGTS-12b,4.956599010870606e-05,1.4744162193412304e-05
547,TOI-2570b,8.101759580561134e-05,2.707688101358067e-05
548,TOI-778b,1.8905759188885097e-05,5.737256522356186e-06
549,TOI-1694b,3.8360706416194575e-05,1.199458808872892e-05
550,TOI-2443b,9.224434843792832e-06,1.4704283438452274e-06
551,TOI-1452b,3.838821642214762e-05,7.244799125178143e-06
552,TOI-1516b,5.054299699544512e-05,1.9353516178774622e-05
553,TOI-1431b,1.7436401580290316e-05,5.651693065148047e-06
554,HATS-38b,7.40070316569434e-05,2.146878351801454e-05
555,K2-36c,6.148796065939588e-05,1.0774844249776612e-05
556,TOI-4600b,4.411079935784871e-05,4.682805469344701e-06
557,TOI-1181b,3.550863533807319e-05,1.565109100821959e-05
558,HAT-P-58b,6.774956133857503e-05,2.2919884508737228e-05
559,K2-329b,6.693940446651477e-05,1.2535044573481182e-05
560,TOI-5678b,2.915080506946756e-05,3.900237575555458e-06
561,TOI-620b,2.931630046336073e-05,5.2659536283365186e-06
562,TOI-5344b,0.00010334521491387318,2.452068394219138e-05
563,HD73583b,1.5829562833496915e-05,3.128112256076249e-06
564,WASP-77Ab,3.394535928931979e-05,1.378335091819641e-05
565,LTT9779b,2.0571980612418916e-05,1.2000398796631155e-05
566,TOI-3364b,3.869705636906831e-05,1.1604743980059221e-05
567,TOI-1634b,4.544688318752243e-05,1.5402038684728587e-05
568,TOI-4641b,8.408838824432338e-06,1.4527771073428395e-06
569,TRAPPIST-1d,7.885020781574702e-05,1.2348236129874637e-05
570,TRAPPIST-1h,6.317097435689221e-05,5.7833340447735516e-06
571,TOI-244b,2.3663224428437616e-05,3.954284477161167e-06
572,TOI-544b,3.161685294616001e-05,9.43176218853066e-06
573,HD110067b,1.0382872006123494e-05,2.095149076326313e-06
574,HD110067c,9.49018889140225e-06,1.717568648607093e-06
575,HD110067d,9.348305475555004e-06,1.4093275446365806e-06
576,HD110067f,8.037086296317842e-06,9.999978950438882e-07
577,TOI-1442b,4.523332841530232e-05,3.1974593645296945e-05
578,TOI-622b,1.742177283720882e-05,4.638007677048185e-06
579,K2-138f,5.844249847630059e-05,1.018991192230161e-05
580,TRAPPIST-1c,8.50245450518434e-05,1.5882529660887247e-05
581,TOI-122b,6.309881190862332e-05,1.721833384607499e-05
582,TOI-5126b,2.7246886345666794e-05,7.639487354417421e-06
583,TOI-500b,3.5045518747625904e-05,1.508928957344112e-05
584,TOI-1107b,3.4393089115933404e-05,1.0378251928601281e-05
585,K2-370b,3.640402377886569e-05,1.4573109162294339e-05
586,HD28109d,1.233650999829329e-05,1.5010748704833486e-06
587,HD110082b,2.094184822996334e-05,3.889225762852335e-06
588,TOI-3714b,9.858681179367634e-05,2.92183605280645e-05
589,TOI-3629b,8.074464130959962e-05,2.063284066741129e-05
590,TOI-1194b,5.27518843300179e-05,1.52428158050399e-05
591,TOI-5398b,2.4936440373180924e-05,5.454881096322343e-06
592,TOI-5398c,2.9098683902721223e-05,8.006019225820012e-06
593,TOI-1670c,2.223046743123562e-05,2.83772613816033e-06
594,K2-3b,2.4600180102531604e-05,4.861018258788071e-06
595,GJ367b,1.5246840843021185e-05,6.7547887350428146e-06
596,K2-174b,3.0561688029050814e-05,5.781255686901865e-06
597,TOI-628b,2.759532954806942e-05,9.629993575774378e-06
598,TOI-712b,3.247741059506198e-05,4.844211815523236e-06
599,WASP-193b,5.734743857693637e-05,1.622669762141378e-05
600,TOI-1064c,2.9146536915293257e-05,4.482961425780453e-06
601,TOI-1842b,2.1514893028651073e-05,4.960469456494471e-06
602,Kepler-1517b,4.633728202396523e-05,1.1130918999187635e-05
603,TOI-1231b,1.8773193354863568e-05,2.4063125763310137e-06
604,Qatar-6b,5.1225807070814996e-05,1.186031819458395e-05
605,TOI-559b,3.4778184202220634e-05,1.0103633786717669e-05
606,Kepler-63b,5.4727199601605683e-05,1.053257679477646e-05
607,K2-399b,7.905484953464697e-05,4.674447561839292e-05
608,MASCARA-1b,1.535901398002228e-05,6.822703049366034e-06
609,HD152843b,1.2837534518523989e-05,3.04113196944962e-06
610,WASP-189b,7.0316575169533724e-06,2.863828037288402e-06
611,K2-403b,6.678604172198042e-05,7.321099665624092e-06
612,TOI-2193Ab,8.706807357488338e-05,2.588886437138786e-05
613,TOI-1260b,3.975688485253443e-05,1.096538795696657e-05
614,TOI-1260d,3.194851059340145e-05,4.892019807980269e-06
615,GPX-1b,0.0001090183969743007,3.934422439612603e-05
616,WASP-184b,7.594251554989382e-05,2.4409398071503613e-05
617,NGTS-9b,0.0001231021155372185,2.877004723168352e-05
618,WASP-171b,8.948952755533039e-05,3.2310154402902967e-05
619,TOI-4137b,5.080265508391172e-05,1.617249189409053e-05
620,TOI-1468c,2.3913924267101486e-05,3.8283650036644625e-06
621,TOI-2567b,5.507694065796127e-05,1.7619286629885698e-05
622,TOI-1899b,5.4105575319051315e-05,7.597699317646699e-06
623,TOI-1468b,2.3913924267101486e-05,1.010282715989372e-05
624,TOI-2236b,5.222484167659217e-05,1.629699147986666e-05
625,TOI-3331Ab,6.760851410411866e-05,2.3048580995379872e-05
626,TOI-3540Ab,5.973643917347359e-05,1.589088687289213e-05
627,TOI-1288b,3.3316304926854e-05,1.047632451460197e-05
628,NGTS-24b,0.00010243073840764287,3.1653277198258796e-05
629,TOI-1136f,1.6560592331216378e-05,2.5124854020020285e-06
630,CoRoT-36b,0.00010495923970425479,3.3153683123646394e-05
631,HATS-61b,7.561229541221045e-05,2.1550217451942793e-05
632,TOI-3362b,4.344112543470739e-05,6.454888151398431e-06
633,TOI-2134b,9.056254828161496e-06,1.7880743642608214e-06
634,HD3167c,1.1628337593310235e-05,1.6340879181126924e-06
635,HD3167b,1.914821519391014e-05,7.970562815656879e-06
636,TOI-2046b,6.206614847724637e-05,2.540218341154905e-05
637,TOI-954b,2.3855087282056323e-05,9.153592469137205e-06
638,TOI-181b,4.281961708057073e-05,9.767340031005783e-06
639,TOI-1811b,5.711331797502725e-05,1.4178838918962017e-05
640,TOI-2145b,1.2141409882448262e-05,3.5016136718390147e-06
641,TOI-2152Ab,3.789029042661476e-05,1.3173438399094304e-05
642,TOI-1246b,4.960155200040328e-05,1.4599219949997718e-05
643,HD15906c,1.943034088630086e-05,2.1745116104548995e-06
644,TOI-2497b,1.572241440890474e-05,4.5623212430694326e-06
645,TOI-2445b,6.124969733238564e-05,4.4337168774542775e-05
646,TOI-1422b,3.004616715098334e-05,6.132650720951443e-06
647,TOI-2154b,5.412318940945455e-05,1.4779369759187778e-05
648,HAT-P-60b,1.9087187190628973e-05,6.501754679600882e-06
649,TOI-1386b,2.577495372750002e-05,4.211849379293845e-06
650,K2-39b,2.0668943116557387e-05,5.900213243021333e-06
651,Kepler-444e,1.2398607926911247e-05,2.7756211118325667e-06
652,Kepler-102e,3.550499850021227e-05,5.943284675916445e-06
653,TOI-615b,3.8477005732958986e-05,1.2295172938861467e-05
654,K2-24c,2.2521285396211062e-05,3.216757300021302e-06
655,Wolf503b,2.699302588054204e-05,4.431801331102614e-06
656,K2-79b,4.7142153582934765e-05,8.92310123612266e-06
657,K2-99b,1.998471859457481e-05,5.507710594386689e-06
658,K2-32d,3.718916199137611e-05,5.112667052057836e-06
659,TOI-942b,4.808816701966511e-05,1.3073712084352946e-05
660,HD221416b,8.257141736846625e-06,1.377240471616547e-06
661,K2-32b,4.402443111444222e-05,9.46740870586248e-06
662,K2-129b,2.5572736123001447e-05,5.558259876518068e-06
663,TOI-2136b,3.310874313122008e-05,7.36310267123636e-06
664,HD15337c,1.6296398608277744e-05,2.0601742709684346e-06
665,WASP-187b,2.211709403341402e-05,7.782634893045302e-06
666,TOI-4406b,4.532776500161865e-05,5.2467537054715665e-06
667,TOI-2338b,7.150135481957515e-05,9.516592781426232e-06
668,K2-353b,6.284048377071686e-05,1.0261829016359933e-05
669,TOI-1411b,1.4050701034423216e-05,6.584066756680285e-06
670,NGTS-13b,6.664020079450429e-05,2.464813277417415e-05
671,K2-280b,4.6418883307305055e-05,1.0314634288365729e-05
672,HD93963Ac,2.1737070530941258e-05,5.839241539125957e-06
673,HATS-37Ab,6.283613562053327e-05,1.749957797255875e-05
674,K2-33b,3.866106503189943e-05,1.1332847052967823e-05
675,TOI-251b,3.1672826346910296e-05,7.3247015359978375e-06
676,TOI-1268b,2.660266876632207e-05,6.393804977000939e-06
677,K2-139b,3.597577244830549e-05,5.2235784038238615e-06
678,Gaia-1b,9.27117628514481e-05,3.185299561159516e-05
679,HATS-12b,6.267185072351722e-05,2.4550507160962376e-05
680,K2-52b,7.613874405932484e-05,3.0315423497842365e-05
681,K2-406b,2.0786117145909283e-05,2.77285685597132e-06
682,K2-24b,2.555899199135375e-05,4.554733050534219e-06
683,K2-32c,3.942188279036321e-05,6.3127869979570686e-06
684,TOI-1601b,2.5413112301904665e-05,9.119648406810454e-06
685,WASP-185b,3.620187422135916e-05,8.704327932929535e-06
686,K2-287b,3.492841301936642e-05,5.707260981633908e-06
687,Kepler-470b,1.6762781128654756e-05,3.1099565634020463e-06
688,K2-289b,5.823833198819356e-05,1.1186221824781775e-05
689,HATS-9b,0.00010093893575016192,4.3510344702504443e-05
690,WASP-163b,7.558222488341436e-05,2.9049697681626846e-05
691,TOI-540b,2.5764889844773325e-05,1.2829522026015987e-05
692,TOI-1693b,2.198761627723333e-05,9.52894919037076e-06
693,NGTS-8b,0.00012195241719332822,4.14365354251003e-05
694,K2-405b,6.639776248636397e-05,2.1646188246862514e-05
695,TOI-532b,9.149449984093098e-05,2.682198591447328e-05
696,GJ3929b,2.755948796788598e-05,6.392242494159824e-06
