,Planet Name,Noise Estimate 0.6-0.8um,Full Phase Curve Noise Estimate 0.6-0.8um
0,TOI-5704b,2.5581266074888276e-05,7.997828576138534e-06
1,TOI-672b,4.4051895893125564e-05,1.4004918520615987e-05
2,TOI-199b,2.025805911648693e-05,1.262064506676808e-06
3,WASP-176b,3.0164853761557522e-05,1.1357933870840303e-05
4,TOI-1801b,1.8503064196207925e-05,3.5574245063848153e-06
5,TOI-836c,1.0403840965859601e-05,1.94335907082678e-06
6,TOI-3807b,5.269987127800017e-05,1.4070022488723126e-05
7,TOI-4087b,3.5303992083806996e-05,1.1443200521352407e-05
8,TOI-2818b,3.2471737292588555e-05,1.0537603578145813e-05
9,TOI-3235b,0.00014068684264057757,3.6308060925504996e-05
10,TOI-4463Ab,3.072529969437212e-05,8.375665248798541e-06
11,TOI-3785b,9.08421928497321e-05,1.894241569192838e-05
12,WASP-124b,6.174277478519773e-05,1.820941625776393e-05
13,WASP-25b,3.607777965015714e-05,1.1287987100604426e-05
14,LHS1140c,8.85855173730356e-05,1.6600615176313716e-05
15,TOI-1199b,2.369532237579822e-05,7.498125385291945e-06
16,TOI-1273b,2.3261437312284248e-05,6.622908057984215e-06
17,TOI-5803b,1.882490749957192e-05,4.999819933170475e-06
18,TOI-3819b,5.183641938417e-05,1.6120737506515305e-05
19,TOI-4791b,2.8675205692168135e-05,8.540925671966299e-06
20,TOI-4377b,2.3554215161858553e-05,6.881363265527124e-06
21,Wolf327b,2.9377664208626454e-05,1.8948619201540775e-05
22,HD118203b,6.089635591463344e-06,1.5216188392769938e-06
23,TOI-1470b,6.544054831791262e-05,1.5968553295914087e-05
24,V1298Taub,1.0737567136029082e-05,1.9260249322548655e-06
25,TOI-2109b,1.6788190481237536e-05,1.0320662702627411e-05
26,K2-138g,3.0554436773364546e-05,3.608893023443993e-06
27,K2-141c,1.9647787399090093e-05,4.3971151662115735e-06
28,TRAPPIST-1b,0.00027630796894739654,6.013601375336212e-05
29,TRAPPIST-1e,0.00022220441203413298,3.0376513307646637e-05
30,TRAPPIST-1f,0.0002092425505436696,2.4783687655866968e-05
31,TRAPPIST-1g,0.00020088634363035348,2.142478108983794e-05
32,GJ3473b,7.043252284258793e-05,2.1151336435403385e-05
33,TOI-2202b,5.065606139065655e-05,9.225089344120952e-06
34,TOI-833b,2.2184178677240097e-05,1.1773796270104688e-05
35,HD28109c,7.088505535770764e-06,9.932237923324638e-07
36,TOI-2641b,4.393679304497415e-05,8.92354796441086e-06
37,TOI-1685b,3.54923369205615e-05,2.1852883054434686e-05
38,K2-87b,4.059411264491859e-05,9.551085128496043e-06
39,WASP-178b,1.623238605494945e-05,5.612671857458237e-06
40,HIP29442b,1.1157329750491349e-05,1.9032989836102337e-06
41,HD152843c,6.257992761029971e-06,1.1119898266824488e-06
42,K2-26b,5.5488422367303744e-05,1.095899135084225e-05
43,TOI-1246d,3.3322105976230806e-05,4.877991032108249e-06
44,WASP-62b,1.4900226774959567e-05,4.654197115812138e-06
45,WASP-80b,2.8935864786289694e-05,8.178724561059068e-06
46,WASP-22b,3.540919564996029e-05,1.1430979182149115e-05
47,WASP-60b,4.8737095140301796e-05,1.4483195604019515e-05
48,TOI-1296b,2.7908790145634066e-05,8.550103376271306e-06
49,HAT-P-59b,3.987240505581093e-05,1.0238290271772596e-05
50,XO-5b,3.809912234446681e-05,1.1116499948730908e-05
51,WASP-99b,1.1700576254507609e-05,3.012989269390251e-06
52,HATS-56b,2.347079136488076e-05,8.072324014230165e-06
53,WASP-70Ab,2.4534136803603984e-05,7.793317857869506e-06
54,K2-417b,6.767572215490278e-05,1.3207429381904041e-05
55,TOI-1759b,1.8426085418846048e-05,2.8514618398458872e-06
56,WASP-150b,3.887504710917145e-05,9.879542138611557e-06
57,Qatar-4b,7.89402572789232e-05,2.8348726996789253e-05
58,TOI-1201b,4.5317126041764204e-05,1.2863268129779039e-05
59,HAT-P-35b,3.9406008824517724e-05,1.3586738313517459e-05
60,TOI-561b,1.634664713803672e-05,1.129886220112076e-05
61,WASP-53b,4.618918000962778e-05,1.531029257754513e-05
62,KELT-20b,5.949930963226014e-06,2.0087962055832265e-06
63,KELT-6b,1.4375341261785175e-05,4.08719701006393e-06
64,piMenc,2.183581528722325e-06,5.149579037694385e-07
65,HATS-24b,4.757832437616264e-05,2.2942385656413734e-05
66,HD191939d,6.985056095374946e-06,9.152288951841514e-07
67,WASP-147b,3.646973781115669e-05,1.1908242194397711e-05
68,WASP-97b,1.9798451113079054e-05,8.03362784881918e-06
69,WASP-15b,2.1320994988294527e-05,7.073798310827327e-06
70,HATS-58Ab,2.687601341711353e-05,7.887158882258538e-06
71,WASP-139b,4.538918500507487e-05,1.077789921611566e-05
72,HAT-P-2b,7.911250328532526e-06,2.332065037120261e-06
73,TOI-163b,2.2383825822343044e-05,7.98104848918622e-06
74,TOI-1478b,1.852056990670364e-05,4.085784653394729e-06
75,WASP-136b,1.1322457663044214e-05,3.8493872889958266e-06
76,HATS-4b,7.828256937349978e-05,2.6142384947740308e-05
77,L98-59b,3.0203322167797545e-05,6.898273751103128e-06
78,TOI-2076b,9.115762756856208e-06,1.7909205161584326e-06
79,HAT-P-69b,1.2669964728064912e-05,4.353366261078853e-06
80,EPIC211945201b,1.5095633120161465e-05,2.3609522116942073e-06
81,K2-34b,3.172473588913981e-05,9.736459357613773e-06
82,WASP-61b,3.760559313731474e-05,1.2670638596701776e-05
83,KELT-21b,2.208007288598419e-05,7.787057931370684e-06
84,HAT-P-16b,2.2784551370198678e-05,7.931724428812574e-06
85,WASP-174b,4.287712405276316e-05,1.0346237207418811e-05
86,WASP-130b,2.392567067028827e-05,4.706641928969446e-06
87,KOI-12b,1.7294324135089003e-05,3.68354036494829e-06
88,WASP-37b,5.392965050303772e-05,1.6931835699165608e-05
89,HD191939c,7.92686122490006e-06,1.059891300188722e-06
90,WASP-83b,3.765445311020912e-05,1.0516721315766203e-05
91,WASP-46b,6.260709121747688e-05,2.9509576053118324e-05
92,XO-4b,2.1252766916212576e-05,6.379900505401612e-06
93,WASP-170b,5.9035353181794553e-05,1.848903035723078e-05
94,HD191939b,9.433057896779631e-06,1.8801417683694598e-06
95,HD86226c,5.8654794915780104e-06,1.751311516307052e-06
96,TOI-481b,1.4822800721843548e-05,2.8910446066241538e-06
97,WASP-169b,2.804525156500432e-05,9.66696794779559e-06
98,Kepler-138b,4.170410769712081e-05,8.140717307130919e-06
99,TOI-4010d,3.7286354869703286e-05,6.424257119521746e-06
100,WASP-33b,8.074095266316653e-06,3.840512843822267e-06
101,HATS-1b,4.173414034014039e-05,1.1847720925777702e-05
102,HD106315c,8.131619554971071e-06,1.3310834713548656e-06
103,XO-6b,1.3492598787633327e-05,3.998586249424434e-06
104,HAT-P-26b,3.606863441210696e-05,9.376338048436943e-06
105,TOI-125b,2.17537437257781e-05,5.906246510840512e-06
106,TOI-431d,8.56462526485385e-06,1.5259736774933414e-06
107,KELT-18b,1.4883742147560125e-05,6.1033082803628715e-06
108,TOI-892b,2.8724735969283155e-05,5.5269699212456805e-06
109,DSTucAb,7.092546252257267e-06,1.5297304925070102e-06
110,WASP-105b,3.0809080787874724e-05,7.275738701864702e-06
111,TOI-776b,2.1709542343263952e-05,4.075538383549142e-06
112,HATS-42b,6.714569896551072e-05,2.6109203199075598e-05
113,WASP-177b,5.052059241323358e-05,1.2537745609979984e-05
114,HAT-P-13b,2.243547536339122e-05,7.82176627240762e-06
115,WASP-103b,3.582914792541961e-05,1.824714847296812e-05
116,HATS-27b,4.318121642126613e-05,1.4657921633406154e-05
117,WASP-141b,4.6782401444444134e-05,1.618289920829471e-05
118,K2-238b,4.804993156655228e-05,1.6157166120894206e-05
119,TOI-257b,3.587117917563226e-06,7.370961429299638e-07
120,WASP-181b,6.245541151531245e-05,1.7458741220851306e-05
121,WASP-135b,6.105486634267439e-05,2.1903388644040334e-05
122,WASP-81b,4.091940721948874e-05,1.4795268778488242e-05
123,WASP-19b,5.406051262985135e-05,2.4355005247361037e-05
124,HAT-P-4b,2.337348170817947e-05,8.970665947634293e-06
125,WASP-32b,3.5422800837199846e-05,1.1217117505712411e-05
126,WASP-73b,1.4619831668840248e-05,5.58702992419278e-06
127,LTT1445Ac,3.330851498672518e-05,4.581807074185973e-06
128,WASP-64b,6.267487230470207e-05,2.5080333542264538e-05
129,HD110113b,1.5049111680330285e-05,5.601349916623894e-06
130,K2-30b,6.026696042964854e-05,1.5601142846319383e-05
131,WASP-21b,2.474534112556809e-05,7.271689203819145e-06
132,HAT-P-21b,3.425619042407647e-05,1.084045055578061e-05
133,KOI-13b,2.5457395549164803e-05,1.1040565636599727e-05
134,WASP-123b,2.1775844287306335e-05,7.382643836796964e-06
135,KELT-12b,1.36443469383438e-05,4.8283924195225295e-06
136,HATS-60b,4.2715876181012516e-05,1.4754680093458037e-05
137,WASP-133b,5.251760660649383e-05,2.132919492991981e-05
138,HATS-65b,4.679041705924872e-05,1.5092826404878437e-05
139,HATS-40b,5.1704167949563326e-05,2.1287863089821846e-05
140,HATS-33b,3.426002205457596e-05,1.2732133103245766e-05
141,HATS-68b,4.083885083387133e-05,1.3328091841567912e-05
142,HAT-P-57b,1.7406327123424173e-05,6.5629094477425255e-06
143,WASP-54b,1.4404794872101736e-05,5.2221820310726275e-06
144,HATS-25b,5.919510178013167e-05,1.7281343748286508e-05
145,TOI-776c,1.9490527596390043e-05,2.9752559600575195e-06
146,HAT-P-5b,3.506728514633946e-05,1.193181747264902e-05
147,Qatar-8b,2.6530425475706494e-05,9.165268135236688e-06
148,WASP-18b,1.274014714927665e-05,6.068131777064524e-06
149,TrES-5b,6.950009375732688e-05,3.230606260562913e-05
150,WASP-2b,3.9819690059718195e-05,1.22142053709755e-05
151,HAT-P-55b,7.160109884072594e-05,2.1816135314331144e-05
152,HAT-P-36b,4.667401530147944e-05,1.9453430176374975e-05
153,WASP-65b,4.249852258745012e-05,1.5255184369950886e-05
154,WASP-159b,3.163231177968755e-05,1.2408277735648497e-05
155,WASP-93b,3.08399252172061e-05,9.39145752505974e-06
156,WASP-140b,3.219289783420809e-05,8.99402384232451e-06
157,KELT-16b,4.422670513494471e-05,2.1802878595456756e-05
158,Kepler-5b,5.8358243532688406e-05,1.8751636855765698e-05
159,WASP-129b,4.811907285469813e-05,1.1303272107710354e-05
160,WASP-145Ab,4.611844923919803e-05,1.1718469680363162e-05
161,WASP-167b,2.529713029826433e-05,9.603900355054336e-06
162,K2-232b,1.1196920671347239e-05,2.5849658468029286e-06
163,TOI-157b,5.765230350910903e-05,1.9466178931995312e-05
164,WASP-76b,1.2434777053187979e-05,5.606010167534822e-06
165,Qatar-2b,5.3935637076130224e-05,2.6092535202568716e-05
166,LP791-18d,0.0002068470537173754,4.131285373594126e-05
167,HATS-22b,7.965277261578648e-05,1.8648956056083163e-05
168,HAT-P-51b,6.303480430120667e-05,1.8987219590680278e-05
169,TOI-837b,2.2493473737540085e-05,3.800389798115863e-06
170,HAT-P-56b,2.910410300459809e-05,8.843554017608165e-06
171,WASP-57b,8.101419167159672e-05,2.458663538475547e-05
172,KELT-24b,6.117457957107628e-06,1.8175700501328738e-06
173,HATS-35b,4.2738283569327806e-05,1.7943918462063132e-05
174,WASP-94Ab,1.716229920570051e-05,5.254305517761871e-06
175,HAT-P-24b,3.3667427229774366e-05,1.1709327446627023e-05
176,WASP-31b,3.590723455401948e-05,1.1751344843756418e-05
177,WASP-183b,7.566961797401739e-05,1.8184075004355554e-05
178,HAT-P-66b,5.2396678946024826e-05,2.1285159285174067e-05
179,WASP-63b,2.280674835499335e-05,6.662990129124587e-06
180,HAT-P-33b,2.4691438061250717e-05,8.009069048990596e-06
181,WASP-48b,3.72012631117647e-05,1.488409471653932e-05
182,HD219134b,3.18383605401459e-06,6.143786695385638e-07
183,HATS-3b,3.2085467357135436e-05,1.0745553467074859e-05
184,HAT-P-8b,1.4790659700419215e-05,5.414683146822668e-06
185,WASP-96b,5.7051219098338925e-05,1.6271618599761263e-05
186,WASP-24b,2.8033385499114646e-05,1.0805584648843663e-05
187,TOI-216.01,2.9024595810800865e-05,4.06166892400565e-06
188,KELT-3b,1.6869735399501675e-05,6.016035395607048e-06
189,WASP-132b,3.3942418860013285e-05,7.798025595527607e-06
190,KELT-17b,1.1803132441612392e-05,4.149592797930791e-06
191,KELT-10b,1.866922935054305e-05,5.93279573803746e-06
192,WASP-117b,1.2511199834553794e-05,3.2860838227644127e-06
193,HATS-51b,3.654161926354509e-05,1.2136340169126286e-05
194,K2-333b,2.998961875851652e-05,6.021304810585543e-06
195,WASP-126b,2.2431950250387847e-05,7.59634835302566e-06
196,WASP-6b,4.081245179988368e-05,1.3435959129978831e-05
197,LHS3844b,0.00013388035421747118,4.702451780288299e-05
198,KELT-7b,7.810288594972843e-06,2.9044860157012112e-06
199,K2-198b,2.401699637061585e-05,3.674720133582275e-06
200,WASP-78b,3.193991914759359e-05,1.5052084984991982e-05
201,HAT-P-45b,2.5350988185901362e-05,8.81901826697431e-06
202,TrES-2b,4.051636325195696e-05,1.1672734954301358e-05
203,CoRoT-2b,4.003296182053178e-05,1.4970702885914585e-05
204,HAT-P-27b,5.12730342635998e-05,1.3034224017500772e-05
205,G9-40b,7.030629827384349e-05,1.1818840184461606e-05
206,WASP-41b,2.8774072747756576e-05,9.886087503531066e-06
207,TOI-640b,1.740547630940648e-05,5.002745343546878e-06
208,TOI-1259Ab,3.795894340070393e-05,1.0849781508743398e-05
209,WASP-138b,3.31380778361559e-05,1.1230601313234471e-05
210,WASP-74b,1.3315750908709496e-05,5.333736203210292e-06
211,HAT-P-25b,5.1914418884299085e-05,1.5383663716844876e-05
212,HAT-P-62b,4.346776493756037e-05,1.554400113725774e-05
213,WASP-29b,2.1769771913689917e-05,6.686017342268582e-06
214,WASP-82b,1.4518241214829651e-05,5.2583843220753495e-06
215,HAT-P-29b,2.8306469319154157e-05,7.923682344995068e-06
216,K2-31b,4.160097754859654e-05,1.2402234104913065e-05
217,HAT-P-37b,7.805470126585907e-05,2.3970575009617794e-05
218,XO-2Nb,2.5280338909123383e-05,9.291449923267865e-06
219,HAT-P-32b,2.7286888782656466e-05,1.069293779868776e-05
220,KPS-1b,6.773179345018203e-05,2.2421652905844e-05
221,XO-1b,2.5372763973837677e-05,7.775731569412807e-06
222,WASP-190b,3.274987531186197e-05,1.0049731213817431e-05
223,WASP-92b,5.447716010011016e-05,2.0180879074696425e-05
224,HAT-P-19b,4.778968325832091e-05,1.3623597019587616e-05
225,HAT-P-67b,1.1239277121676906e-05,4.406349673908099e-06
226,K2-107b,4.879199397692843e-05,1.5990278468317535e-05
227,HAT-P-1b,1.8494186083660782e-05,5.027121263704819e-06
228,WASP-16b,2.3629262859034225e-05,8.041903823875991e-06
229,K2-261b,1.5386153599808424e-05,3.5193181605540596e-06
230,GJ3470b,2.3713471572188198e-05,7.832102438929164e-06
231,HAT-P-15b,1.9958518678632024e-05,4.862512746526445e-06
232,K2-55b,5.599124304518295e-05,1.9827898776256617e-05
233,WASP-166b,1.1100535115999589e-05,3.067340362448798e-06
234,HIP65Ab,3.7959787805468315e-05,1.1451815648316606e-05
235,WASP-101b,1.7439546307686897e-05,5.57748016509666e-06
236,WASP-5b,4.750946061005401e-05,1.8643309664862906e-05
237,XO-3b,1.809658997641186e-05,5.857479681075253e-06
238,K2-121b,5.0677554254190066e-05,1.3695044391720604e-05
239,WASP-165b,4.369111732646772e-05,1.580802835138818e-05
240,K2-25b,0.00018302395849077954,2.9886930762043283e-05
241,LTT3780c,4.6148173553095295e-05,5.460844776006992e-06
242,HAT-P-9b,3.834419790918566e-05,1.1924462788322388e-05
243,HAT-P-28b,5.1351531231383695e-05,1.702616232999343e-05
244,HAT-P-49b,1.7368047591459135e-05,6.9524674665157815e-06
245,K2-266d,2.7653076175335013e-05,4.641005078498001e-06
246,WASP-98b,5.707646512827505e-05,1.9869467207278818e-05
247,WASP-85Ab,2.0708379198130282e-05,6.83314588341367e-06
248,WASP-157b,5.085170094143448e-05,1.2246582443669115e-05
249,HAT-P-6b,1.9682064230149234e-05,6.290166042692514e-06
250,WASP-153b,4.219167630540866e-05,1.4970499970777108e-05
251,HAT-P-31b,2.500512424154207e-05,8.43314619861116e-06
252,TOI-216.02,4.7463004997928804e-05,5.766643727781732e-06
253,WASP-47b,3.3014640683073786e-05,9.873669852694048e-06
254,HD63433b,3.622195217795074e-06,8.018232253098657e-07
255,Kepler-435b,3.210747453554147e-05,1.0921898862054728e-05
256,WASP-56b,3.975306368244688e-05,1.1788972705585445e-05
257,WASP-42b,3.6372028054826965e-05,9.458103344852434e-06
258,GJ1214b,5.252261214398129e-05,2.3804274024736805e-05
259,TOI-150.01,2.0622433245670788e-05,6.472311481652027e-06
260,TOI-451c,1.966385073126461e-05,4.224954511655705e-06
261,TOI-2076d,9.293496659396214e-06,9.861428674405731e-07
262,TOI-1266c,4.457003242741882e-05,5.1681687004382035e-06
263,Qatar-10b,5.9174089391005224e-05,2.468069855637952e-05
264,TOI-270d,2.572586215724413e-05,4.789260096396248e-06
265,WASP-72b,2.4141821671115863e-05,1.007422257628522e-05
266,WASP-91b,3.8338566189642714e-05,1.1799002170728642e-05
267,Kepler-7b,6.0371209346511347e-05,1.6770929711492e-05
268,WASP-28b,3.88513853466387e-05,1.2656372314470575e-05
269,WASP-131b,1.5126062365033279e-05,4.345688194815393e-06
270,HAT-P-20b,2.9675578270662027e-05,8.189009975626762e-06
271,WASP-35b,2.372655408878759e-05,8.026278571882795e-06
272,WASP-20b,1.92162163362565e-05,5.431314989261686e-06
273,WASP-158b,4.132462644726419e-05,1.363937383751972e-05
274,LP714-47b,2.8373571530733975e-05,8.586950399375595e-06
275,HIP67522b,1.0623341271604736e-05,2.9991911187108197e-06
276,TOI-1859b,1.8928106625573218e-05,1.5135770413418952e-06
277,EPIC246851721b,2.4913791542709135e-05,6.900469328512611e-06
278,WASP-26b,2.5912865865612718e-05,9.309779159992304e-06
279,Qatar-9b,0.00010159184044547521,3.6847753185846626e-05
280,HATS-26b,4.1379789193618054e-05,1.6801356707978995e-05
281,KELT-9b,4.648838645662146e-06,2.3169296538166796e-06
282,WASP-104b,3.951532771866853e-05,1.3194005747500008e-05
283,KELT-23Ab,1.9269356914970697e-05,6.5794135852777435e-06
284,HATS-2b,7.840261998564064e-05,3.1395218342152396e-05
285,WASP-69b,1.5357709286182683e-05,3.981404892885785e-06
286,CoRoT-19b,4.916852212859677e-05,1.7796204956822236e-05
287,Kepler-18d,5.7739425558878444e-05,1.000414607579083e-05
288,HD209458b,4.992887028419227e-06,1.6091409459239266e-06
289,GJ357b,1.9231436393201953e-05,3.8191097956477935e-06
290,WASP-43b,5.0757042842831146e-05,1.9770806216801752e-05
291,HD189733b,6.026318657570319e-06,1.847331488734986e-06
292,WASP-173Ab,3.388197516441029e-05,1.417705495734221e-05
293,WASP-172b,2.2100839327508837e-05,7.256298444288968e-06
294,TOI-1333b,1.0184040975043204e-05,3.369410300553008e-06
295,TOI-4479b,8.537186749873454e-05,4.3585205428674055e-05
296,WASP-148b,3.943879591033521e-05,8.305369106123235e-06
297,AUMicb,4.8200482866869645e-06,1.0675841045937111e-06
298,WASP-12b,3.068396921908364e-05,1.5508797268404773e-05
299,TOI-4515b,3.436390737061767e-05,5.524277878425433e-06
300,LHS1678b,5.362917707598172e-05,1.7316335799027942e-05
301,LHS1678c,4.327776608333406e-05,8.650775369507547e-06
302,LHS1678d,4.7997364466306366e-05,7.521491987927784e-06
303,TOI-1994b,1.7035108929265925e-05,5.684799558290257e-06
304,GJ806b,2.218888297105798e-05,7.4093231718718915e-06
305,Kepler-91b,4.547211201713446e-05,1.1266493870795971e-05
306,TOI-3688Ab,3.788597974524675e-05,1.30270425767032e-05
307,LHS1478b,7.605143577096678e-05,1.581578760276143e-05
308,Kepler-1658b,3.6303644521945364e-05,1.0129693190823866e-05
309,GJ9827b,2.0142523008916708e-05,6.837805136476127e-06
310,GJ9827c,1.6728608844160797e-05,4.059734921547472e-06
311,GJ9827d,2.0414639009466534e-05,3.170756298635574e-06
312,LTT1445Ab,1.905098628951315e-05,3.3614999705098495e-06
313,KELT-4Ab,1.5762226007417844e-05,5.605497448768067e-06
314,HAT-P-54b,5.572379480427952e-05,1.7362124631756183e-05
315,MASCARA-4b,6.701051724566575e-06,2.5878373561516553e-06
316,HATS-70b,5.971340382352579e-05,2.626624499751965e-05
317,WASP-52b,5.350354424196742e-05,1.8102453953203262e-05
318,WASP-7b,1.272886768011701e-05,3.5131653576797923e-06
319,HAT-P-44b,5.990910854102295e-05,1.7285807576990982e-05
320,KELT-14b,3.033947321287629e-05,1.114405661137635e-05
321,WASP-192b,5.948628100504898e-05,1.797349154003186e-05
322,WASP-162b,3.917877978123636e-05,8.968266542962872e-06
323,TOI-169b,5.733046744606401e-05,1.6851662734756087e-05
324,GJ1132b,3.223974012004472e-05,1.4436631092289393e-05
325,HD63433c,3.0620602706206625e-06,4.777157697121772e-07
326,HATS-52b,8.327434503926339e-05,3.336257602485913e-05
327,HATS-57b,4.807604405143278e-05,1.6435362228006766e-05
328,KELT-15b,2.464763438308198e-05,9.026435061837062e-06
329,HD202772Ab,5.553287151953929e-06,2.3257217408202363e-06
330,HATS-10b,6.642256178051614e-05,2.120378843060534e-05
331,K2-198d,2.401699637061585e-05,5.476047548350665e-06
332,HATS-64b,4.168571233031812e-05,1.4960096186083387e-05
333,K2-260b,3.963007880865738e-05,1.6122407707665096e-05
334,WASP-180Ab,2.3444574852364553e-05,7.50887614870783e-06
335,TOI-674b,4.740153142915557e-05,1.9615715512028534e-05
336,TrES-3b,3.931871785583937e-05,1.9192068742684083e-05
337,WASP-10b,4.4305651131566346e-05,1.3064972385799273e-05
338,TOI-1789b,1.594092105980488e-05,4.57122991143395e-06
339,KELT-1b,2.1476118253177645e-05,1.0094927107563023e-05
340,WASP-107b,2.5162477418492486e-05,5.993206410891064e-06
341,WASP-36b,5.0423228299413474e-05,2.310413496835166e-05
342,Kepler-18c,5.930603980600641e-05,1.3777007421509254e-05
343,HAT-P-68b,8.53517769423989e-05,2.7249037136226012e-05
344,TOI-1807b,2.285024663761626e-05,9.756985626216876e-06
345,HAT-P-17b,1.6091259289979748e-05,3.4791128676857376e-06
346,HATS-45b,6.805626951006411e-05,1.964632607106383e-05
347,TOI-1728b,3.883344071386097e-05,9.944018908230028e-06
348,HAT-P-3b,3.522876872127279e-05,1.0094363293286078e-05
349,WASP-95b,1.4882188918089081e-05,5.907019359887113e-06
350,HATS-31b,4.346100462167858e-05,1.6565917816982265e-05
351,KELT-19Ab,1.2432298191154232e-05,4.055904955047061e-06
352,WASP-87b,2.0404718732950004e-05,9.018595088362763e-06
353,Kepler-447b,6.448412872678882e-05,8.621842248757882e-06
354,Kepler-1656b,2.3210791996461123e-05,2.6238293487629665e-06
355,TOI-4010c,4.25070821624763e-05,1.0421035285516173e-05
356,HATS-55b,6.946079978728898e-05,1.9204463942095873e-05
357,Kepler-450b,2.1883245151503285e-05,4.070687132176411e-06
358,K2-155c,3.126550078098955e-05,5.491618974373246e-06
359,WASP-13b,2.130063393352865e-05,6.239340318172264e-06
360,WASP-58b,3.0939861545437805e-05,9.095453347245137e-06
361,WASP-119b,3.696379613416638e-05,1.3396514695404468e-05
362,HAT-P-52b,8.061876018492406e-05,2.5303308747143816e-05
363,WASP-4b,5.4633200065021675e-05,2.2248010973129795e-05
364,HATS-5b,4.7243543474062176e-05,1.2734322610705889e-05
365,Qatar-7b,4.901279386757794e-05,2.0818159215637025e-05
366,WASP-114b,5.102737139220144e-05,2.1850560325939004e-05
367,55Cnce,3.13729322213018e-06,1.4483646195245466e-06
368,WASP-160Bb,5.677096748180918e-05,1.6668783534397876e-05
369,WASP-142b,6.198961087526475e-05,2.3221573558402914e-05
370,HATS-29b,4.675889000147229e-05,1.323890283820233e-05
371,K2-140b,4.3834760204192816e-05,1.1396765758816953e-05
372,WASP-50b,4.5211773311002986e-05,1.4645473286410588e-05
373,TOI-431b,8.56462526485385e-06,5.774923263801052e-06
374,TOI-172b,2.2662414591084775e-05,5.482847323474097e-06
375,TOI-2076c,8.097581855796999e-06,1.2663785961070446e-06
376,WASP-90b,2.6051312185230193e-05,8.102443702816226e-06
377,TOI-269b,6.158392880160779e-05,1.9425165497137812e-05
378,HAT-P-50b,3.335430502887582e-05,1.1944815819419526e-05
379,TrES-1b,3.080382931199231e-05,1.0617775431489229e-05
380,WASP-106b,2.458673752033417e-05,6.378666435008171e-06
381,K2-266b,8.841714742939195e-05,2.1569449299967934e-05
382,TOI-201b,9.753900938555337e-06,8.532617563969325e-07
383,WASP-88b,2.07353229673631e-05,7.544900662156393e-06
384,HATS-39b,5.482824180850217e-05,1.6673887132626448e-05
385,WASP-168b,4.4817259756829e-05,1.0456021861772466e-05
386,HD2685b,1.2892870165430462e-05,3.869545869505574e-06
387,K2-237b,3.014873809028102e-05,1.1429367865578213e-05
388,HD149026b,5.9670567403186515e-06,2.096485888543065e-06
389,HAT-P-39b,4.258745135032549e-05,1.5278578693897667e-05
390,TOI-270c,2.572586215724413e-05,6.674637707837529e-06
391,HAT-P-30b,2.5183460234473507e-05,7.406195902333743e-06
392,LP791-18b,0.0002678275309536792,7.318614876203623e-05
393,HAT-P-12b,5.078919219013354e-05,1.4663965835371597e-05
394,TOI-421c,1.4935913431705198e-05,2.1461811043194707e-06
395,TOI-700c,5.0903796457767594e-05,5.311759758303676e-06
396,TOI-451d,1.8328308395945403e-05,3.192655291950994e-06
397,NGTS-2b,1.9446785369980384e-05,6.570683732043841e-06
398,WASP-89b,6.500166902851272e-05,1.8831035260352743e-05
399,WASP-161b,1.8087676164414222e-05,5.8895989938718455e-06
400,WASP-68b,1.3869394480134114e-05,4.643948771316698e-06
401,TOI-904b,2.9146799102215143e-05,5.848052190453898e-06
402,KELT-8b,1.5664529516515417e-05,5.376481272504054e-06
403,Qatar-5b,4.931072101740101e-05,1.6511499423977893e-05
404,HATS-13b,7.776569934276049e-05,2.4298351647284757e-05
405,TOI-1518b,1.0597886277763871e-05,4.4557912390256844e-06
406,KOI-94d,3.761595604213387e-05,5.040661880984785e-06
407,WASP-8b,1.1837326430838662e-05,2.973785453765465e-06
408,WASP-3b,2.0843488550880815e-05,8.284561640138133e-06
409,WASP-186b,2.376933548422002e-05,5.966213861458201e-06
410,WASP-175b,5.8757138723409726e-05,1.84302971667864e-05
411,WASP-164b,6.741582377427913e-05,2.146381051384289e-05
412,HAT-P-38b,4.5410090152527554e-05,1.2494846725513435e-05
413,HD332231b,5.651820613854296e-06,1.1232610280669895e-06
414,WASP-144b,9.419001954348841e-05,2.9306299148140013e-05
415,TOI-125c,2.178023500053272e-05,4.288901337755156e-06
416,WASP-75b,3.684760592244918e-05,1.1072891791303535e-05
417,HAT-P-40b,1.8927009759444365e-05,7.252590866274901e-06
418,WASP-66b,3.0493493141897544e-05,9.193531958514673e-06
419,WASP-17b,2.3632341869886492e-05,8.459478610591709e-06
420,WASP-79b,1.6220411415450167e-05,5.50621032450317e-06
421,WASP-14b,1.359086963638449e-05,5.334031029350298e-06
422,HD219666b,1.7073722574747206e-05,3.4281675589527498e-06
423,WASP-120b,2.1772192056386315e-05,7.210666916295692e-06
424,HATS-7b,6.41468813806383e-05,1.845374920254252e-05
425,HAT-P-34b,1.7609199891767784e-05,4.794083086938943e-06
426,HATS-30b,4.52217595901173e-05,1.4136540316718962e-05
427,TOI-561c,1.4824926191894688e-05,3.0264510507016785e-06
428,TOI-905b,3.17286766294656e-05,7.994432431561049e-06
429,WASP-34b,2.45735620831528e-05,5.886065689600212e-06
430,WASP-67b,3.572251979829024e-05,1.0187855134521571e-05
431,WASP-11b,2.7515732677100688e-05,8.653121415224922e-06
432,HAT-P-41b,2.097976165518344e-05,8.378476190059266e-06
433,HAT-P-43b,6.812818195310395e-05,2.2455667262951765e-05
434,HAT-P-23b,4.8408489301797506e-05,2.0730987010767997e-05
435,TOI-2158b,1.8348161296407872e-05,4.181828628282659e-06
436,WASP-44b,7.397459644833052e-05,2.379003758727066e-05
437,WASP-55b,3.5537526437815705e-05,1.0288622356483772e-05
438,WASP-156b,3.497034409023592e-05,9.436238244413165e-06
439,WASP-49b,3.3166160331008114e-05,9.823392682527329e-06
440,TrES-4b,3.130076495181698e-05,1.0568072715542187e-05
441,HD89345b,8.243668825752208e-06,1.9672039536688115e-06
442,GJ1252b,5.026528093988454e-05,1.9380911610056882e-05
443,WASP-23b,5.327479972639306e-05,1.61822849488318e-05
444,HD108236d,9.33058445454698e-06,1.6658716085907874e-06
445,WASP-113b,3.078579550385295e-05,1.0012666040184742e-05
446,L98-59c,2.5929134545628147e-05,5.414178626527284e-06
447,HAT-P-18b,4.6299850728471554e-05,1.1153026661519882e-05
448,HAT-P-7b,2.07103389526095e-05,8.18869500259148e-06
449,KELT-2Ab,7.998800271698038e-06,2.40416777662312e-06
450,HAT-P-46b,2.6018000307739833e-05,7.352030250725524e-06
451,TOI-677b,1.4491647426843789e-05,2.4194911306609712e-06
452,WASP-71b,1.6081309851570685e-05,6.778150966622529e-06
453,HATS-72b,3.830634308055051e-05,8.56459277926563e-06
454,WASP-118b,2.058289573532123e-05,7.399955838008887e-06
455,Kepler-6b,5.96374454874339e-05,1.9970799947086775e-05
456,KELT-11b,3.8737728097737434e-06,1.5423138394849712e-06
457,HAT-P-65b,4.564999944552864e-05,1.8996929249297175e-05
458,CoRoT-11b,6.108381934557512e-05,1.878103165251687e-05
459,L98-59d,3.282244340698537e-05,3.869253119618405e-06
460,LP791-18c,0.00018317741121408478,3.087159930717943e-05
461,HD108236e,9.00039200336403e-06,1.4221371104193817e-06
462,LTT3780b,5.7084138941558424e-05,1.956200382237318e-05
463,K2-29b,4.8491673335814094e-05,1.3326841735290223e-05
464,WASP-45b,5.8600504413524954e-05,1.4712396244116736e-05
465,Kepler-105b,3.2692282114457695e-05,8.700021413365364e-06
466,HAT-P-11b,1.1901204984090266e-05,2.8032153745223468e-06
467,TOI-421b,2.33691342114145e-05,3.7635731466733624e-06
468,K2-19b,4.919033253627003e-05,1.0894073794918914e-05
469,TOI-1298b,2.9564704530140547e-05,8.497294706733104e-06
470,HAT-P-22b,1.3386057983489795e-05,4.243087982382484e-06
471,HAT-P-42b,3.261883854597748e-05,1.0211092896495737e-05
472,WASP-121b,2.187200940614811e-05,1.0273389074223153e-05
473,TOI-824b,3.365898358090446e-05,1.0308481046726526e-05
474,TOI-270b,2.572586215724413e-05,8.470219700141259e-06
475,XO-7b,2.0202958321133685e-05,6.636988710470407e-06
476,Qatar-1b,5.823460384148564e-05,2.0799125401525117e-05
477,HD97658b,5.5347633752895385e-06,1.0741527722050877e-06
478,TOI-942c,2.9283767994484482e-05,6.129605863107661e-06
479,GJ3090b,2.8814252863566236e-05,6.642301108418546e-06
480,TOI-2134c,5.470470096720876e-06,4.5265545276762e-07
481,TOI-3693b,3.391802780501624e-05,7.324835608451126e-06
482,TOI-1470c,4.505780512034798e-05,6.09811197003851e-06
483,TOI-1408b,1.2719747134908558e-05,3.698104452045382e-06
484,HD260655b,1.326256117616519e-05,2.9460506771046206e-06
485,HD63935b,7.383237334966387e-06,1.5541557600577436e-06
486,TOI-1420b,3.19738087688984e-05,7.642499602111659e-06
487,HD260655c,1.4366907066853492e-05,2.082847135023961e-06
488,HD109833b,1.042075848298823e-05,2.1500601081375324e-06
489,TOI-4010b,5.3175862871619166e-05,1.9964744914914685e-05
490,TOI-1272b,3.1528080648863226e-05,1.0441961325042337e-05
491,HAT-P-64b,3.3957253834957245e-05,1.2391830239680462e-05
492,TOI-178e,2.7618317147282457e-05,4.817576167537818e-06
493,TOI-178g,2.9670482073755303e-05,3.3713391319731595e-06
494,TOI-1135b,1.076774655755455e-05,2.6225968345241286e-06
495,TOI-2524b,5.212954915575016e-05,1.209088233598999e-05
496,TOI-178d,2.851609509897587e-05,5.899750772467098e-06
497,Kepler-109c,3.324605720291977e-05,6.388416340077211e-06
498,TOI-2207b,2.4657475653495582e-05,6.405009137254002e-06
499,HAT-P-61b,7.292728872172174e-05,2.285815107940971e-05
500,TOI-277b,5.3309868129948666e-05,1.6239636190369626e-05
501,TOI-1820b,2.3892944904545532e-05,6.314587089577103e-06
502,TOI-1710b,9.283149997816824e-06,1.5044628638551156e-06
503,TOI-2421b,2.1987809519266875e-05,7.700724379998919e-06
504,WASP-182b,3.8847336340006765e-05,1.1503808721383121e-05
505,TOI-1136c,1.1818498367576298e-05,2.926567381009244e-06
506,TOI-1136d,1.0529010720070024e-05,2.092888829065371e-06
507,NGTS-11b,3.8571584125199355e-05,4.3121891741037885e-06
508,HIP94235b,7.895261944976741e-06,1.548937599301633e-06
509,TOI-2025b,2.7890086821770614e-05,6.128535201128077e-06
510,TOI-2018b,1.4442444522587693e-05,2.8212761159709033e-06
511,GJ486b,1.2301380288195716e-05,5.7411226413245155e-06
512,Gaia-2b,2.721014916855819e-05,8.58926514080055e-06
513,TOI-2427b,1.2686925532039724e-05,6.193017313313871e-06
514,TOI-139b,1.3270771356858063e-05,2.5035559204026234e-06
515,LHS475b,4.938186402067703e-05,1.0210639835197585e-05
516,TOI-2583Ab,4.243728400443315e-05,1.3984843973383901e-05
517,TOI-2796b,5.746225011815173e-05,1.2652303712216158e-05
518,TOI-3976Ab,3.725303318906789e-05,1.0452323948098578e-05
519,TOI-969b,3.971259110830281e-05,1.2194806771248078e-05
520,TOI-2000c,2.101949452944003e-05,4.588730603240563e-06
521,TOI-2364b,4.266478664193163e-05,1.2025142977382925e-05
522,TOI-2498b,2.8405066861641813e-05,8.915793750164397e-06
523,TOI-2587Ab,2.6046898224773065e-05,7.684655906474548e-06
524,TOI-4145Ab,4.7849547802128083e-05,1.1798681727725845e-05
525,HD23472f,1.2264701930072348e-05,2.05838503784735e-06
526,HD207496b,8.127553768895325e-06,1.4778817372966544e-06
527,HD23472c,1.2011794315635436e-05,1.325821220331867e-06
528,TOI-1937Ab,7.921073264245072e-05,3.106911740680321e-05
529,TOI-2803Ab,4.7477377664199115e-05,1.925663479317055e-05
530,TOI-2842b,5.3512136509485836e-05,1.542610995083403e-05
531,K2-415b,6.441545105910482e-05,1.9569498721774393e-05
532,TOI-913b,1.6274636400545266e-05,3.066530588959637e-06
533,TOI-2977b,4.2292500558150404e-05,1.5537413346950066e-05
534,TOI-444b,1.1271513595189035e-05,1.8000408467519692e-06
535,TOI-470b,2.704424755931877e-05,4.7191148725320595e-06
536,TOI-836b,1.2209718857409376e-05,2.8845764146697562e-06
537,TOI-1416b,1.9438436911372982e-05,7.506715882592689e-06
538,TOI-2459b,1.445254506520846e-05,2.09122144200829e-06
539,TOI-3023b,2.578867819825714e-05,9.550400218731215e-06
540,TOI-3082b,4.290176772409939e-05,1.794362753437477e-05
541,TOI-3912b,4.422782363007654e-05,1.4860752119837788e-05
542,TOI-4551b,1.1444882122050846e-05,2.272274584594301e-06
543,TOI-858Bb,2.4148078913172356e-05,8.39031194287858e-06
544,HD183579b,8.175572860489885e-06,1.2358258089971097e-06
545,HD1397b,3.0897932451074605e-06,9.022105350266478e-07
546,NGTS-12b,2.9216981644060915e-05,8.691038254601911e-06
547,TOI-2570b,4.6936139525367984e-05,1.5686521582478104e-05
548,TOI-778b,9.360398702587086e-06,2.840563447980694e-06
549,TOI-1694b,2.588281156985458e-05,8.093012156510496e-06
550,TOI-2443b,8.025138095818287e-06,1.2792534956549525e-06
551,TOI-1452b,6.359001296138101e-05,1.2000997004041232e-05
552,TOI-1516b,2.551295772870052e-05,9.76921570787138e-06
553,TOI-1431b,7.527255110471523e-06,2.439823108659085e-06
554,HATS-38b,4.3230875244272475e-05,1.2540893495307527e-05
555,K2-36c,4.416903131746555e-05,7.739961254292681e-06
556,TOI-4600b,2.948201874198265e-05,3.1298131210971663e-06
557,TOI-1181b,1.968098497034428e-05,8.674759927255907e-06
558,HAT-P-58b,3.6925806140722714e-05,1.2492113534253998e-05
559,K2-329b,4.34447599662624e-05,8.135447379632832e-06
560,TOI-5678b,1.799892462642974e-05,2.4081695850355447e-06
561,TOI-620b,3.451214867729956e-05,6.199260195741662e-06
562,TOI-5344b,0.000117620501716201,2.7907776379472934e-05
563,HD73583b,1.2671378675185158e-05,2.5040170314339364e-06
564,WASP-77Ab,2.0333809710447776e-05,8.256446259831223e-06
565,LTT9779b,1.2829418058610577e-05,7.48387507905227e-06
566,TOI-3364b,2.273131651793159e-05,6.816826220692676e-06
567,TOI-1634b,5.8647865597486276e-05,1.9875877757822764e-05
568,TOI-4641b,4.217604009650499e-06,7.286664283842128e-07
569,TRAPPIST-1d,0.000237347740773625,3.7169539930872394e-05
570,TRAPPIST-1h,0.00019015153493460597,1.7408467367311888e-05
571,TOI-244b,3.287784368100894e-05,5.494109532854098e-06
572,TOI-544b,2.9711437886200485e-05,8.86334945793453e-06
573,HD110067b,6.766417498818543e-06,1.3653884362945937e-06
574,HD110067c,6.1846645267326595e-06,1.1193229149413555e-06
575,HD110067d,6.092200473702364e-06,9.184451617983767e-07
576,HD110067f,5.237691586956556e-06,6.516889789083464e-07
577,TOI-1442b,6.737997029927106e-05,4.7629640480370346e-05
578,TOI-622b,8.968789364641219e-06,2.387662513782294e-06
579,K2-138f,3.722597644393157e-05,6.490643471362909e-06
580,TRAPPIST-1c,0.00025593317046819676,4.7808149619471774e-05
581,TOI-122b,8.942467631783622e-05,2.440210654279012e-05
582,TOI-5126b,1.4653739119093147e-05,4.108618257331538e-06
583,TOI-500b,2.9535244510991563e-05,1.2716771586636306e-05
584,TOI-1107b,1.7975520955200114e-05,5.424185201627982e-06
585,K2-370b,2.3069789463724647e-05,9.235203290939138e-06
586,HD28109d,6.671427857147532e-06,8.117622170283313e-07
587,HD110082b,1.1161235168933272e-05,2.0728143422489515e-06
588,TOI-3714b,0.00011923597334776982,3.533819172975117e-05
589,TOI-3629b,8.723916163511359e-05,2.2292398514399492e-05
590,TOI-1194b,3.287431734650309e-05,9.49913297682962e-06
591,TOI-5398b,1.3794533223517685e-05,3.017573374044423e-06
592,TOI-5398c,1.6097035336624664e-05,4.42883172361171e-06
593,TOI-1670c,1.1912363489960081e-05,1.5206169347221692e-06
594,K2-3b,2.6933241899666786e-05,5.3220334199570695e-06
595,GJ367b,2.0016942829567175e-05,8.868081022636571e-06
596,K2-174b,2.561241304338442e-05,4.845017343989442e-06
597,TOI-628b,1.4577008496147197e-05,5.08696581888535e-06
598,TOI-712b,2.5639565725707412e-05,3.824303876376182e-06
599,WASP-193b,3.125629683381054e-05,8.844099929711135e-06
600,TOI-1064c,2.21634356071714e-05,3.4089067657840713e-06
601,TOI-1842b,1.1405373500836081e-05,2.629620645357955e-06
602,Kepler-1517b,2.079435477801872e-05,4.9951198811097215e-06
603,TOI-1231b,2.418206676345333e-05,3.0996117855196325e-06
604,Qatar-6b,3.536859675503956e-05,8.18889609744561e-06
605,TOI-559b,1.9523536943689112e-05,5.671908181103162e-06
606,Kepler-63b,3.308678776968395e-05,6.367750142772557e-06
607,K2-399b,4.659937353540489e-05,2.7553822350942078e-05
608,MASCARA-1b,6.783994871520276e-06,3.013551687433114e-06
609,HD152843b,6.710685769418328e-06,1.5897196615799358e-06
610,WASP-189b,2.937089694103969e-06,1.1962072660288152e-06
611,K2-403b,4.098593476418458e-05,4.492886620627601e-06
612,TOI-2193Ab,4.8484314595065796e-05,1.4416350255088786e-05
613,TOI-1260b,3.645342658317916e-05,1.0054257679594732e-05
614,TOI-1260d,2.9293861671464384e-05,4.485534658339778e-06
615,GPX-1b,5.1247570499548785e-05,1.849500606733233e-05
616,WASP-184b,4.201046894235959e-05,1.350297988102434e-05
617,NGTS-9b,6.412926086084147e-05,1.4987572356882428e-05
618,WASP-171b,4.9842463016289793e-05,1.79955992602777e-05
619,TOI-4137b,2.7066229137679376e-05,8.616249891067943e-06
620,TOI-1468c,3.190949122385134e-05,5.108370258334746e-06
621,TOI-2567b,3.303629771311264e-05,1.0568415595419077e-05
622,TOI-1899b,5.9328250124185265e-05,8.3310860817513e-06
623,TOI-1468b,3.190949122385134e-05,1.348068476733491e-05
624,TOI-2236b,2.759708503040058e-05,8.611791729206475e-06
625,TOI-3331Ab,4.0571182557603286e-05,1.3831219331594453e-05
626,TOI-3540Ab,3.432636066444531e-05,9.131383149449886e-06
627,TOI-1288b,2.1944678130627127e-05,6.900512225761038e-06
628,NGTS-24b,5.873806267351526e-05,1.815131091307987e-05
629,TOI-1136f,9.596112651521211e-06,1.4558714127312333e-06
630,CoRoT-36b,5.1284452319220116e-05,1.619932162382319e-05
631,HATS-61b,4.607035783589933e-05,1.3130486570205593e-05
632,TOI-3362b,2.1885975528476218e-05,3.252022656109363e-06
633,TOI-2134b,7.254506834715129e-06,1.4323357660135976e-06
634,HD3167c,7.539258276520705e-06,1.0594644988877148e-06
635,HD3167b,1.2370553639128766e-05,5.149319341078183e-06
636,TOI-2046b,3.278593836322747e-05,1.3418496878822215e-05
637,TOI-954b,1.4000801669710844e-05,5.372339711460553e-06
638,TOI-181b,3.0059410024091704e-05,6.85668155986261e-06
639,TOI-1811b,4.2982366232787325e-05,1.0670716897186762e-05
640,TOI-2145b,6.497815423783544e-06,1.8739865917794767e-06
641,TOI-2152Ab,1.879747598095768e-05,6.535378565471834e-06
642,TOI-1246b,3.3322105976230806e-05,9.807692193586438e-06
643,HD15906c,1.466531756025502e-05,1.6412426056954188e-06
644,TOI-2497b,7.053873067124106e-06,2.0468888621730152e-06
645,TOI-2445b,9.104731058939357e-05,6.590693753413407e-05
646,TOI-1422b,1.715893802064966e-05,3.5022694606707723e-06
647,TOI-2154b,2.8440050036579327e-05,7.766098414499254e-06
648,HAT-P-60b,1.0150920210597173e-05,3.4577537445594937e-06
649,TOI-1386b,1.4863555976305647e-05,2.428833032049609e-06
650,K2-39b,1.5005245334508422e-05,4.2834385260138496e-06
651,Kepler-444e,8.575100267077627e-06,1.9196694885174205e-06
652,Kepler-102e,2.5627711602796345e-05,4.289896974556833e-06
653,TOI-615b,1.847231744477133e-05,5.902754989338015e-06
654,K2-24c,1.3124879378151953e-05,1.874651060488416e-06
655,Wolf503b,2.064718335757634e-05,3.3899206073664945e-06
656,K2-79b,2.6459082489494424e-05,5.008194444348532e-06
657,K2-99b,1.1076712539123148e-05,3.052698826555703e-06
658,K2-32d,2.4204624812721453e-05,3.3275874249632e-06
659,TOI-942b,3.400480370647877e-05,9.244873337793056e-06
660,HD221416b,5.656445104625573e-06,9.434602640771327e-07
661,K2-32b,2.8653370516003507e-05,6.161877907526753e-06
662,K2-129b,3.493424049348919e-05,7.592992252281675e-06
663,TOI-2136b,4.787947793471612e-05,1.06479883721735e-05
664,HD15337c,1.1007544303911511e-05,1.3915626456231038e-06
665,WASP-187b,1.1894868350329638e-05,4.185604914081286e-06
666,TOI-4406b,2.407603340682362e-05,2.7868353422190167e-06
667,TOI-2338b,4.317901788906472e-05,5.746983829733663e-06
668,K2-353b,3.69774926566813e-05,6.038411615051765e-06
669,TOI-1411b,1.2677127516782109e-05,5.940419175452787e-06
670,NGTS-13b,3.8222172582564356e-05,1.413719006696239e-05
671,K2-280b,2.8560136356724774e-05,6.346282821911705e-06
672,HD93963Ac,1.2054981806383003e-05,3.238336574242655e-06
673,HATS-37Ab,4.03288023247326e-05,1.1231388019841079e-05
674,K2-33b,5.019669799425281e-05,1.4714325652009463e-05
675,TOI-251b,1.7959392494471113e-05,4.153313895924957e-06
676,TOI-1268b,1.7186444667826047e-05,4.130667355946248e-06
677,K2-139b,2.3008664139906682e-05,3.340791675140643e-06
678,Gaia-1b,5.744742280080936e-05,1.9737220500311638e-05
679,HATS-12b,3.222058903338002e-05,1.2621803770948672e-05
680,K2-52b,3.509372256795162e-05,1.3972926332148321e-05
681,K2-406b,1.2009243266855539e-05,1.6020265975495682e-06
682,K2-24b,1.4895183867707066e-05,2.654392093357204e-06
683,K2-32c,2.565779467074553e-05,4.108687387029852e-06
684,TOI-1601b,1.4201500180726764e-05,5.096293872190399e-06
685,WASP-185b,2.042438694997727e-05,4.9108109915689895e-06
686,K2-287b,2.056644018865674e-05,3.3605317697871547e-06
687,Kepler-470b,1.0793829718628198e-05,2.0025520419346874e-06
688,K2-289b,3.559112813159229e-05,6.836223509198954e-06
689,HATS-9b,6.414044236743474e-05,2.764812939662611e-05
690,WASP-163b,4.6503459260840083e-05,1.787340124958e-05
691,TOI-540b,4.168572268238962e-05,2.0757235934102124e-05
692,TOI-1693b,2.9283828400289474e-05,1.2690967015593486e-05
693,NGTS-8b,7.999190221150909e-05,2.7179348847623252e-05
694,K2-405b,4.7539135125614243e-05,1.5498128694222383e-05
695,TOI-532b,9.608802874129407e-05,2.8168597652637536e-05
696,GJ3929b,3.9558763687888565e-05,9.175395804044209e-06
