1681457381.782658,5,10,-411090,276863,412287,0,0,3,4,48,17,25,0,0,0
1681457381.918675,5,10,-411090,276863,412287,0,0,4,4,49,14,24,0,0,0
1681457382.054616,5,10,-411090,276863,412287,34560,0,4,4,48,68,23,0,2880,0
1681457382.190584,5,10,-411090,276863,412287,96000,0,3,4,48,37,23,0,2880,0
1681457382.326787,5,10,-411090,276863,412287,157440,0,3,4,48,33,22,0,2880,0
1681457382.462777,5,10,-411090,276863,412287,234240,0,4,4,48,34,22,0,2880,0
1681457382.598521,5,10,-411090,276863,412287,295680,0,3,3,48,38,22,0,2880,0
1681457382.734505,5,10,-411090,276863,412287,372480,0,3,3,48,34,22,0,2880,0
1681457383.046654,5,10,-411090,276863,412287,510720,0,3,4,49,36,23,0,2880,0
1681457383.182505,5,10,-411090,276863,412287,572160,0,3,4,48,38,23,0,2880,0
1681457383.330867,5,10,-411090,276863,412287,648960,0,4,4,48,37,23,0,2880,0
1681457383.49461,5,10,-411090,276863,412287,725760,0,3,4,48,39,23,0,2880,0
1681457383.630622,5,10,-411090,276863,412287,787200,0,4,4,48,41,23,0,2880,0
1681457383.766553,5,10,-411090,276863,412287,848640,0,3,4,48,40,23,0,2880,0
1681457383.902525,5,10,-411090,276863,412287,925440,0,3,5,48,40,23,0,2880,0
1681457384.038728,5,10,-411090,276863,412287,986880,0,3,4,49,43,23,0,2880,0
1681457384.174697,5,10,-411090,276863,412287,1048320,0,3,4,48,41,23,0,2880,0
1681457384.310743,5,10,-411090,276863,412287,1109760,0,4,4,48,42,24,0,2880,0
1681457384.45656,5,10,-411090,276863,412287,1186560,0,3,4,49,40,24,0,2880,0
1681457384.590679,5,10,-411090,276863,412287,1248000,0,4,4,49,43,24,0,2880,0
1681457384.726567,5,10,-411090,276863,412287,1309440,0,4,4,48,42,24,0,2880,0
1681457384.862538,5,10,-411090,276863,412287,1386240,0,3,4,48,43,25,0,2880,0
1681457384.99865,5,10,-411090,276863,412287,1447680,0,3,4,49,40,24,0,2880,0
1681457385.134549,5,10,-411090,276863,412287,1509120,0,3,4,48,43,24,0,2880,0
1681457385.270566,5,10,-411090,276863,412287,1570560,0,4,5,48,40,23,0,2880,0
1681457385.406576,5,10,-411090,276863,412287,1647360,0,4,5,49,43,23,0,2880,0
1681457385.542547,5,10,-411090,276863,412287,1708800,0,4,4,48,40,23,0,2880,0
1681457385.67856,5,10,-411090,276863,412287,1770240,0,3,4,48,45,22,0,2880,0
1681457385.82255,5,10,-411090,276863,412287,1847040,0,4,4,48,40,22,0,2880,0
1681457385.958565,5,10,-411090,276863,412287,1908480,0,3,4,47,43,22,0,2880,0
1681457386.094566,5,10,-411090,276863,412287,1969920,0,4,4,48,42,23,0,2880,0
1681457386.230915,5,10,-411090,276863,412287,2031360,0,3,5,48,43,22,0,2880,0
1681457386.366736,5,10,-411090,276863,412287,2108160,0,3,5,48,42,22,0,2880,0
1681457386.502774,5,10,-411090,276863,412287,2169600,0,3,5,49,43,23,0,2880,0
1681457386.638741,5,10,-411090,276863,412287,2231040,0,4,4,49,42,23,0,2880,0
1681457386.774834,5,10,-411090,276863,412287,2307840,0,3,5,48,42,24,0,2880,0
1681457386.918737,5,10,-411090,276863,412287,2369280,0,3,4,48,46,23,0,2880,0
1681457387.062736,5,10,-411090,276863,412287,2430720,0,4,5,48,43,24,0,2880,0
1681457387.198749,5,10,-411090,276863,412287,2507520,0,3,5,48,44,23,0,2880,0
1681457387.342758,5,10,-411090,276863,412287,2584320,0,3,4,48,45,24,0,2880,0
1681457387.502755,5,10,-411090,276863,412287,2645760,0,3,5,48,42,23,0,2880,0
1681457387.638752,5,10,-411090,276863,412287,2707200,0,4,5,49,46,23,0,2880,0
1681457387.782858,5,10,-411090,276863,412287,2784000,0,3,5,48,45,23,0,2880,0
1681457387.926881,5,10,-411090,276863,412287,2845440,0,3,4,48,45,23,0,2880,0
1681457388.062729,5,10,-411090,276863,412287,2922240,0,3,4,49,45,22,0,2880,0
1681457388.198769,5,10,-411090,276863,412287,2983680,0,3,5,48,43,23,0,2880,0
1681457388.334736,5,10,-411090,276863,412287,3045120,0,3,4,48,45,23,0,2880,0
1681457388.499356,5,10,-411090,276863,412287,3137280,0,3,4,48,46,22,0,2880,0
1681457388.72725,5,10,-411090,276863,412287,3244800,0,3,4,49,44,22,0,2880,0
1681457388.88679,5,10,-411090,276863,412287,3306240,0,4,5,48,46,22,0,2880,0
1681457389.030788,5,10,-411090,276863,412287,3383040,0,4,5,49,43,21,0,2880,0
1681457389.166868,5,10,-411090,276863,412287,3444480,0,3,5,48,48,21,0,2880,0
1681457389.302864,5,10,-411090,276863,412287,3505920,0,4,5,48,45,20,0,2880,0
1681457389.438877,5,10,-411090,276863,412287,3582720,0,4,5,48,45,20,0,2880,0
1681457389.574787,5,10,-411090,276863,412287,3599970,0,4,4,48,8,20,0,0,0
1681457389.710998,5,10,-411090,276863,412287,3599970,0,3,5,47,27,20,0,0,0
1681457389.846778,5,10,-411090,276863,412287,3599970,0,3,5,48,26,20,0,0,0
1681457389.982754,5,10,-409965,276863,412287,3599970,0,8,5,48,24,20,0,0,0
1681457390.126778,5,10,-409965,276863,412287,3599970,0,6,4,48,20,20,0,0,0
1681457390.262766,5,10,-409965,276863,412287,3599970,0,6,5,47,18,21,0,4571,0
1681457390.406795,5,10,-409965,258730,412287,3599970,0,4,83,48,17,21,0,8000,0
1681457390.542815,5,10,-409965,241663,412287,3599970,0,1,25,48,15,22,0,8000,0
1681457390.678769,5,10,-409965,224596,412287,3599970,0,1,24,48,14,22,0,8000,0
1681457390.814892,5,10,-409965,203263,412287,3599970,0,0,24,47,15,21,0,8000,0
1681457390.966766,5,10,-409965,186196,412287,3599970,0,1,26,48,14,21,0,8000,0
1681457391.10272,5,10,-409965,164863,412287,3599970,0,1,24,48,14,22,0,8000,0
1681457391.238803,5,10,-409965,147796,412287,3599970,0,1,24,48,14,21,0,8000,0
1681457391.374805,5,10,-409965,130730,412287,3599970,0,0,24,47,14,21,0,8000,0
1681457391.510784,5,10,-409965,113663,412287,3599970,0,0,23,47,14,21,0,8000,0
1681457391.646806,5,10,-409965,92330,412287,3599970,0,0,25,48,13,20,0,8000,0
1681457391.782802,5,10,-409965,75263,412287,3599970,0,0,24,47,13,20,0,8000,0
1681457391.918797,5,10,-409965,58196,412287,3599970,0,0,23,48,13,19,0,8000,0
1681457392.062856,5,10,-409965,36863,412287,3599970,0,0,23,47,13,20,0,8000,0
1681457392.198809,5,10,-409965,19796,412287,3599970,0,1,23,48,13,20,0,8000,0
1681457392.334769,5,10,-409965,2730,412287,3599970,0,1,22,47,13,19,0,8000,0
1681457392.478817,5,10,-409965,-18604,412287,3599970,0,0,21,48,13,20,0,8000,0
1681457392.614813,5,10,-409965,-35670,412287,3599970,0,0,22,48,13,20,0,8000,0
1681457392.750809,5,10,-409965,-48812,412287,3599970,0,0,28,47,13,19,0,366,0
1681457392.886789,5,10,-409965,-48812,412287,3599970,0,1,1,48,13,19,0,0,0
1681457393.02288,5,10,-409965,-48812,412287,3599970,0,1,9,47,13,20,0,0,0
1681457393.166784,5,10,-409965,-48812,412287,3599970,0,1,8,48,13,20,0,0,0
1681457393.310815,5,10,-409965,-48812,408987,3599970,0,1,6,44,13,20,0,0,0
1681457393.446791,5,10,-409965,-48812,408987,3599970,0,1,5,37,13,20,0,0,0
1681457393.590833,5,10,-409965,-48812,408987,3599970,0,1,4,37,12,20,0,0,0
1681457393.726824,5,10,-409965,-48812,408987,3599970,0,1,3,37,13,20,0,0,215
1681457393.862813,5,10,-409965,-48812,408987,3599970,0,1,2,38,14,21,6,0,47
1681457393.998827,5,10,-409965,-48812,408987,3599970,0,1,2,39,13,21,4,0,5
1681457394.134986,5,10,-409965,-48812,408987,3599970,0,1,2,39,14,21,1,0,1
1681457394.270906,5,10,-409965,-48812,408987,3599970,0,1,2,40,13,21,1,0,2
1681457394.422979,5,10,-409965,-48812,408987,3599970,0,1,2,39,13,21,1,0,3
1681457394.559138,5,10,-409965,-48812,408987,3599970,0,2,2,40,12,21,1,0,3
1681457394.694805,5,10,-409965,-48812,408987,3599970,0,2,2,40,11,21,0,0,2
1681457394.830817,5,10,-409965,-48812,408987,3599970,0,1,2,40,12,21,0,0,3
1681457394.974826,5,10,-409965,-48812,408987,3599970,0,2,2,41,12,21,0,0,2
1681457395.110835,5,10,-409965,-48812,408987,3599970,0,2,3,40,12,21,0,0,3
1681457395.246897,5,10,-409965,-48812,408987,3599970,0,1,3,40,11,21,0,0,3
1681457395.382839,5,10,-409965,-48812,408987,3599970,0,1,3,41,12,21,0,0,3
1681457395.518836,5,10,-409965,-48812,408987,3599970,0,1,3,40,12,21,0,0,2
1681457395.654908,5,10,-409965,-48812,408987,3599970,0,2,3,40,12,21,0,0,2
1681457395.790946,5,10,-409965,-48812,408987,3599970,0,1,2,40,12,20,0,0,0
1681457395.93487,5,10,-409965,-48812,408987,3599970,0,0,3,36,12,20,0,0,3
1681457396.070921,5,10,-409965,-48812,408987,3599970,0,3,3,38,12,20,1,0,3
1681457396.206813,5,10,-409965,-48812,408987,3599970,0,4,5,41,12,20,2,0,4
1681457396.342845,5,10,-409965,-48812,408987,3599970,0,4,5,43,12,21,2,0,3
1681457396.478913,5,10,-409965,-48812,408987,3599970,0,4,6,42,12,20,3,0,3
1681457396.622856,5,10,-409965,-48812,408987,3599970,0,3,6,43,12,20,3,0,3
1681457396.759949,5,10,-409965,-48812,408987,3599970,0,3,6,42,12,21,3,0,3
1681457396.894818,5,10,-409965,-48812,408987,3599970,0,2,2,40,12,20,3,0,0
1681457397.031253,5,10,-409965,-48812,408987,3599970,0,2,0,40,12,20,1,0,0
1681457397.166833,5,10,-409965,-48812,408987,3599970,0,0,0,42,12,20,0,0,2
1681457397.302813,5,10,-409965,-48812,408987,3599970,0,5,1,41,12,20,0,0,2
1681457397.438993,5,10,-409965,-48812,408987,3599970,0,4,1,41,12,21,0,0,2
1681457397.574853,5,10,-409965,-48812,412287,3599970,0,4,2,56,12,20,0,0,3
1681457397.710817,5,10,-409965,-48812,412287,3599970,0,4,3,49,12,20,0,0,2
1681457397.846857,5,10,-409965,-48812,412287,3599970,0,4,3,50,12,20,0,0,2
1681457397.982837,5,10,-409965,-48812,412287,3599970,0,3,3,49,12,21,0,0,2
1681457398.118835,5,10,-409965,-48812,412287,3599970,0,3,3,48,12,21,0,0,2
1681457398.254993,5,10,-409965,-48812,412287,3599970,0,3,3,48,13,21,0,0,2
1681457398.390914,5,10,-409965,-48812,412287,3599970,0,2,3,48,12,20,0,0,2
1681457398.526859,5,10,-409965,-48812,412287,3599970,0,2,3,48,12,20,0,0,2
1681457398.662931,5,10,-409965,-48812,412287,3599970,0,3,3,48,12,20,0,0,3
1681457398.798862,5,10,-409965,-48812,412287,3599970,0,2,4,46,12,20,0,0,2
1681457398.934887,5,10,-409965,-48812,412287,3599970,0,3,3,46,12,20,0,0,3
1681457399.070936,5,10,-409965,-48812,412287,3599970,0,3,3,47,12,20,0,0,3
1681457399.206872,5,10,-409965,-48812,412287,3599970,0,2,4,47,13,20,0,0,2
1681457399.342881,5,10,-409965,-48812,412287,3599970,0,3,3,48,12,20,0,0,3
1681457399.478938,5,10,-409965,-48812,412287,3599970,0,2,3,46,12,20,0,0,2
1681457399.614868,5,10,-409965,-48812,412287,3599970,0,2,3,46,12,20,0,0,2
1681457399.750859,5,10,-409965,-48812,412287,3599970,0,2,3,47,12,20,0,0,3
1681457399.886886,5,10,-409965,-48812,412287,3599970,0,3,3,47,12,20,0,0,2
1681457400.0229,5,10,-409965,-48812,412287,3599970,0,2,3,47,12,20,0,0,3
1681457400.158997,5,10,-409965,-48812,412287,3599970,0,2,3,47,12,20,0,0,3
1681457400.294894,5,10,-409965,-48812,412287,3599970,0,2,3,48,12,19,0,0,2
1681457400.430972,6,11,-409965,-48812,412287,3599970,0,3,3,47,13,19,0,0,3
1681457400.566848,6,11,-409965,-48812,412287,3599970,0,2,3,46,12,20,0,0,3
1681457400.702885,6,11,-409965,-48812,412287,3599970,0,2,2,47,12,20,0,0,2
1681457400.838889,6,11,-409965,-48812,412287,3599970,0,3,3,46,12,20,0,0,3
1681457400.974873,6,11,-409965,-48812,412287,3599970,0,3,4,47,12,19,0,0,2
1681457401.110855,6,11,-409965,-48812,412287,3599970,0,2,3,47,12,20,0,0,2
1681457401.247191,6,11,-409965,-48812,412287,3599970,0,3,3,47,12,20,0,0,3
1681457401.383119,6,11,-409965,-48812,412287,3590370,-9600,2,3,47,26,0,0,1746,2
1681457401.518856,6,11,-409965,-48812,412287,3559651,-40320,2,3,47,39,5,0,2036,3
1681457401.654868,6,11,-409965,-48812,412287,3528932,-71040,2,2,47,40,11,0,2036,2
1681457401.790891,6,11,-409965,-48812,412287,3490534,-109440,3,3,47,37,10,0,2036,2
1681457401.926885,6,11,-409965,-48812,412287,3459815,-140160,3,3,47,38,12,0,2036,2
1681457402.062868,6,11,-409965,-48812,412287,3429096,-170880,3,3,48,33,13,0,2036,2
1681457402.198872,6,11,-409965,-48812,412287,3398377,-201600,2,3,48,36,20,0,2036,2
1681457402.334957,6,11,-409965,-48812,412287,3359978,-240000,2,2,48,35,23,0,2036,3
1681457402.471003,6,11,-409965,-48812,412287,3329259,-270720,2,2,47,33,25,0,2036,2
1681457402.607051,6,11,-409965,-48812,412287,3298540,-301440,2,3,48,32,29,0,2036,3
1681457402.751092,6,11,-409965,-48812,412287,3260141,-339840,2,2,47,32,29,0,2036,3
1681457402.886944,6,11,-409965,-48812,412287,3229422,-370560,3,2,47,35,36,0,2036,2
1681457403.022849,6,11,-409965,-48812,412287,3198703,-401280,2,3,48,34,38,0,2036,3
1681457403.158961,6,11,-409965,-48812,412287,3167984,-432000,2,2,48,33,41,0,2036,2
1681457403.302911,6,11,-409965,-48812,412287,3129586,-470400,2,3,48,31,43,0,2036,3
1681457403.438918,6,11,-409965,-48812,412287,3098867,-501120,2,3,47,34,46,0,2036,2
1681457403.574876,6,11,-409965,-48812,412287,3068148,-531840,2,3,47,33,48,0,2036,2
1681457403.710935,6,11,-409965,-48812,412287,3029749,-570240,2,2,47,34,51,0,2036,3
1681457403.846918,6,11,-409965,-48812,412287,2999030,-600960,2,3,47,30,53,0,2036,2
1681457403.982873,6,11,-409965,-48812,412287,2968311,-631680,2,2,46,32,55,0,2036,3
1681457404.126915,6,11,-409965,-48812,412287,2929912,-670080,2,3,48,32,59,0,2036,2
1681457404.26288,6,11,-409965,-48812,412287,2899193,-700800,3,2,48,33,61,0,2036,2
1681457404.403611,6,11,-409965,-48812,412287,2868474,-731520,2,3,47,30,61,0,2036,2
1681457404.54292,6,11,-409965,-48812,412287,2830076,-769920,3,3,48,32,63,0,2036,3
1681457404.678902,6,11,-409965,-48812,412287,2799357,-800640,2,2,47,32,64,0,2036,2
1681457404.814995,6,11,-409965,-48812,412287,2768638,-831360,2,3,46,31,68,0,2036,3
1681457404.950924,6,11,-409965,-48812,412287,2737919,-862080,2,3,48,30,66,0,2036,3
1681457405.087011,6,11,-409965,-48812,412287,2700000,-900000,3,2,48,31,72,0,2036,2
1681457405.222973,6,11,-409965,-48812,412287,2700000,-900000,2,2,47,10,47,0,0,3
1681457405.35896,6,11,-409965,-48812,412287,2700000,-900000,3,3,47,22,68,0,0,2
1681457405.494892,6,11,-409965,-48812,412287,2700000,-900000,2,2,48,19,67,0,0,2
1681457405.631268,6,11,-409965,-48812,412287,2700000,-900000,2,3,47,18,66,0,0,3
1681457405.767021,6,11,-409965,-48812,412287,2700000,-900000,2,2,48,18,65,0,0,2
1681457405.902932,6,11,-409965,-48812,412287,2700000,-900000,2,3,48,15,63,0,0,3
1681457406.038905,6,11,-409965,-48812,412287,2700000,-900000,2,3,48,15,62,0,0,3
1681457406.174936,6,11,-409965,-48812,412287,2700000,-900000,2,3,47,15,62,0,0,2
1681457406.311104,6,11,-409965,-48812,412287,2700000,-900000,2,3,47,14,61,0,0,3
1681457406.447023,6,11,-409965,-48812,412287,2700000,-900000,2,3,47,14,58,0,0,2
1681457406.582922,6,11,48812,-412287,-409965,2700000,-900000,2,3,48,15,53,0,0,3
1681457406.727066,0,0,-358087,126800,679530,2700000,-900000,3,2,48,14,51,15,598,308
1681457406.870945,0,0,-341021,121567,679530,2700000,-900000,25,20,47,15,47,6,8368,399
1681457407.006957,0,0,-319687,115026,679530,2700000,-900000,15,15,47,14,45,2,8368,398
1681457407.142923,0,0,-302621,109793,679530,2700000,-900000,15,20,46,14,43,0,8368,398
1681457407.278914,0,0,-285554,104559,679530,2700000,-900000,16,18,45,14,39,0,8368,398
1681457407.415075,0,0,-268487,99326,679530,2700000,-900000,14,16,44,14,35,0,8368,398
1681457407.551027,0,0,-247154,92785,679530,2700000,-900000,16,14,46,14,0,0,8368,398
1681457407.686952,0,0,-230087,87552,679530,2700000,-900000,14,20,44,15,0,0,8368,398
1681457407.822936,0,0,-213021,82319,679530,2700000,-900000,16,16,44,15,0,0,8368,398
1681457407.958926,0,0,-195954,77085,679530,2700000,-900000,11,16,44,14,0,0,8368,398
1681457408.09493,0,0,-174621,70544,679530,2700000,-900000,16,13,44,14,0,0,8368,398
1681457408.231314,0,0,-157554,65311,679530,2700000,-900000,16,16,44,15,0,0,8368,397
1681457408.367073,0,0,-140487,60078,679530,2700000,-900000,16,14,44,15,0,0,8368,398
1681457408.502939,0,0,-123421,54844,679530,2700000,-900000,13,16,44,15,0,0,8368,397
1681457408.638986,0,0,-102087,48303,679530,2700000,-900000,17,13,44,15,0,0,8368,398
1681457408.775053,0,0,-85021,43070,679530,2700000,-900000,15,16,45,15,0,0,8368,398
1681457408.911022,0,0,-67954,37837,679530,2700000,-900000,17,15,45,14,0,0,8368,397
1681457409.04692,0,0,-50887,32604,679530,2700000,-900000,12,18,45,14,0,0,8368,398
1681457409.190956,0,0,-29554,26062,679530,2700000,-900000,16,14,46,15,0,0,8368,398
1681457409.327058,0,0,-12487,20829,679530,2700000,-900000,15,14,46,15,0,0,8368,398
1681457409.471117,0,0,0,17000,679530,2700000,-900000,17,4,47,14,0,0,2040,397
1681457409.60694,0,0,0,17000,435944,2700000,-900000,1,4,7,14,0,0,8000,398
1681457409.74296,0,0,0,17000,418877,2700000,-900000,6,7,25,14,0,0,8000,398
1681457409.878948,0,0,0,17000,401811,2700000,-900000,6,6,28,15,0,0,8000,397
1681457410.015008,0,0,0,17000,380477,2700000,-900000,5,5,27,14,0,0,8000,398
1681457410.150938,0,0,0,17000,363411,2700000,-900000,4,4,28,14,0,0,8000,398
1681457410.287081,0,0,0,17000,346344,2700000,-900000,4,4,27,14,0,0,8000,398
1681457410.422946,0,0,0,17000,329277,2700000,-900000,4,4,30,14,0,0,8000,397
1681457410.558973,0,0,0,17000,307944,2700000,-900000,4,3,26,14,0,0,8000,397
1681457410.694962,0,0,0,17000,290877,2700000,-900000,5,3,28,14,0,0,8000,397
1681457410.831016,0,0,0,17000,273811,2700000,-900000,4,3,27,15,0,0,8000,398
1681457410.97499,0,0,0,17000,252477,2700000,-900000,4,3,28,14,0,0,8000,398
1681457411.111096,0,0,0,17000,237011,2700000,-900000,4,3,28,15,0,0,5000,398
1681457411.246968,0,0,0,17000,229624,2700000,-900000,4,3,40,14,0,0,3000,398
1681457411.383044,0,0,0,17000,224904,2700000,-900000,5,3,38,14,0,0,1600,397
1681457411.51905,0,0,0,17000,220637,2700000,-900000,4,4,33,14,0,0,1600,398
1681457411.655033,0,0,0,17000,217224,2700000,-900000,4,3,32,14,0,0,1600,398
1681457411.791034,0,0,0,17000,213811,2700000,-900000,5,3,32,14,0,0,1600,398
1681457411.926959,0,0,0,17000,209917,2700000,-900000,4,3,29,15,0,0,2229,398
1681457412.062964,0,0,0,17000,203517,2700000,-900000,4,3,30,14,0,0,2400,397
1681457412.198956,0,0,0,17000,198397,2700000,-900000,5,3,32,15,0,0,2400,398
1681457412.335001,0,0,0,17000,193277,2700000,-900000,4,3,31,14,0,0,2400,398
1681457412.478991,0,0,0,17000,186877,2700000,-900000,5,3,32,16,0,0,2400,398
1681457412.61511,0,0,0,17000,181757,2700000,-900000,5,3,31,14,0,0,2400,398
1681457412.750984,0,0,0,17000,176637,2700000,-900000,4,4,33,13,0,0,2400,397
1681457412.88699,0,0,0,17000,171517,2700000,-900000,4,3,31,14,0,0,2400,398
1681457413.031073,0,0,0,17000,165117,2700000,-900000,4,3,31,14,0,0,2400,398
1681457413.167073,0,0,0,17000,159997,2700000,-900000,5,3,31,14,0,0,2400,398
1681457413.311211,0,0,0,17000,153597,2700000,-900000,5,3,31,14,0,0,2400,397
1681457413.447045,0,0,0,17000,148477,2700000,-900000,5,3,32,14,0,0,2400,397
1681457413.582975,0,0,0,17000,143357,2700000,-900000,5,3,31,14,0,0,2400,398
1681457413.727074,0,0,0,17000,136957,2700000,-900000,4,4,32,14,0,0,2400,397
1681457413.862999,0,0,0,17000,131837,2700000,-900000,5,3,31,14,0,0,2400,397
1681457413.998965,0,0,0,17000,126717,2700000,-900000,5,3,32,14,0,0,2400,398
1681457414.143026,0,0,0,17000,120317,2700000,-900000,4,4,29,13,0,0,2400,397
1681457414.279009,0,0,0,17000,115197,2700000,-900000,5,3,29,14,0,0,2400,397
1681457414.426248,0,0,0,17000,110077,2700000,-900000,4,4,29,15,0,0,2400,398
1681457414.559151,0,0,0,17000,103677,2700000,-900000,5,4,29,15,0,0,2400,398
1681457414.695072,0,0,0,17000,98557,2700000,-900000,5,3,30,15,0,0,2400,398
1681457414.831128,0,0,0,17000,93437,2700000,-900000,5,3,30,15,0,0,2400,398
1681457414.974999,0,0,0,17000,87037,2700000,-900000,5,4,32,15,0,0,2400,398
1681457415.111102,0,0,0,17000,81917,2700000,-900000,5,4,29,14,0,0,2400,398
1681457415.247067,0,0,0,17000,76797,2700000,-900000,4,4,30,14,0,0,2400,397
1681457415.382954,0,0,0,17000,71677,2700000,-900000,4,3,30,14,0,0,2400,398
1681457415.519066,0,0,0,17000,65277,2700000,-900000,4,3,31,15,0,0,2400,397
1681457415.655131,0,0,0,17000,60157,2700000,-900000,5,4,30,14,0,0,1883,398
1681457415.79104,0,0,0,17000,59680,2700000,-900000,5,4,32,14,0,0,343,398
1681457415.93502,0,0,0,17000,53280,2700000,-900000,5,4,26,14,0,0,2357,398
1681457416.071046,0,0,0,17000,52983,2700000,-900000,5,4,44,14,0,0,0,397
1681457416.20703,0,0,0,17000,52439,2700000,-900000,4,4,34,15,0,0,255,398
1681457416.351354,0,0,0,17000,51759,2700000,-900000,6,4,34,14,0,0,255,398
1681457416.487134,0,0,0,17000,51215,2700000,-900000,6,4,34,14,0,0,255,398
1681457416.623174,0,0,0,17000,50671,2700000,-900000,6,4,35,14,0,0,255,398
1681457416.759019,0,0,0,17000,50127,2700000,-900000,5,3,34,15,0,0,255,397
1681457416.903027,0,0,0,17000,49447,2700000,-900000,5,3,33,14,0,0,255,398
1681457417.039032,0,0,0,17000,48903,2700000,-900000,5,3,34,15,0,0,255,397
1681457417.183025,0,0,0,17000,48223,2700000,-900000,5,3,34,14,0,0,255,397
1681457417.319049,0,0,0,17000,47679,2700000,-900000,6,4,33,15,0,0,255,397
1681457417.455133,0,0,0,17000,47135,2700000,-900000,6,3,34,14,0,0,255,397
1681457417.591082,0,0,0,17000,46591,2700000,-900000,5,3,34,14,0,0,255,397
1681457417.727635,0,0,0,17000,45911,2700000,-900000,5,4,34,14,0,0,255,397
1681457417.863036,0,0,0,17000,45367,2700000,-900000,5,3,33,15,0,0,255,398
1681457417.999059,0,0,0,17000,44823,2700000,-900000,4,3,33,14,0,0,255,398
1681457418.135021,0,0,0,17000,44279,2700000,-900000,5,4,33,15,0,0,255,398
1681457418.271052,0,0,0,17000,43599,2700000,-900000,5,3,22,12,0,0,255,397
1681457418.407051,0,0,0,17000,43055,2700000,-900000,5,3,10,6,0,0,255,397
1681457418.543021,0,0,0,17000,42511,2700000,-900000,3,2,4,0,0,0,255,396
1681457418.679037,0,0,0,17000,41967,2700000,-900000,3,2,1,1,0,1,255,397
1681457418.815003,0,0,0,17000,41287,2700000,-900000,2,1,2,2,0,2,255,396
1681457418.951044,0,0,0,17000,40743,2700000,-900000,2,1,2,2,0,5,255,397
1681457419.08728,0,0,0,17000,40199,2700000,-900000,3,1,2,4,0,6,255,397
1681457419.231124,0,0,0,17000,39519,2700000,-900000,3,1,1,3,0,7,255,397
1681457419.367058,0,0,0,17000,38975,2700000,-900000,3,2,4,4,0,6,255,399
1681457419.503025,0,0,0,17000,38431,2700000,-900000,2,2,1,3,0,7,255,400
1681457419.639123,0,0,0,17000,37887,2700000,-900000,3,1,2,3,0,7,255,396
1681457419.775043,0,0,0,17000,37207,2700000,-900000,3,2,0,3,0,7,255,399
1681457419.911057,0,0,0,17000,36663,2700000,-900000,2,2,1,3,0,6,255,396
1681457420.055041,0,0,0,17000,36119,2700000,-900000,2,2,1,3,0,7,255,397
1681457420.191051,0,0,0,17000,35439,2700000,-900000,3,2,2,2,0,7,255,397
1681457420.327109,0,0,0,17000,34895,2700000,-900000,2,2,1,3,0,7,255,399
1681457420.463101,0,0,0,17000,34351,2700000,-900000,2,2,2,3,0,7,255,396
1681457420.607135,0,0,0,17000,33671,2700000,-900000,2,2,1,3,0,7,255,398
1681457420.743058,0,0,0,17000,33127,2700000,-900000,3,2,2,3,0,6,255,398
1681457420.879614,0,0,0,17000,32583,2700000,-900000,2,2,1,3,0,7,255,399
1681457421.015066,0,0,0,17000,32039,2700000,-900000,3,2,3,3,0,6,255,400
1681457421.151064,0,0,0,17000,31359,2700000,-900000,3,2,1,3,0,7,255,396
1681457421.295067,0,0,0,17000,30815,2700000,-900000,3,2,2,3,0,6,255,397
1681457421.439249,0,0,0,17000,30135,2700000,-900000,2,2,2,3,0,6,255,398
1681457421.575131,0,0,0,17000,29591,2700000,-900000,2,2,2,4,0,6,255,397
1681457421.711067,0,0,0,17000,29047,2700000,-900000,2,2,1,2,0,6,255,396
1681457421.855068,0,0,0,17000,28367,2700000,-900000,3,2,3,3,0,6,255,399
1681457421.991052,0,0,0,17000,27823,2700000,-900000,4,2,3,3,0,6,255,398
1681457422.127049,0,0,0,17000,27279,2700000,-900000,3,2,4,3,0,6,255,396
1681457422.271129,0,0,0,17000,26599,2700000,-900000,3,2,3,3,0,6,255,398
1681457422.407064,0,0,0,17000,26055,2700000,-900000,3,2,1,3,0,6,255,397
1681457422.543063,0,0,0,17000,25511,2700000,-900000,3,2,2,3,0,6,255,398
1681457422.679055,0,0,0,17000,24967,2700000,-900000,3,2,3,4,0,6,255,398
1681457422.815281,0,0,0,17000,24287,2700000,-900000,3,2,2,3,0,6,255,398
1681457422.951169,0,0,0,17000,23743,2700000,-900000,4,2,1,3,0,6,255,398
1681457423.087095,0,0,0,17000,23199,2700000,-900000,3,2,2,3,0,6,255,397
1681457423.231203,0,0,0,17000,22519,2700000,-900000,2,2,2,3,0,6,255,398
1681457423.375107,0,0,0,17000,21975,2700000,-900000,3,2,3,3,0,6,255,398
1681457423.51921,0,0,0,17000,21295,2700000,-900000,3,3,2,2,0,6,255,399
1681457423.655088,0,0,0,17000,20751,2700000,-900000,3,2,3,4,0,6,255,397
1681457423.791091,0,0,0,17000,20207,2700000,-900000,4,2,2,2,0,6,255,398
1681457423.935188,0,0,0,17000,19527,2700000,-900000,4,2,2,3,0,6,255,397
1681457424.071219,0,0,0,17000,18983,2700000,-900000,3,2,2,4,0,6,255,398
1681457424.207096,0,0,0,17000,18439,2700000,-900000,4,2,3,4,0,6,255,398
1681457424.351155,0,0,0,17000,17759,2700000,-900000,3,2,2,4,0,6,255,398
1681457424.50314,0,0,0,17000,17079,2700000,-900000,4,2,3,4,0,6,255,398
1681457424.647114,0,0,0,17000,16535,2700000,-900000,3,2,3,4,0,6,255,397
1681457424.783204,0,0,0,17000,15991,2700000,-900000,3,2,4,4,0,6,255,397
1681457424.919285,0,0,0,17000,15447,2700000,-900000,3,2,2,3,0,6,255,398
1681457425.055119,0,0,0,17000,14767,2700000,-900000,3,2,2,3,0,6,255,398
1681457425.192593,0,0,0,17000,14223,2700000,-900000,2,2,3,4,0,6,255,397
1681457425.327135,0,0,0,17000,13679,2700000,-900000,3,2,2,3,0,6,255,397
1681457425.471317,0,0,0,17000,12999,2700000,-900000,2,2,4,4,0,6,255,399
1681457425.607113,0,0,0,17000,12455,2700000,-900000,3,2,2,2,0,6,255,397
1681457425.743095,0,0,0,17000,11911,2700000,-900000,3,2,3,4,0,6,255,397
1681457425.879101,0,0,0,17000,11367,2700000,-900000,3,2,4,3,0,6,255,398
1681457426.015147,0,0,0,17000,10687,2700000,-900000,3,3,2,2,0,6,255,399
1681457426.151231,0,0,0,17000,10143,2700000,-900000,3,2,4,3,0,6,255,398
1681457426.287142,0,0,0,17000,10000,2700000,-900000,4,3,9,2,0,6,0,400
1681457426.423143,0,0,0,17000,10000,2700000,-900000,4,4,32,4,0,4,0,398
1681457426.55913,0,0,0,17000,10000,2700000,-900000,5,5,40,10,0,2,0,398
1681457426.695228,0,0,0,17000,10000,2700000,-900000,6,5,44,13,0,0,0,397
1681457426.831212,0,0,0,17000,10000,2700000,-900000,6,6,45,14,0,0,0,397
1681457426.967135,0,0,0,17000,10000,2700000,-900000,6,6,45,14,0,0,0,397
1681457427.103132,0,0,0,17000,10000,2700000,-900000,6,6,45,15,0,0,0,397
1681457427.239149,0,0,0,17000,10000,2700000,-900000,5,6,44,14,0,0,0,398
1681457427.375141,0,0,0,17000,11333,2700000,-900000,6,5,55,14,0,0,800,398
1681457427.51916,0,0,0,17000,13467,2700000,-900000,6,5,52,14,0,0,800,398
1681457427.655249,0,0,0,17000,15173,2700000,-900000,6,6,51,14,0,0,800,397
1681457427.791255,0,0,0,17000,16880,2700000,-900000,6,6,51,14,0,0,800,398
1681457427.927133,0,0,0,17000,18587,2700000,-900000,6,5,51,15,0,0,800,397
1681457428.063235,0,0,0,17000,20720,2700000,-900000,5,5,51,14,0,0,800,398
1681457428.199113,0,0,0,17000,22427,2700000,-900000,5,5,50,14,0,0,800,398
1681457428.335244,0,0,0,17000,24133,2700000,-900000,5,5,51,14,0,0,800,397
1681457428.471147,0,0,0,17000,25840,2700000,-900000,6,5,51,15,0,0,800,398
1681457428.607124,0,0,0,17000,27973,2700000,-900000,5,5,50,14,0,0,800,398
1681457428.743226,0,0,0,17000,29680,2700000,-900000,5,5,52,14,0,0,800,398
1681457428.879247,0,0,0,17000,31387,2700000,-900000,4,5,51,13,0,0,800,398
1681457429.015274,0,0,0,17000,33093,2700000,-900000,4,4,52,15,0,0,800,398
1681457429.151154,0,0,0,17000,35227,2700000,-900000,5,5,51,14,0,0,800,398
1681457429.28716,0,0,0,17000,36933,2700000,-900000,4,4,50,14,0,0,800,398
1681457429.423223,0,0,0,17000,38640,2700000,-900000,4,4,52,14,0,0,800,398
1681457429.567125,0,0,0,17000,40773,2700000,-900000,4,4,51,14,0,0,800,397
1681457429.703199,0,0,0,17000,42480,2700000,-900000,4,4,52,14,0,0,800,398
1681457429.839236,0,0,0,17000,44187,2700000,-900000,4,4,51,14,0,0,800,397
1681457429.975162,0,0,0,17000,45893,2700000,-900000,4,4,51,15,0,0,800,397
1681457430.111177,0,0,0,17000,48027,2700000,-900000,4,4,51,14,0,0,800,397
1681457430.247151,0,0,0,17000,49733,2700000,-900000,4,4,51,15,0,0,800,398
1681457430.383167,0,0,0,17000,51440,2700000,-900000,4,4,51,14,0,0,800,398
1681457430.519112,0,0,0,17000,53000,2700000,-900000,4,4,49,14,0,0,529,397
1681457430.655165,0,0,0,17000,52253,2700000,-900000,4,4,38,15,0,0,800,398
1681457430.79116,0,0,0,17000,50547,2700000,-900000,3,4,32,15,0,0,800,397
1681457430.927173,0,0,0,17000,48840,2700000,-900000,3,4,34,15,0,0,800,397
1681457431.063165,0,0,0,17000,47133,2700000,-900000,4,4,33,15,0,0,800,398
1681457431.199183,0,0,0,17000,45000,2700000,-900000,4,4,34,14,0,0,800,398
1681457431.335244,0,0,0,17000,43293,2700000,-900000,3,4,33,14,0,0,800,398
1681457431.471157,0,0,0,17000,41587,2700000,-900000,4,4,34,14,0,0,800,399
1681457431.615266,0,0,0,17000,39453,2700000,-900000,4,4,33,14,0,0,800,398
1681457431.751174,0,0,0,17000,37747,2700000,-900000,4,4,33,14,0,0,800,398
1681457431.887148,0,0,0,17000,36040,2700000,-900000,5,4,33,14,0,0,800,397
1681457432.023156,0,0,0,17000,34333,2700000,-900000,3,4,33,14,0,0,800,398
1681457432.159166,0,0,0,17000,32200,2700000,-900000,4,4,32,14,0,0,800,397
1681457432.295214,0,0,0,17000,30493,2700000,-900000,4,4,34,14,0,0,800,398
1681457432.431169,0,0,0,17000,28787,2700000,-900000,4,5,33,15,0,0,800,398
1681457432.567276,0,0,0,17000,27080,2700000,-900000,5,4,34,14,0,0,800,398
1681457432.71115,0,0,0,17000,24947,2700000,-900000,5,5,33,14,0,0,800,397
1681457432.847647,0,0,0,17000,23240,2700000,-900000,5,4,33,14,0,0,800,398
1681457432.983163,0,0,0,17000,21533,2700000,-900000,6,4,32,14,0,0,800,398
1681457433.127261,0,0,0,17000,19400,2700000,-900000,5,5,33,14,0,0,800,398
1681457433.263186,0,0,0,17000,17693,2700000,-900000,5,4,32,15,0,0,800,398
1681457433.40718,0,0,0,17000,15560,2700000,-900000,5,5,33,14,0,0,800,398
1681457433.543231,0,0,0,17000,13853,2700000,-900000,6,5,33,14,0,0,800,398
1681457433.687268,0,0,0,17000,12147,2700000,-900000,5,4,31,15,0,0,800,397
1681457433.823182,0,0,0,17000,10013,2700000,-900000,6,5,32,14,0,0,800,397
1681457433.959211,0,0,0,17000,9949,2700000,-900000,6,5,39,14,0,0,164,397
1681457434.09517,0,0,0,17000,9405,2700000,-900000,5,4,15,11,0,1,255,396
1681457434.231208,0,0,0,17000,8861,2700000,-900000,4,4,3,3,0,4,255,393
1681457434.36721,0,0,0,17000,8181,2700000,-900000,3,3,2,2,0,7,255,402
1681457434.516103,0,0,0,17000,7501,2700000,-900000,2,2,1,5,0,6,255,400
1681457434.663323,0,0,0,17000,6957,2700000,-900000,2,2,2,5,0,6,255,400
1681457434.799183,0,0,0,17000,6413,2700000,-900000,1,1,4,4,0,6,255,397
1681457434.935212,0,0,0,17000,5869,2700000,-900000,2,1,2,4,0,6,255,398
1681457435.07154,0,0,0,17000,5189,2700000,-900000,3,1,3,4,0,6,255,398
1681457435.207177,0,0,0,17000,4645,2700000,-900000,3,2,2,4,0,6,255,397
1681457435.343252,0,0,0,17000,4101,2700000,-900000,3,2,2,3,0,6,255,398
1681457435.487392,0,0,0,17000,3421,2700000,-900000,2,2,2,4,0,6,255,398
1681457435.623234,0,0,0,17000,2877,2700000,-900000,3,2,3,4,0,6,255,397
1681457435.759176,0,0,0,17000,2333,2700000,-900000,3,2,3,3,0,6,255,397
1681457435.90321,0,0,0,17000,1653,2700000,-900000,5,3,3,4,0,6,255,396
1681457436.0393,0,0,0,17000,1109,2700000,-900000,3,3,3,4,0,6,255,399
1681457436.175313,0,0,0,17000,565,2700000,-900000,3,3,2,3,0,6,255,399
1681457436.311218,0,0,0,17000,21,2700000,-900000,3,3,4,3,0,6,255,399
1681457436.447195,0,0,0,17000,-659,2700000,-900000,3,2,4,4,0,6,255,398
1681457436.583199,0,0,0,17000,-1203,2700000,-900000,3,2,3,3,0,7,255,396
1681457436.719399,0,0,0,17000,-1747,2700000,-900000,3,3,4,4,0,7,255,399
1681457436.863215,0,0,0,17000,-2427,2700000,-900000,3,3,4,4,0,7,255,398
1681457436.999321,0,0,0,17000,-2971,2700000,-900000,3,3,3,4,0,7,255,399
1681457437.13527,0,0,0,17000,-3515,2700000,-900000,3,3,3,3,0,7,255,397
1681457437.271781,0,0,0,17000,-4059,2700000,-900000,4,3,4,4,0,7,255,397
1681457437.407474,0,0,0,17000,-4739,2700000,-900000,4,3,3,4,0,7,255,396
1681457437.543186,0,0,0,17000,-5283,2700000,-900000,4,4,4,3,0,7,255,399
1681457437.679229,0,0,0,17000,-5827,2700000,-900000,3,4,4,4,0,7,255,397
1681457437.823302,0,0,0,17000,-6507,2700000,-900000,4,3,4,4,0,7,255,398
1681457437.95929,0,0,0,17000,-7051,2700000,-900000,3,3,4,4,0,7,255,396
1681457438.095459,0,0,0,17000,-7595,2700000,-900000,4,4,3,4,0,7,255,397
1681457438.239408,0,0,0,17000,-8275,2700000,-900000,4,3,4,4,0,7,255,397
1681457438.375352,0,0,0,17000,-8819,2700000,-900000,4,3,3,4,0,7,255,401
1681457438.511213,0,0,0,17000,-9363,2700000,-900000,5,3,5,4,0,7,255,397
1681457438.647255,0,0,0,17000,-9907,2700000,-900000,4,3,7,5,0,8,255,397
1681457438.78327,0,0,0,17000,-10587,2700000,-900000,5,3,7,4,0,8,255,396
1681457438.919299,0,0,0,17000,-11131,2700000,-900000,5,3,7,5,0,8,255,396
1681457439.055231,0,0,0,17000,-11675,2700000,-900000,5,3,6,5,0,8,255,398
1681457439.191244,0,0,0,17000,-12219,2700000,-900000,6,4,5,4,0,8,255,397
1681457439.327244,0,0,0,17000,-12899,2700000,-900000,4,4,6,4,0,9,255,397
1681457439.463208,0,0,0,17000,-13443,2700000,-900000,5,3,6,4,0,9,255,398
1681457439.599187,0,0,0,17000,-13605,2700000,-900000,6,4,7,3,0,9,0,400
1681457439.735282,0,0,0,17000,-13605,2700000,-900000,8,5,29,2,0,7,0,400
1681457439.87127,0,0,0,17000,-13605,2700000,-900000,8,5,40,9,0,4,0,399
1681457440.014754,0,0,0,17000,-13605,2700000,-900000,7,7,42,13,0,2,0,397
1681457440.151323,0,0,0,17000,-13605,2700000,-900000,6,6,44,15,0,1,0,396
1681457440.287482,0,0,0,17000,-13605,2700000,-900000,5,6,43,14,0,1,0,397
1681457440.42335,0,0,0,17000,-13605,2700000,-900000,5,7,44,13,0,1,0,398
1681457440.559258,0,0,0,17000,-13605,2700000,-900000,4,7,44,14,0,0,0,398
1681457440.703254,0,0,0,17000,-11898,2700000,-900000,5,7,55,14,0,0,800,397
1681457440.83947,0,0,0,17000,-10192,2700000,-900000,5,7,52,14,0,0,800,398
1681457440.975268,0,0,0,17000,-8485,2700000,-900000,3,7,52,14,0,0,800,398
1681457441.112215,0,0,0,17000,-6778,2700000,-900000,4,7,52,14,0,0,800,398
1681457441.247393,0,0,0,17000,-4645,2700000,-900000,4,5,51,14,0,0,800,397
1681457441.383253,0,0,0,17000,-2938,2700000,-900000,3,5,52,14,0,0,800,397
1681457441.519269,0,0,0,17000,-1232,2700000,-900000,3,5,50,15,0,0,800,398
1681457441.655284,0,0,0,17000,475,2700000,-900000,3,5,52,14,0,0,800,398
1681457441.791306,0,0,0,17000,2608,2700000,-900000,3,5,52,14,0,0,800,398
1681457441.927253,0,0,0,17000,4315,2700000,-900000,2,4,51,15,0,0,800,397
1681457442.063224,0,0,0,17000,6022,2700000,-900000,2,4,52,14,0,0,800,397
1681457442.199299,0,0,0,17000,7728,2700000,-900000,3,4,50,13,0,0,800,398
1681457442.335415,0,0,0,17000,9862,2700000,-900000,2,4,51,14,0,0,800,398
1681457442.471307,0,0,0,17000,11568,2700000,-900000,2,3,51,14,0,0,800,398
1681457442.607298,0,0,0,17000,13275,2700000,-900000,2,3,50,14,0,0,800,398
1681457442.743365,0,0,0,17000,14982,2700000,-900000,1,2,51,14,0,0,800,398
1681457442.879427,0,0,0,17000,17115,2700000,-900000,2,2,50,14,0,0,800,398
1681457443.015372,0,0,0,17000,18822,2700000,-900000,2,2,52,14,0,0,800,398
1681457443.151414,0,0,0,17000,20528,2700000,-900000,2,2,51,14,0,0,800,398
1681457443.29528,0,0,0,17000,22662,2700000,-900000,1,3,52,15,0,0,800,397
1681457443.431274,0,0,0,17000,24368,2700000,-900000,1,2,50,15,0,0,800,398
1681457443.567241,0,0,0,17000,26075,2700000,-900000,1,2,51,14,0,0,800,397
1681457443.703357,0,0,0,17000,27782,2700000,-900000,1,2,50,14,0,0,800,398
1681457443.839344,0,0,0,17000,29915,2700000,-900000,2,2,50,14,0,0,800,397
1681457443.975303,0,0,0,17000,31622,2700000,-900000,1,2,52,14,0,0,800,398
1681457444.11127,0,0,0,17000,33328,2700000,-900000,1,2,50,14,0,0,800,398
1681457444.247272,0,0,0,17000,35035,2700000,-900000,0,2,52,15,0,0,800,398
1681457444.383499,0,0,0,17000,37168,2700000,-900000,1,2,51,14,0,0,800,398
1681457444.527261,0,0,0,17000,38875,2700000,-900000,1,2,52,14,0,0,800,398
1681457444.663288,0,0,0,17000,40582,2700000,-900000,1,2,51,14,0,0,800,398
1681457444.807372,0,0,0,17000,42715,2700000,-900000,2,2,50,14,0,0,800,397
1681457444.943286,0,0,0,17000,44422,2700000,-900000,2,2,51,14,0,0,800,398
1681457445.08748,0,0,0,17000,46555,2700000,-900000,2,2,50,14,0,0,800,397
1681457445.22336,0,0,0,17000,48262,2700000,-900000,1,2,50,14,0,0,800,397
1681457445.359317,0,0,0,17000,49968,2700000,-900000,1,2,50,14,0,0,800,398
1681457445.495336,0,0,0,17000,51675,2700000,-900000,1,2,50,13,0,0,800,398
1681457445.63159,0,0,0,17000,53000,2700000,-900000,2,2,46,15,0,0,48,397
1681457445.77543,0,0,0,17000,54013,2700000,-900000,1,2,54,14,0,0,743,397
1681457445.911292,0,0,0,17000,55720,2700000,-900000,1,2,51,15,0,0,800,399
1681457446.047493,0,0,0,17000,57853,2700000,-900000,1,2,51,14,0,0,800,399
1681457446.183436,0,0,0,17000,59560,2700000,-900000,1,2,50,14,0,0,800,398
1681457446.319315,0,0,0,17000,60000,2700000,-900000,1,2,44,13,0,0,0,398
1681457446.455514,0,0,0,17000,60000,2700000,-900000,1,2,48,14,55,0,0,398
1681457446.59937,0,0,-49211,-159430,28343,2700000,-900000,1,2,48,14,67,0,0,398
1681457446.735322,0,0,-49211,-159430,28343,2700000,-900000,2,2,50,14,65,0,286,397
1681457446.871321,0,0,-49211,-159430,29996,2700000,-900000,2,2,53,14,64,0,800,398
1681457447.015321,0,0,-49211,-159430,32130,2700000,-900000,3,2,51,13,64,0,800,397
1681457447.151357,0,0,-49211,-159430,33836,2700000,-900000,2,2,51,14,63,0,800,398
1681457447.295333,0,0,-49211,-159430,35970,2700000,-900000,2,3,51,15,62,0,800,397
1681457447.431317,0,0,-49211,-159430,37676,2700000,-900000,2,2,52,14,63,0,800,398
1681457447.567339,0,0,-49211,-159430,39383,2700000,-900000,2,3,51,14,62,0,800,398
1681457447.703332,0,0,-49211,-159430,41116,2700000,-900000,2,3,52,14,61,0,943,398
1681457447.83938,0,0,-49211,-159430,45810,2700000,-900000,2,2,56,14,62,0,2000,398
1681457447.975408,0,0,-49211,-159430,50743,2700000,-900000,2,3,56,14,61,0,2400,398
1681457448.111307,0,0,-49211,-159430,55863,2700000,-900000,3,3,53,14,61,0,2400,398
1681457448.247335,0,0,-49211,-159430,60983,2700000,-900000,1,3,53,14,62,0,2400,397
1681457448.383335,0,0,-49211,-159430,67383,2700000,-900000,2,3,53,14,62,0,2400,398
1681457448.519351,0,0,-49211,-159430,73676,2700000,-900000,2,2,57,14,63,0,3200,398
1681457448.655345,0,0,-49211,-159430,80503,2700000,-900000,1,3,55,14,63,0,3200,398
1681457448.791461,0,0,-49211,-159430,87330,2700000,-900000,2,3,55,14,62,0,3200,397
1681457448.927359,0,0,-49211,-159430,95863,2700000,-900000,3,2,52,15,62,0,3200,397
1681457449.063341,0,0,-49211,-159430,102690,2700000,-900000,2,3,54,14,62,0,3200,397
1681457449.199337,0,0,-49211,-159430,109516,2700000,-900000,2,2,53,13,62,0,3200,398
1681457449.343375,0,0,-49211,-159430,118050,2700000,-900000,1,2,54,15,62,0,3200,398
1681457449.479754,0,0,-49211,-159430,124876,2700000,-900000,2,3,54,14,61,0,3200,397
1681457449.615374,0,0,-49211,-159430,131703,2700000,-900000,2,2,56,14,63,0,3200,397
1681457449.759334,0,0,-49211,-159430,140236,2700000,-900000,3,2,54,15,63,0,3200,398
1681457449.895415,0,0,-49211,-159430,147063,2700000,-900000,1,2,55,14,63,0,3200,398
1681457450.038698,0,0,-49211,-159430,153890,2700000,-900000,2,3,54,15,63,0,3200,398
1681457450.175488,0,0,-49211,-159430,162423,2700000,-900000,3,2,55,15,63,0,3200,397
1681457450.311322,0,0,-49211,-159430,169250,2700000,-900000,1,2,55,14,62,0,3200,398
1681457450.447468,0,0,-49211,-159430,176076,2700000,-900000,2,2,55,15,63,0,3200,398
1681457450.583357,0,0,-49211,-159430,182903,2700000,-900000,2,2,55,14,62,0,3200,398
1681457450.719733,0,0,-49211,-159430,191436,2700000,-900000,2,2,54,14,63,0,3200,398
1681457450.855446,0,0,-49211,-159430,198263,2700000,-900000,2,2,55,14,63,0,3200,397
1681457450.99147,0,0,-49211,-159430,205090,2700000,-900000,2,2,55,14,63,0,3200,398
1681457451.135566,0,0,-49211,-159430,213623,2700000,-900000,2,2,55,14,63,0,3200,397
1681457451.271335,0,0,-49211,-159430,220450,2700000,-900000,2,2,53,15,62,0,3200,398
1681457451.407409,0,0,-49211,-159430,227276,2700000,-900000,2,2,55,14,64,0,3200,398
1681457451.543429,0,0,-49211,-159430,234796,2700000,-900000,2,2,57,14,62,0,4000,398
1681457451.679542,0,0,-49211,-159430,245463,2700000,-900000,1,3,57,14,63,0,4000,398
1681457451.815331,0,0,-49211,-159430,257330,2700000,-900000,2,2,66,13,62,0,6000,398
1681457451.951368,0,0,-49211,-159430,270130,2700000,-900000,2,2,59,15,63,0,6000,398
1681457452.09538,0,0,-49211,-159430,286130,2700000,-900000,2,2,58,14,62,0,6000,397
1681457452.231454,0,0,-49211,-159430,298930,2700000,-900000,2,2,58,15,63,0,6000,398
1681457452.367358,0,0,-49211,-159430,311730,2700000,-900000,2,2,59,13,62,0,6000,398
1681457452.50333,0,0,-49211,-159430,324530,2700000,-900000,2,2,57,14,63,0,6000,397
1681457452.639652,0,0,-49211,-159430,340530,2700000,-900000,2,2,56,14,62,0,6000,398
1681457452.775466,0,0,-49211,-159430,353330,2700000,-900000,1,2,55,14,62,0,6000,397
1681457452.911374,0,0,-49211,-159430,366130,2700000,-900000,2,3,56,14,63,0,6000,397
1681457453.047423,0,0,-49211,-159430,378930,2700000,-900000,2,2,55,14,63,0,6000,397
1681457453.183389,0,0,-49211,-159430,394930,2700000,-900000,2,2,56,14,63,0,6000,398
1681457453.319386,0,0,-49211,-159430,407730,2700000,-900000,2,2,57,13,63,0,6000,397
1681457453.455383,0,0,-49211,-159430,412287,2700000,-900000,2,2,24,14,63,0,0,398
1681457453.599659,0,0,-49211,-159430,412287,2700000,-900000,2,2,49,15,63,0,0,398
1681457453.743382,0,0,-49211,-159430,412287,2700000,-900000,2,2,50,14,62,0,0,398
1681457453.87939,0,0,-52411,-156230,412287,2700000,-900000,34,55,49,14,63,0,8485,398
1681457454.015401,0,0,-68411,-140230,412287,2700000,-900000,18,29,49,14,62,0,8485,397
1681457454.15138,0,0,-81211,-127430,412287,2700000,-900000,12,17,48,14,62,0,8485,398
1681457454.287698,0,0,-94011,-114630,412287,2700000,-900000,13,20,47,13,62,0,8485,398
1681457454.431774,0,0,-110011,-98630,412287,2700000,-900000,12,18,46,14,62,0,8485,398
1681457454.583522,0,0,-122811,-85830,412287,2700000,-900000,11,20,46,14,62,0,8485,398
1681457454.719867,0,0,-138811,-69830,412287,2700000,-900000,9,19,46,14,62,0,8485,398
1681457454.855412,0,0,-151611,-57030,412287,2700000,-900000,13,19,45,13,62,0,8485,398
1681457454.991423,0,0,-164411,-44230,412287,2700000,-900000,13,19,46,13,63,0,8485,398
1681457455.127359,0,0,-177211,-31430,412287,2700000,-900000,13,18,46,13,63,0,8485,398
1681457455.263617,0,0,-193211,-15430,412287,2700000,-900000,14,22,47,14,64,0,8485,398
1681457455.399501,0,0,-206011,-2630,412287,2700000,-900000,14,21,46,14,63,0,8485,398
1681457455.535447,0,0,-218811,10170,412287,2700000,-900000,15,21,46,14,64,0,8485,398
1681457455.679578,0,0,-234811,26170,412287,2700000,-900000,14,22,46,14,64,0,8485,397
1681457455.815393,0,0,-247611,38970,412287,2700000,-900000,14,21,48,14,63,0,8485,398
1681457455.951372,0,0,-260411,51770,412287,2700000,-900000,13,22,48,14,63,0,8485,397
1681457456.095417,0,0,-276411,67770,412287,2700000,-900000,11,21,49,13,63,0,8485,398
1681457456.231385,0,0,-289211,80570,412287,2700000,-900000,13,21,50,14,64,0,8485,398
1681457456.375514,0,0,-302011,93370,412287,2700000,-900000,11,23,50,13,64,0,8485,398
1681457456.511461,0,0,-318011,109370,412287,2700000,-900000,11,22,50,13,65,0,8485,397
1681457456.64745,0,0,-330811,122170,412287,2700000,-900000,12,22,50,13,64,0,8485,398
1681457456.78341,0,0,-343611,134970,412287,2700000,-900000,12,22,49,13,64,0,8485,397
1681457456.927486,0,0,-359611,150970,412287,2700000,-900000,16,22,50,13,64,0,8485,398
1681457457.063394,0,0,-372411,163770,412287,2700000,-900000,13,23,50,13,64,0,8485,398
1681457457.199393,0,0,-385211,176570,412287,2700000,-900000,14,22,50,13,65,0,8485,398
1681457457.343595,0,0,-401211,192570,412287,2700000,-900000,13,21,50,12,64,0,8485,398
1681457457.479393,0,0,-411090,205370,412287,2700000,-900000,10,25,50,13,65,0,6007,397
1681457457.615499,0,0,-411090,218170,412287,2700000,-900000,1,21,51,13,65,0,6000,398
1681457457.751427,0,0,-411090,230970,412287,2700000,-900000,7,23,50,13,65,0,6000,397
1681457457.887414,0,0,-411090,246970,412287,2700000,-900000,6,24,50,12,64,0,6000,398
1681457458.023494,0,0,-411090,259770,412287,2700000,-900000,5,22,49,13,64,0,6000,398
1681457458.159508,0,0,-411090,272570,412287,2700000,-900000,4,24,49,12,63,0,6000,397
1681457458.295407,0,0,-411090,276863,412287,2700000,-900000,3,27,48,12,63,0,0,397
1681457458.431548,0,0,-411090,276863,412287,2700000,-900000,3,9,48,13,62,0,0,398
1681457458.567442,0,0,-411090,276863,412287,2702160,-897840,2,10,48,12,61,0,327,398
1681457458.703406,0,0,-411090,276863,412287,2725200,-874800,3,9,48,32,32,0,1527,398
1681457458.839584,0,0,-411090,276863,412287,2748240,-851760,4,8,48,33,34,0,1527,397
1681457458.975533,0,0,-411090,276863,412287,2777040,-822960,3,6,48,30,34,0,1527,398
1681457459.111424,0,0,-411090,276863,412287,2800080,-799920,3,5,48,28,32,0,1527,397
1681457459.247377,0,0,-411090,276863,412287,2823120,-776880,3,5,49,32,30,0,1527,398
1681457459.391455,0,0,-411090,276863,412287,2851920,-748080,3,4,48,34,33,0,1527,397
1681457459.527417,0,0,-411090,276863,412287,2874960,-725040,3,4,48,32,32,0,1527,397
1681457459.663504,0,0,-411090,276863,412287,2898000,-702000,3,4,49,29,29,0,1527,398
1681457459.799489,0,0,-411090,276863,412287,2921040,-678960,3,4,48,31,27,0,1527,397
1681457459.935498,0,0,-411090,276863,412287,2949840,-650160,3,4,48,31,29,0,1527,398
1681457460.072534,0,0,-411090,276863,412287,2972880,-627120,3,3,48,31,26,0,1527,398
1681457460.207442,0,0,-411090,276863,412287,2995920,-604080,3,4,48,30,22,0,1527,397
1681457460.351699,0,0,-411090,276863,412287,3024720,-575280,3,4,48,32,23,0,1527,397
1681457460.487424,0,0,-411090,276863,412287,3047760,-552240,3,4,48,33,19,0,1527,398
1681457460.623537,0,0,-411090,276863,412287,3070800,-529200,3,4,48,28,18,0,1527,397
1681457460.75945,0,0,-411090,276863,412287,3093840,-506160,3,4,49,29,16,0,1527,398
1681457460.895454,0,0,-411090,276863,412287,3122640,-477360,3,4,47,31,10,0,1527,398
1681457461.03151,0,0,-411090,276863,412287,3145680,-454320,3,4,48,34,12,0,1527,398
1681457461.167438,0,0,-411090,276863,412287,3168720,-431280,3,4,48,29,15,0,1527,398
1681457461.303418,0,0,-411090,276863,412287,3191760,-408240,3,4,48,31,5,0,1527,397
1681457461.439466,0,0,-411090,276863,412287,3220560,-379440,3,4,48,32,6,0,1527,398
1681457461.575436,0,0,-411090,276863,412287,3243600,-356400,4,4,48,33,3,0,1527,398
1681457461.71144,0,0,-411090,276863,412287,3266640,-333360,3,4,48,29,0,0,1527,397
1681457461.847444,0,0,-411090,276863,412287,3289680,-310320,3,4,47,31,1,0,1527,398
1681457461.983682,0,0,-411090,276863,412287,3318480,-281520,3,4,47,31,3,0,1527,397
1681457462.119457,0,0,-411090,276863,412287,3341520,-258480,3,4,48,32,2,0,1527,398
1681457462.255462,0,0,-411090,276863,412287,3364560,-235440,3,4,48,30,6,0,1527,398
1681457462.399502,0,0,-411090,276863,412287,3393360,-206640,3,4,48,30,12,0,1527,398
1681457462.535487,0,0,-411090,276863,412287,3416400,-183600,3,4,49,32,10,0,1527,398
1681457462.671426,0,0,-411090,276863,412287,3439440,-160560,3,4,47,33,12,0,1527,397
1681457462.807459,0,0,-411090,276863,412287,3462480,-137520,3,4,47,30,16,0,1527,398
1681457462.943541,0,0,-411090,276863,412287,3491280,-108720,3,4,48,31,16,0,1527,397
1681457463.079434,0,0,-411090,276863,412287,3514320,-85680,3,4,48,31,17,0,1527,398
1681457463.215421,0,0,-411090,276863,412287,3537360,-62640,3,4,48,34,23,0,1527,398
1681457463.351463,0,0,-411090,276863,412287,3560400,-39600,3,4,48,30,26,0,1527,398
1681457463.487473,0,0,-411090,276863,412287,3589200,-10800,4,4,48,30,31,0,1527,398
1681457463.623473,0,0,-411090,276863,412287,0,0,2,4,48,15,3,0,109,397
1681457463.759563,0,0,-411090,276863,412287,0,0,3,4,48,28,26,7,0,1
1681457463.903492,0,0,-411090,276863,412287,0,0,3,4,47,26,26,2,0,0
1681457464.039534,0,0,-411090,276863,412287,0,0,3,4,47,23,26,0,0,0
1681457464.175472,0,0,-411090,276863,412287,0,0,3,4,46,19,24,0,0,0
1681457464.311469,0,0,-411090,276863,412287,0,0,2,4,46,16,23,0,0,0
1681457464.45549,0,0,-411090,276863,412287,0,0,3,4,46,15,23,0,0,0
1681457464.599538,0,0,-411090,276863,412287,0,0,3,4,46,14,23,0,0,0
1681457464.735488,0,0,-411090,276863,412287,0,0,3,4,46,13,22,0,0,0
1681457464.871475,0,0,-411090,276863,412287,0,0,2,4,46,13,22,0,0,0
1681457465.00759,0,0,-411090,276863,412287,0,0,3,4,46,13,23,0,0,0
1681457465.143485,0,0,-411090,276863,412287,0,0,3,4,46,13,23,0,0,0
1681457465.279518,0,0,-411090,276863,412287,0,0,3,4,46,13,22,0,0,0
1681457465.415569,0,0,-411090,276863,412287,0,0,4,4,46,13,22,0,0,0
1681457465.551465,0,0,-411090,276863,412287,0,0,3,4,46,13,22,0,0,0
1681457465.695558,0,0,-411090,276863,412287,0,0,3,4,47,13,22,0,0,0
1681457465.839617,6,12,-411090,276863,412287,0,0,2,4,46,13,23,0,0,0
1681457465.975615,6,12,-411090,276863,412287,0,0,3,4,46,13,22,0,0,0
1681457466.111498,6,12,-411090,276863,412287,0,0,2,4,47,12,23,0,0,0
1681457466.247553,6,12,-411090,276863,412287,0,0,3,4,47,12,22,0,0,0
1681457466.383602,6,12,-411090,276863,412287,0,0,3,4,47,12,22,0,0,0
1681457466.519449,6,12,-411090,276863,412287,0,0,3,4,46,12,23,0,0,0
1681457466.655503,6,12,-411090,276863,412287,0,0,4,4,47,12,23,0,0,0
1681457466.799617,6,12,-411090,276863,412287,0,0,3,4,47,12,22,0,0,0
1681457466.935477,6,12,-411090,276863,412287,0,0,3,4,46,12,22,0,0,0
1681457467.071488,6,12,-411090,276863,412287,0,0,4,4,46,12,22,0,0,0
1681457467.207499,6,12,-411090,276863,412287,0,0,3,4,47,12,23,0,0,0
1681457467.343579,6,12,-411090,276863,412287,0,0,3,4,46,13,22,0,0,0
1681457467.479468,6,12,-411090,276863,412287,0,0,3,4,47,12,22,0,0,0
1681457467.623621,6,12,-411090,276863,412287,0,0,3,4,46,12,22,0,0,0
1681457467.76057,6,12,-411090,276863,412287,0,0,3,4,47,12,22,0,0,0
1681457467.895518,6,12,-411090,276863,412287,0,0,3,4,47,12,23,0,0,0
1681457468.031516,6,12,-411090,276863,412287,0,0,3,4,46,13,22,0,0,0
1681457468.167538,6,12,-411090,276863,412287,0,0,3,4,48,13,22,0,0,0
1681457468.303615,6,12,-411090,276863,412287,0,0,3,4,47,12,22,0,0,0
1681457468.439527,6,12,-411090,276863,412287,0,0,3,4,46,13,22,0,0,0
1681457468.575504,6,12,-411090,276863,412287,0,0,3,4,46,12,22,0,0,0
1681457468.711495,6,12,-411090,276863,412287,0,0,4,4,46,12,22,0,0,0
1681457468.847491,6,12,-411090,276863,412287,0,0,3,4,46,11,21,0,0,0
1681457468.98368,6,12,-411090,276863,412287,0,0,3,4,48,12,22,12,0,398
1681457469.119692,6,12,-411090,276863,412287,0,0,3,4,49,11,22,4,0,397
1681457469.255616,6,12,-411090,276863,412287,2160,-2160,3,4,49,11,22,1,545,398
1681457469.391542,6,12,-411090,276863,412287,25200,-25200,2,4,49,46,2,0,1527,397
1681457469.527582,6,12,-411090,276863,412287,48240,-48240,2,5,49,34,1,0,1527,397
1681457469.663538,6,12,-411090,276863,412287,77040,-77040,2,4,49,32,10,0,1527,398
1681457469.799634,6,12,-411090,276863,412287,106080,-106080,3,5,49,40,14,0,2036,398
1681457469.935624,6,12,-411090,276863,412287,136800,-136800,2,4,49,33,13,0,2036,398
1681457470.085581,6,12,-411090,276863,412287,175200,-175200,2,4,49,33,15,0,2036,399
1681457470.223621,6,12,-411090,276863,412287,205920,-205920,2,4,49,35,17,0,2036,398
1681457470.359613,6,12,-411090,276863,412287,236640,-236640,2,4,49,34,22,0,2036,398
1681457470.495545,6,12,-411090,276863,412287,275040,-275040,2,4,49,34,21,0,2036,398
1681457470.631549,6,12,-411090,276863,412287,305760,-305760,2,4,49,33,28,0,2036,398
1681457470.767542,6,12,-411090,276863,412287,336480,-336480,2,4,48,36,31,0,2036,399
1681457470.903541,6,12,-411090,276863,412287,367200,-367200,2,4,49,34,34,0,2036,398
1681457471.039546,6,12,-411090,276863,412287,405600,-405600,3,4,48,34,37,0,2036,398
1681457471.175562,6,12,-411090,276863,412287,436320,-436320,3,4,49,32,36,0,2036,397
1681457471.311532,6,12,-411090,276863,412287,467040,-467040,2,4,49,35,41,0,2036,398
1681457471.447523,6,12,-411090,276863,412287,497760,-497760,2,4,50,34,43,0,2036,398
1681457471.583798,6,12,-411090,276863,412287,536160,-536160,3,4,48,34,45,0,2036,398
1681457471.719878,6,12,-411090,276863,412287,566880,-566880,2,4,50,34,48,0,2036,398
1681457471.855527,6,12,-411090,276863,412287,597600,-597600,2,5,49,35,52,0,2036,398
1681457471.999567,6,12,-411090,276863,412287,636000,-636000,3,4,49,36,56,0,2036,397
1681457472.135667,6,12,-411090,276863,412287,666720,-666720,2,4,49,35,56,0,2036,398
1681457472.271506,6,12,-411090,276863,412287,697440,-697440,2,4,48,34,63,0,2036,398
1681457472.415774,6,12,-411090,276863,412287,735840,-735840,3,4,49,36,57,0,2036,398
1681457472.551579,6,12,-411090,276863,412287,766560,-766560,2,4,50,36,69,0,2036,398
1681457472.687543,6,12,-411090,276863,412287,797280,-797280,3,4,49,33,64,0,2036,399
1681457472.831567,6,12,-411090,276863,412287,835680,-835680,3,5,48,34,64,0,2036,398
1681457472.967568,6,12,-411090,276863,412287,866400,-866400,2,4,48,34,68,0,2036,397
1681457473.103586,6,12,-411090,276863,412287,897120,-897120,3,4,49,37,65,0,2036,398
1681457473.239566,6,12,-411090,276863,412287,900000,-900000,3,4,49,20,59,0,0,399
1681457473.376044,6,12,-411090,276863,412287,900000,-900000,3,4,49,27,66,0,0,398
1681457473.51154,6,12,-411090,276863,412287,900000,-900000,3,4,49,25,67,0,0,398
1681457473.64753,6,12,-411090,276863,412287,900000,-900000,2,4,49,21,65,0,0,398
1681457473.791594,6,12,-411090,276863,412287,900000,-900000,3,5,50,18,63,0,0,398
1681457473.927577,6,12,-411090,276863,412287,900000,-900000,2,4,49,18,63,0,0,398
1681457474.063645,6,12,-411090,276863,412287,900000,-900000,3,4,49,16,63,0,0,398
1681457474.199581,6,12,-411090,276863,412287,900000,-900000,3,4,49,15,62,0,0,399
1681457474.335779,6,12,-411090,276863,412287,900000,-900000,3,4,49,16,61,0,0,398
1681457474.479632,6,12,276863,-412287,411090,900000,-900000,2,5,49,14,56,0,0,398
1681457474.623593,6,12,-458143,453293,681688,900000,-900000,3,4,49,15,54,0,0,398
1681457474.767557,0,0,-451210,446690,681688,900000,-900000,47,65,49,14,49,1,8680,479
1681457474.903669,0,0,-434143,430438,681688,900000,-900000,17,28,48,14,46,0,11047,478
1681457475.039682,0,0,-412810,410122,681688,900000,-900000,13,23,46,14,44,0,11047,477
1681457475.183574,0,0,-395743,393869,681688,900000,-900000,13,21,46,14,40,0,11047,477
1681457475.319573,0,0,-378676,377616,681688,900000,-900000,15,21,45,15,37,0,11047,477
1681457475.455959,0,0,-357343,357300,681688,900000,-900000,15,22,44,14,33,0,11047,478
1681457475.591591,0,0,-340276,341048,681688,900000,-900000,13,22,45,14,0,0,11047,477
1681457475.727555,0,0,-323210,324795,681688,900000,-900000,13,25,44,14,0,0,11047,477
1681457475.871576,0,0,-301876,304479,681688,900000,-900000,15,24,44,14,0,0,11047,477
1681457476.007636,0,0,-284810,288226,681688,900000,-900000,13,23,44,14,0,0,11047,477
1681457476.143723,0,0,-267743,271974,681688,900000,-900000,18,25,43,13,0,0,11047,477
1681457476.279587,0,0,-250676,255721,681688,900000,-900000,12,25,44,14,0,0,11047,477
1681457476.415819,0,0,-229343,235405,681688,900000,-900000,15,25,43,14,0,0,11047,478
1681457476.551609,0,0,-212276,219152,681688,900000,-900000,14,25,44,13,0,0,11047,478
1681457476.687581,0,0,-195210,202900,681688,900000,-900000,15,23,44,14,0,0,11047,477
1681457476.823607,0,0,-178143,186647,681688,900000,-900000,13,23,43,14,0,0,11047,478
1681457476.959614,0,0,-156810,166331,681688,900000,-900000,17,23,45,15,0,0,11047,477
1681457477.095582,0,0,-139743,150078,681688,900000,-900000,15,23,45,13,0,0,11047,477
1681457477.231674,0,0,-122676,133826,681688,900000,-900000,17,22,46,14,0,0,11047,477
1681457477.367572,0,0,-105610,117573,681688,900000,-900000,12,22,46,13,0,0,11047,477
1681457477.503583,0,0,-84276,97257,681688,900000,-900000,16,22,48,14,0,0,11047,478
1681457477.639636,0,0,-67210,81004,681688,900000,-900000,13,22,46,14,0,0,11047,478
1681457477.775642,0,0,-50143,64752,681688,900000,-900000,16,22,48,14,0,0,11047,478
1681457477.919631,0,0,-28810,44436,681688,900000,-900000,13,22,48,14,0,0,11047,477
1681457478.055608,0,0,-11743,28183,681688,900000,-900000,17,22,48,14,0,0,11047,477
1681457478.191585,0,0,0,17000,681688,900000,-900000,18,30,49,14,0,0,6327,478
1681457478.327633,0,0,0,17000,441302,900000,-900000,0,2,3,14,0,0,8000,478
1681457478.463981,0,0,0,17000,419969,900000,-900000,6,9,20,13,0,0,8000,478
1681457478.599602,0,0,0,17000,402902,900000,-900000,5,8,30,14,0,0,8000,477
1681457478.735585,0,0,0,17000,385835,900000,-900000,5,6,27,14,0,0,8000,477
1681457478.879708,0,0,0,17000,364502,900000,-900000,5,5,29,14,0,0,8000,477
1681457479.015599,0,0,0,17000,347435,900000,-900000,4,4,25,14,0,0,8000,477
1681457479.151586,0,0,0,17000,330369,900000,-900000,5,3,26,14,0,0,8000,477
1681457479.287625,0,0,0,17000,313302,900000,-900000,4,3,27,14,0,0,8000,478
1681457479.423782,0,0,0,17000,291969,900000,-900000,5,3,28,14,0,0,8000,478
1681457479.559695,0,0,0,17000,274902,900000,-900000,5,3,25,13,0,0,8000,477
1681457479.695607,0,0,0,17000,257835,900000,-900000,5,3,25,13,0,0,8000,477
1681457479.839737,0,0,0,17000,236502,900000,-900000,5,3,27,13,0,0,8000,477
1681457479.983668,0,0,0,17000,219435,900000,-900000,5,3,25,13,0,0,8000,477
1681457480.11964,0,0,0,17000,202369,900000,-900000,5,3,28,14,0,0,7571,477
1681457480.255879,0,0,0,17000,185969,900000,-900000,4,4,36,13,0,0,6000,478
1681457480.391633,0,0,0,17000,177089,900000,-900000,5,3,40,14,0,0,3200,478
1681457480.527672,0,0,0,17000,170449,900000,-900000,5,3,32,13,0,0,3000,478
1681457480.663658,0,0,0,17000,165035,900000,-900000,5,3,34,13,0,0,2400,476
1681457480.799685,0,0,0,17000,158635,900000,-900000,4,4,31,14,0,0,2400,477
1681457480.935631,0,0,0,17000,153515,900000,-900000,5,3,32,13,0,0,2400,477
1681457481.071642,0,0,0,17000,148395,900000,-900000,5,3,31,13,0,0,2400,478
1681457481.215641,0,0,0,17000,141995,900000,-900000,5,3,31,13,0,0,2400,477
1681457481.351642,0,0,0,17000,136875,900000,-900000,5,3,32,13,0,0,2400,478
1681457481.487735,0,0,0,17000,131755,900000,-900000,5,3,32,13,0,0,2400,477
1681457481.623617,0,0,0,17000,126635,900000,-900000,4,3,30,14,0,0,2400,478
1681457481.759656,0,0,0,17000,120235,900000,-900000,5,4,30,13,0,0,2400,477
1681457481.895637,0,0,0,17000,115115,900000,-900000,5,3,29,14,0,0,2400,477
1681457482.039725,0,0,0,17000,110742,900000,-900000,5,4,34,13,0,0,1743,478
1681457482.175754,0,0,0,17000,106475,900000,-900000,5,4,31,13,0,0,1600,477
1681457482.31165,0,0,0,17000,103062,900000,-900000,4,4,32,13,0,0,1600,478
1681457482.447704,0,0,0,17000,99649,900000,-900000,5,4,31,13,0,0,1600,477
1681457482.583626,0,0,0,17000,96235,900000,-900000,5,4,33,13,0,0,1600,477
1681457482.71998,0,0,0,17000,91969,900000,-900000,5,3,29,13,0,0,1600,477
1681457482.855648,0,0,0,17000,88555,900000,-900000,5,3,32,13,0,0,1600,477
1681457482.991739,0,0,0,17000,85329,900000,-900000,5,3,32,13,0,0,1400,477
1681457483.135748,0,0,0,17000,82129,900000,-900000,5,4,30,13,0,0,1200,478
1681457483.271658,0,0,0,17000,79569,900000,-900000,5,3,31,13,0,0,1200,478
1681457483.4077,0,0,0,17000,77009,900000,-900000,5,3,31,13,0,0,1200,477
1681457483.543652,0,0,0,17000,74449,900000,-900000,6,3,31,14,0,0,1200,477
1681457483.679685,0,0,0,17000,71249,900000,-900000,5,3,30,13,0,0,1200,476
1681457483.815673,0,0,0,17000,68689,900000,-900000,5,3,31,13,0,0,1200,477
1681457483.951689,0,0,0,17000,66129,900000,-900000,5,3,32,12,0,0,1200,476
1681457484.095775,0,0,0,17000,62929,900000,-900000,4,4,31,13,0,0,1200,478
1681457484.23168,0,0,0,17000,60369,900000,-900000,5,4,31,14,0,0,1200,478
1681457484.36768,0,0,0,17000,60000,900000,-900000,6,3,36,14,0,0,429,477
1681457484.519696,0,0,0,17000,56880,900000,-900000,5,3,30,14,0,0,1200,477
1681457484.663785,0,0,0,17000,54320,900000,-900000,5,4,31,13,0,0,1200,477
1681457484.807787,0,0,0,17000,53000,900000,-900000,5,3,38,13,0,0,18,478
1681457484.943699,0,0,0,17000,52550,900000,-900000,5,3,33,14,0,0,250,478
1681457485.087705,0,0,0,17000,51883,900000,-900000,5,3,33,14,0,0,250,478
1681457485.231758,0,0,0,17000,51350,900000,-900000,6,4,33,13,0,0,250,477
1681457485.367726,0,0,0,17000,50817,900000,-900000,5,3,32,13,0,0,250,478
1681457485.503968,0,0,0,17000,50150,900000,-900000,5,3,33,13,0,0,250,477
1681457485.639664,0,0,0,17000,49617,900000,-900000,5,3,32,14,0,0,250,477
1681457485.775692,0,0,0,17000,49083,900000,-900000,5,4,33,13,0,0,250,477
1681457485.9199,0,0,0,17000,48417,900000,-900000,5,3,33,14,0,0,250,477
1681457486.055848,0,0,0,17000,47883,900000,-900000,5,3,33,13,0,0,250,477
1681457486.191722,0,0,0,17000,47350,900000,-900000,5,3,33,13,0,0,250,477
1681457486.327726,0,0,0,17000,46817,900000,-900000,5,3,32,13,0,0,250,478
1681457486.471702,0,0,0,17000,46150,900000,-900000,6,4,34,13,0,0,250,477
1681457486.607661,0,0,0,17000,45617,900000,-900000,5,4,33,14,0,0,250,477
1681457486.751712,0,0,0,17000,44950,900000,-900000,5,3,33,13,0,0,250,477
1681457486.887685,0,0,0,17000,44417,900000,-900000,5,3,34,13,0,0,250,477
1681457487.023713,0,0,0,17000,43883,900000,-900000,5,4,27,12,0,0,250,477
1681457487.167688,0,0,0,17000,43217,900000,-900000,4,3,17,9,0,0,250,477
1681457487.303737,0,0,0,17000,42683,900000,-900000,4,2,11,5,0,0,250,477
1681457487.43974,0,0,0,17000,42150,900000,-900000,2,2,7,2,0,1,250,477
1681457487.583706,0,0,0,17000,41483,900000,-900000,3,2,5,1,0,2,250,476
1681457487.719796,0,0,0,17000,40950,900000,-900000,3,1,3,0,0,3,250,477
1681457487.863784,0,0,0,17000,40417,900000,-900000,3,1,3,1,0,4,250,476
1681457487.999707,0,0,0,17000,39750,900000,-900000,3,1,4,0,0,5,250,477
1681457488.143822,0,0,0,17000,39217,900000,-900000,2,2,3,0,0,6,250,475
1681457488.27965,0,0,0,17000,38683,900000,-900000,2,2,4,0,0,5,250,477
1681457488.415777,0,0,0,17000,38017,900000,-900000,2,2,3,0,0,5,250,477
1681457488.559774,0,0,0,17000,37483,900000,-900000,2,2,3,1,0,5,250,477
1681457488.695722,0,0,0,17000,36950,900000,-900000,2,2,3,0,0,6,250,478
1681457488.831856,0,0,0,17000,36283,900000,-900000,2,2,4,1,0,5,250,478
1681457488.975783,0,0,0,17000,35750,900000,-900000,2,2,3,0,0,5,250,477
1681457489.111787,0,0,0,17000,35083,900000,-900000,3,2,2,0,0,6,250,479
1681457489.255714,0,0,0,17000,34550,900000,-900000,3,2,2,0,0,5,250,479
1681457489.391715,0,0,0,17000,34017,900000,-900000,2,2,1,1,0,5,250,478
1681457489.527714,0,0,0,17000,33483,900000,-900000,2,2,1,1,0,5,250,477
1681457489.663718,0,0,0,17000,32817,900000,-900000,2,2,1,1,0,5,250,478
1681457489.807814,0,0,0,17000,32283,900000,-900000,2,2,4,0,0,5,250,476
1681457489.952005,0,0,0,17000,31617,900000,-900000,2,2,4,1,0,5,250,476
1681457490.095731,0,0,0,17000,31083,900000,-900000,2,1,3,1,0,5,250,477
1681457490.239888,0,0,0,17000,30417,900000,-900000,2,2,2,1,0,5,250,477
1681457490.383741,0,0,0,17000,30000,900000,-900000,2,2,6,0,0,5,125,477
1681457490.519752,0,0,0,17000,30000,900000,-900000,2,3,20,5,0,4,0,479
1681457490.655818,0,0,0,17000,30000,900000,-900000,3,3,38,11,0,1,0,478
1681457490.799818,0,0,0,17000,30000,900000,-900000,4,4,42,14,0,0,0,478
1681457490.935692,0,0,0,17000,30000,900000,-900000,5,5,44,16,0,0,0,476
1681457491.071747,0,0,0,17000,30000,900000,-900000,4,5,45,16,0,0,0,478
1681457491.207692,0,0,0,17000,30000,900000,-900000,4,5,44,17,0,0,0,478
1681457491.343749,0,0,0,17000,30000,900000,-900000,4,5,45,16,0,0,0,477
1681457491.479725,0,0,0,17000,30720,900000,-900000,4,5,56,16,0,0,1200,477
1681457491.615727,0,0,0,17000,33920,900000,-900000,4,5,54,17,0,0,1200,478
1681457491.759708,0,0,0,17000,36480,900000,-900000,4,5,54,17,0,0,1200,477
1681457491.895715,0,0,0,17000,39040,900000,-900000,4,5,51,16,0,0,1200,477
1681457492.031706,0,0,0,17000,42240,900000,-900000,4,5,53,17,0,0,1200,477
1681457492.16785,0,0,0,17000,44800,900000,-900000,5,5,53,16,0,0,1200,478
1681457492.303769,0,0,0,17000,47360,900000,-900000,5,5,53,16,0,0,1200,478
1681457492.447748,0,0,0,17000,50560,900000,-900000,6,5,52,16,0,0,1200,477
1681457492.583867,0,0,0,17000,53000,900000,-900000,5,5,52,16,0,0,1200,478
1681457492.719857,0,0,0,17000,52600,900000,-900000,5,5,40,17,0,0,771,477
1681457492.863898,0,0,0,17000,49400,900000,-900000,5,5,33,16,0,0,1200,478
1681457492.999845,0,0,0,17000,46840,900000,-900000,5,4,32,16,0,0,1200,477
1681457493.135823,0,0,0,17000,44280,900000,-900000,5,4,33,17,0,0,1200,478
1681457493.271749,0,0,0,17000,41720,900000,-900000,5,4,33,17,0,0,1200,477
1681457493.407776,0,0,0,17000,38520,900000,-900000,5,4,33,17,0,0,1200,477
1681457493.551831,0,0,0,17000,35960,900000,-900000,4,4,32,17,0,0,1200,476
1681457493.695773,0,0,0,17000,35000,900000,-900000,4,5,41,16,0,0,0,478
1681457493.839756,0,0,0,17000,34467,900000,-900000,4,4,34,17,0,0,250,478
1681457493.975767,0,0,0,17000,33933,900000,-900000,3,4,35,16,0,0,250,477
1681457494.11183,0,0,0,17000,33267,900000,-900000,3,4,35,16,0,0,250,477
1681457494.255736,0,0,0,17000,32733,900000,-900000,3,5,36,16,0,0,250,477
1681457494.39991,0,0,0,17000,32067,900000,-900000,3,5,35,16,0,0,250,478
1681457494.535815,0,0,0,17000,31533,900000,-900000,4,4,34,16,0,0,250,477
1681457494.671783,0,0,0,17000,31000,900000,-900000,3,5,35,16,0,0,250,478
1681457494.815811,0,0,0,17000,30333,900000,-900000,3,4,34,17,0,0,250,477
1681457494.951808,0,0,0,17000,29800,900000,-900000,4,5,34,16,0,0,250,478
1681457495.095752,0,0,0,17000,29133,900000,-900000,3,4,15,12,0,1,250,474
1681457495.239768,0,0,0,17000,28600,900000,-900000,2,3,6,5,0,5,250,477
1681457495.375794,0,0,0,17000,28067,900000,-900000,2,2,5,0,0,5,250,478
1681457495.511758,0,0,0,17000,27400,900000,-900000,2,2,4,1,0,5,250,477
1681457495.655779,0,0,0,17000,26867,900000,-900000,2,2,5,1,0,5,250,477
1681457495.79176,0,0,0,17000,26333,900000,-900000,2,2,5,0,0,5,250,480
1681457495.92783,0,0,0,17000,25667,900000,-900000,1,2,4,0,0,5,250,477
1681457496.071862,0,0,0,17000,25133,900000,-900000,2,1,4,0,0,5,250,477
1681457496.207781,0,0,0,17000,24600,900000,-900000,2,1,3,1,0,5,250,478
1681457496.343897,0,0,0,17000,24067,900000,-900000,3,2,3,0,0,5,250,479
1681457496.479814,0,0,0,17000,23400,900000,-900000,2,1,4,1,0,5,250,477
1681457496.623895,0,0,0,17000,22867,900000,-900000,2,2,4,1,0,5,250,477
1681457496.759754,0,0,0,17000,22333,900000,-900000,2,1,4,1,0,5,250,477
1681457496.895776,0,0,0,17000,21667,900000,-900000,2,2,4,0,0,5,250,477
1681457497.031798,0,0,0,17000,21133,900000,-900000,2,2,4,1,0,5,250,476
1681457497.167922,0,0,0,17000,20600,900000,-900000,2,1,4,1,0,5,250,477
1681457497.30376,0,0,0,17000,20067,900000,-900000,2,1,2,1,0,5,250,477
1681457497.439799,0,0,0,17000,19400,900000,-900000,2,1,4,0,0,5,250,476
1681457497.583772,0,0,0,17000,18867,900000,-900000,2,2,5,1,0,5,250,478
1681457497.719742,0,0,0,17000,18333,900000,-900000,2,2,4,1,0,5,250,478
1681457497.855777,0,0,0,17000,17667,900000,-900000,1,2,5,1,0,5,250,479
1681457497.999794,0,0,0,17000,17133,900000,-900000,2,2,4,1,0,5,250,478
1681457498.143786,0,0,0,17000,16467,900000,-900000,2,2,5,1,0,5,250,478
1681457498.287809,0,0,0,17000,15933,900000,-900000,2,2,4,0,0,5,250,478
1681457498.423902,0,0,0,17000,15267,900000,-900000,2,2,3,1,0,5,250,478
1681457498.567857,0,0,0,17000,14733,900000,-900000,2,2,3,1,0,5,250,477
1681457498.703908,0,0,0,17000,14200,900000,-900000,2,2,3,0,0,5,250,475
1681457498.839801,0,0,0,17000,13533,900000,-900000,2,1,2,1,0,5,250,478
1681457498.983814,0,0,0,17000,13000,900000,-900000,2,1,2,1,0,5,250,477
1681457499.119806,0,0,0,17000,12467,900000,-900000,1,2,1,1,0,5,250,477
1681457499.2558,0,0,0,17000,11800,900000,-900000,1,1,1,1,0,5,250,478
1681457499.39981,0,0,0,17000,11267,900000,-900000,1,1,2,1,0,5,250,478
1681457499.535822,0,0,0,17000,10733,900000,-900000,1,2,2,1,0,5,250,477
1681457499.6718,0,0,0,17000,10067,900000,-900000,1,2,2,1,0,5,250,478
1681457499.815928,0,0,0,17000,10000,900000,-900000,2,2,11,1,0,5,0,480
1681457499.951826,0,0,0,17000,10000,900000,-900000,3,3,34,9,0,3,0,478
1681457500.087806,0,0,0,17000,10000,900000,-900000,3,4,41,13,0,1,0,477
1681457500.223907,0,0,0,17000,10000,900000,-900000,3,5,43,15,0,0,0,478
1681457500.3679,0,0,0,17000,10000,900000,-900000,3,5,45,17,0,0,0,478
1681457500.503957,0,0,0,17000,10000,900000,-900000,3,5,44,17,0,0,0,478
1681457500.640225,0,0,0,17000,10000,900000,-900000,3,5,44,16,0,0,0,477
1681457500.78388,0,0,0,17000,10000,900000,-900000,3,5,46,15,0,0,171,477
1681457500.927847,0,0,0,17000,13040,900000,-900000,4,5,56,17,0,0,1200,477
1681457501.071878,0,0,0,17000,15600,900000,-900000,4,5,54,16,0,0,1200,477
1681457501.207813,0,0,0,17000,18160,900000,-900000,3,5,52,17,0,0,1200,478
1681457501.343883,0,0,0,17000,21360,900000,-900000,4,5,51,18,0,0,1200,477
1681457501.487832,0,0,0,17000,23920,900000,-900000,4,5,52,16,0,0,1200,476
1681457501.632022,0,0,0,17000,27120,900000,-900000,4,5,52,17,0,0,1200,478
1681457501.767846,0,0,0,17000,29680,900000,-900000,4,5,52,16,0,0,1200,478
1681457501.903833,0,0,0,17000,32240,900000,-900000,4,5,52,17,0,0,1200,477
1681457502.039834,0,0,0,17000,34800,900000,-900000,5,5,53,16,0,0,1200,477
1681457502.175826,0,0,0,17000,38000,900000,-900000,4,5,53,16,0,0,1200,476
1681457502.319835,0,0,0,17000,40560,900000,-900000,5,5,53,17,0,0,1200,477
1681457502.464134,0,0,0,17000,43760,900000,-900000,6,5,52,15,0,0,1200,478
1681457502.607847,0,0,0,17000,46320,900000,-900000,5,5,52,17,0,0,1200,477
1681457502.743782,0,0,0,17000,48880,900000,-900000,6,4,52,16,0,0,1200,477
1681457502.879839,0,0,0,17000,52080,900000,-900000,5,5,51,16,0,0,1200,477
1681457503.01582,0,0,0,17000,53000,900000,-900000,5,4,46,16,0,0,0,477
1681457503.151828,0,0,0,17000,51080,900000,-900000,5,4,28,17,0,0,1200,477
1681457503.288029,0,0,0,17000,48520,900000,-900000,6,4,32,18,0,0,1200,478
1681457503.42398,0,0,0,17000,45320,900000,-900000,5,4,33,16,0,0,1200,478
1681457503.559908,0,0,0,17000,42760,900000,-900000,5,4,32,16,0,0,1200,477
1681457503.695838,0,0,0,17000,40200,900000,-900000,5,4,32,17,0,0,1200,478
1681457503.831836,0,0,0,17000,37640,900000,-900000,5,4,33,17,0,0,1200,477
1681457503.968041,0,0,0,17000,34440,900000,-900000,4,4,33,17,0,0,1200,477
1681457504.103851,0,0,0,17000,31880,900000,-900000,4,4,32,16,0,0,1200,478
1681457504.239833,0,0,0,17000,29320,900000,-900000,4,4,32,17,0,0,1200,477
1681457504.375899,0,0,0,17000,26760,900000,-900000,4,4,33,17,0,0,1200,477
1681457504.511919,0,0,0,17000,23560,900000,-900000,3,4,33,17,0,0,1200,477
1681457504.663844,0,0,0,17000,21000,900000,-900000,2,5,32,16,0,0,1200,477
1681457504.807928,0,0,0,17000,17800,900000,-900000,3,5,33,17,0,0,1200,477
1681457504.943871,0,0,0,17000,15240,900000,-900000,3,4,33,16,0,0,1200,477
1681457505.087834,0,0,0,17000,14850,900000,-900000,2,4,38,16,0,0,196,478
1681457505.231888,0,0,0,17000,14317,900000,-900000,2,4,34,17,0,0,250,478
1681457505.36787,0,0,0,17000,13783,900000,-900000,3,5,35,16,0,0,250,477
1681457505.511861,0,0,0,17000,13117,900000,-900000,3,5,33,16,0,0,250,476
1681457505.647861,0,0,0,17000,12583,900000,-900000,2,5,33,17,0,0,250,477
1681457505.791867,0,0,0,17000,11917,900000,-900000,2,5,34,17,0,0,250,478
1681457505.927895,0,0,0,17000,11383,900000,-900000,2,5,33,17,0,0,250,478
1681457506.063866,0,0,0,17000,10850,900000,-900000,2,5,33,17,0,0,250,477
1681457506.199855,0,0,0,17000,10317,900000,-900000,2,4,32,17,0,0,250,477
1681457506.335866,0,0,0,17000,9650,900000,-900000,2,5,33,16,0,0,250,476
1681457506.471895,0,0,0,17000,9117,900000,-900000,2,4,13,12,0,2,250,477
1681457506.607928,0,0,0,17000,8583,900000,-900000,1,2,5,4,0,5,250,479
1681457506.743886,0,0,0,17000,8050,900000,-900000,1,2,5,1,0,5,250,478
1681457506.879866,0,0,0,17000,7383,900000,-900000,1,1,3,1,0,5,250,475
1681457507.015867,0,0,0,17000,6850,900000,-900000,2,1,3,0,0,5,250,475
1681457507.159898,0,0,0,17000,6317,900000,-900000,2,1,3,0,0,5,250,477
1681457507.295892,0,0,0,17000,5650,900000,-900000,2,1,3,0,0,5,250,477
1681457507.43201,0,0,0,17000,5117,900000,-900000,1,1,3,0,0,5,250,478
1681457507.567968,0,0,0,17000,4583,900000,-900000,1,1,3,0,0,5,250,477
1681457507.703989,0,0,0,17000,4050,900000,-900000,1,1,3,0,0,5,250,477
1681457507.840054,0,0,0,17000,3383,900000,-900000,0,1,2,0,0,5,250,478
1681457507.975902,0,0,0,17000,2850,900000,-900000,1,2,2,0,0,5,250,478
1681457508.112006,0,0,0,17000,2317,900000,-900000,1,2,10,2,0,5,250,478
1681457508.247858,0,0,0,17000,1783,900000,-900000,1,2,12,4,0,5,250,478
1681457508.383969,0,0,0,17000,1117,900000,-900000,1,2,18,6,0,5,250,478
1681457508.519922,0,0,0,17000,583,900000,-900000,2,3,25,10,0,5,250,477
1681457508.655897,0,0,0,17000,50,900000,-900000,2,4,26,13,0,4,250,477
1681457508.800101,0,0,0,17000,-617,900000,-900000,2,4,28,15,0,4,250,478
1681457508.935889,0,0,0,17000,-1150,900000,-900000,1,4,27,15,0,3,250,478
1681457509.072133,0,0,0,17000,-1683,900000,-900000,3,4,29,14,0,3,250,477
1681457509.207916,0,0,0,17000,-2217,900000,-900000,2,4,30,14,0,3,250,478
1681457509.344006,0,0,0,17000,-2883,900000,-900000,2,4,31,15,0,2,250,478
1681457509.479879,0,0,0,17000,-3417,900000,-900000,3,4,32,16,0,2,250,478
1681457509.615902,0,0,0,17000,-3950,900000,-900000,3,5,33,16,0,1,250,477
1681457509.751919,0,0,0,17000,-4483,900000,-900000,2,5,33,16,0,1,250,477
1681457509.887905,0,0,0,17000,-5150,900000,-900000,2,5,33,16,0,0,250,478
1681457510.023876,0,0,0,17000,-5683,900000,-900000,3,5,33,16,0,0,250,477
1681457510.159897,0,0,0,17000,-6217,900000,-900000,1,5,34,16,0,0,250,476
1681457510.303905,0,0,0,17000,-6883,900000,-900000,1,5,33,16,0,0,250,478
1681457510.439959,0,0,0,17000,-7417,900000,-900000,1,5,34,16,0,0,250,477
1681457510.575923,0,0,0,17000,-7950,900000,-900000,1,4,33,15,0,0,250,478
1681457510.720108,0,0,0,17000,-8617,900000,-900000,1,4,34,16,0,0,250,478
1681457510.856037,0,0,0,17000,-9150,900000,-900000,1,4,34,16,0,0,250,478
1681457510.992022,0,0,0,17000,-9683,900000,-900000,1,4,34,15,0,0,250,478
1681457511.135992,0,0,0,17000,-10000,900000,-900000,1,4,35,16,0,0,0,477
1681457511.271942,0,0,0,17000,-10000,900000,-900000,1,5,34,16,0,0,0,477
1681457511.407947,0,0,0,17000,-10000,900000,-900000,1,5,36,16,0,0,0,477
1681457511.544007,0,0,0,17000,-10000,900000,-900000,0,5,37,15,0,0,0,478
1681457511.68017,0,0,0,17000,-10000,900000,-900000,1,5,40,16,0,0,0,477
1681457511.815907,0,0,0,17000,-10000,900000,-900000,1,5,40,17,0,0,0,478
1681457511.951952,0,0,0,17000,-10000,900000,-900000,1,5,41,16,0,0,0,478
1681457512.087939,0,0,0,17000,-10000,900000,-900000,1,5,41,16,0,0,0,477
1681457512.223943,0,0,0,17000,-8160,900000,-900000,1,5,58,16,0,0,1200,477
1681457512.359944,0,0,0,17000,-5600,900000,-900000,1,5,51,16,0,0,1200,476
1681457512.496045,0,0,0,17000,-3040,900000,-900000,2,5,52,16,0,0,1200,477
1681457512.640358,0,0,0,17000,160,900000,-900000,2,5,51,16,0,0,1200,478
1681457512.77593,0,0,0,17000,2720,900000,-900000,3,5,52,16,0,0,1200,477
1681457512.920013,0,0,0,17000,5280,900000,-900000,3,5,51,16,0,0,1200,477
1681457513.055979,0,0,0,17000,8480,900000,-900000,3,5,52,16,0,0,1200,477
1681457513.191947,0,0,0,17000,11040,900000,-900000,4,5,51,17,0,0,1200,476
1681457513.32802,0,0,0,17000,13600,900000,-900000,4,5,52,15,0,0,1200,478
1681457513.463971,0,0,0,17000,16160,900000,-900000,3,5,51,15,0,0,1200,477
1681457513.599942,0,0,0,17000,19360,900000,-900000,4,5,51,17,0,0,1200,478
1681457513.735942,0,0,0,17000,21920,900000,-900000,4,5,52,15,0,0,1200,477
1681457513.872034,0,0,0,17000,24480,900000,-900000,4,5,51,16,0,0,1200,477
1681457514.008023,0,0,0,17000,27040,900000,-900000,4,5,52,15,0,0,1200,477
1681457514.144003,0,0,0,17000,30240,900000,-900000,4,4,52,16,0,0,1200,477
1681457514.280067,0,0,0,17000,32800,900000,-900000,5,4,51,16,0,0,1200,478
1681457514.425421,0,0,0,17000,35360,900000,-900000,5,5,51,16,0,0,1200,478
1681457514.568072,0,0,0,17000,38560,900000,-900000,5,4,51,16,0,0,1200,478
1681457514.711951,0,0,0,17000,41120,900000,-900000,4,4,52,16,0,0,1200,477
1681457514.847964,0,0,0,17000,44320,900000,-900000,5,5,52,17,0,0,1200,477
1681457514.984032,0,0,0,17000,46880,900000,-900000,5,4,52,16,0,0,1200,476
1681457515.119962,0,0,0,17000,49440,900000,-900000,6,4,52,16,0,0,1200,477
1681457515.263977,0,0,0,17000,52640,900000,-900000,5,4,52,16,0,0,1071,477
1681457515.399953,0,0,0,17000,53000,900000,-900000,5,4,43,16,0,0,86,478
1681457515.535959,0,0,0,17000,50520,900000,-900000,5,4,31,16,0,0,1200,478
1681457515.671924,0,0,0,17000,47960,900000,-900000,5,4,33,16,0,0,1200,477
1681457515.80795,0,0,0,17000,44760,900000,-900000,5,4,32,17,0,0,1200,477
1681457515.943945,0,0,0,17000,42200,900000,-900000,5,4,33,16,0,0,1200,477
1681457516.080074,0,0,0,17000,39640,900000,-900000,5,4,34,17,0,0,1200,477
1681457516.223973,0,0,0,17000,36440,900000,-900000,5,4,32,16,0,0,1200,477
1681457516.359976,0,0,0,17000,33880,900000,-900000,4,4,33,16,0,0,1200,478
1681457516.496065,0,0,0,17000,31320,900000,-900000,4,4,33,15,0,0,1200,478
1681457516.640002,0,0,0,17000,28120,900000,-900000,3,4,34,16,0,0,1200,477
1681457516.77599,0,0,0,17000,25560,900000,-900000,4,4,33,15,0,0,1200,477
1681457516.911998,0,0,0,17000,23000,900000,-900000,3,4,32,16,0,0,1200,477
1681457517.05599,0,0,0,17000,19800,900000,-900000,3,4,33,16,0,0,1200,477
1681457517.191986,0,0,0,17000,17240,900000,-900000,3,4,32,16,0,0,1200,477
1681457517.327976,0,0,0,17000,14680,900000,-900000,2,5,33,16,0,0,1200,477
1681457517.464006,0,0,0,17000,12120,900000,-900000,2,4,32,16,0,0,1200,477
1681457517.599976,0,0,0,17000,8920,900000,-900000,2,4,32,16,0,0,1200,477
1681457517.735988,0,0,0,17000,6360,900000,-900000,3,5,32,15,0,0,1200,477
1681457517.871975,0,0,0,17000,3800,900000,-900000,2,5,32,16,0,0,1200,477
1681457518.008069,0,0,0,17000,1240,900000,-900000,2,4,32,16,0,0,1200,478
1681457518.144003,0,0,0,17000,-1960,900000,-900000,1,5,31,16,0,0,1200,477
1681457518.279981,0,0,0,17000,-4520,900000,-900000,1,5,32,16,0,0,1200,478
1681457518.415978,0,0,0,17000,-5000,900000,-900000,1,5,38,16,0,0,71,478
1681457518.552111,0,0,0,17000,-5500,900000,-900000,1,5,33,16,0,0,250,476
1681457518.688209,0,0,0,17000,-6167,900000,-900000,1,4,33,17,0,0,250,477
1681457518.82402,0,0,0,17000,-6700,900000,-900000,1,5,32,17,0,0,250,476
1681457518.960061,0,0,0,17000,-7233,900000,-900000,1,5,34,16,0,0,250,477
1681457519.104431,0,0,0,17000,-7900,900000,-900000,1,5,33,15,0,0,250,478
1681457519.240013,0,0,0,17000,-8433,900000,-900000,1,4,34,16,0,0,250,478
1681457519.375983,0,0,0,17000,-8967,900000,-900000,0,5,33,16,0,0,250,477
1681457519.511987,0,0,0,17000,-9500,900000,-900000,1,5,34,15,0,0,250,476
1681457519.648011,0,0,0,17000,-10167,900000,-900000,0,4,34,16,0,0,250,477
1681457519.784045,0,0,0,17000,-10700,900000,-900000,0,5,34,17,0,0,250,478
1681457519.920037,0,0,0,17000,-11233,900000,-900000,1,5,34,15,0,0,250,478
1681457520.056006,0,0,0,17000,-11767,900000,-900000,0,4,33,15,0,0,250,477
1681457520.192213,0,0,0,17000,-12433,900000,-900000,1,4,34,16,0,0,250,477
1681457520.328128,0,0,0,17000,-12967,900000,-900000,0,4,35,16,0,0,250,476
1681457520.464082,0,0,0,17000,-13500,900000,-900000,0,4,33,16,0,0,250,478
1681457520.600101,0,0,0,17000,-14033,900000,-900000,0,4,33,16,0,0,250,478
1681457520.736224,0,0,0,17000,-14700,900000,-900000,0,4,34,16,0,0,250,478
1681457520.872147,0,0,0,17000,-15233,900000,-900000,0,4,34,16,0,0,250,477
1681457521.008013,0,0,0,17000,-15767,900000,-900000,0,4,34,15,0,0,250,478
1681457521.152214,0,0,0,17000,-16433,900000,-900000,1,4,33,16,0,0,250,478
1681457521.287966,0,0,0,17000,-16967,900000,-900000,0,4,34,16,0,0,250,477
1681457521.423999,0,0,0,17000,-17500,900000,-900000,0,4,34,16,0,0,250,478
1681457521.56813,0,0,0,17000,-18167,900000,-900000,0,4,34,16,0,0,250,478
1681457521.704021,0,0,0,17000,-18700,900000,-900000,0,4,34,16,0,0,250,477
1681457521.840005,0,0,0,17000,-19233,900000,-900000,0,4,33,16,0,0,250,478
1681457521.976003,0,0,0,17000,-19605,900000,-900000,0,4,36,16,0,0,0,478
1681457522.112022,0,0,0,17000,-19605,900000,-900000,0,4,35,16,0,0,0,478
1681457522.24805,0,0,0,17000,-19605,900000,-900000,0,5,37,16,0,0,0,478
1681457522.384046,0,0,0,17000,-19605,900000,-900000,0,5,38,17,0,0,0,477
1681457522.520021,0,0,0,17000,-19605,900000,-900000,0,4,40,16,0,0,0,478
1681457522.656047,0,0,0,17000,-19605,900000,-900000,0,4,39,16,0,0,0,477
1681457522.792041,0,0,0,17000,-19605,900000,-900000,0,5,40,16,0,0,0,477
1681457522.928122,0,0,0,17000,-19605,900000,-900000,1,4,41,16,0,0,0,477
1681457523.06402,0,0,0,17000,-18725,900000,-900000,1,4,56,16,0,0,1200,478
1681457523.200048,0,0,0,17000,-15525,900000,-900000,0,5,54,16,0,0,1200,478
1681457523.336231,0,0,0,17000,-12965,900000,-900000,1,5,52,17,0,0,1200,478
1681457523.472044,0,0,0,17000,-10405,900000,-900000,2,4,53,16,0,0,1200,477
1681457523.608029,0,0,0,17000,-7845,900000,-900000,2,5,52,16,0,0,1200,477
1681457523.744244,0,0,0,17000,-4645,900000,-900000,3,4,51,16,0,0,1200,477
1681457523.880135,0,0,0,17000,-2085,900000,-900000,4,5,52,16,0,0,1200,477
1681457524.016066,0,0,0,17000,475,900000,-900000,4,5,51,16,0,0,1200,477
1681457524.16006,0,0,0,17000,3675,900000,-900000,5,4,52,16,0,0,1200,477
1681457524.296054,0,0,0,17000,6235,900000,-900000,4,4,51,16,0,0,1200,477
1681457524.432068,0,0,0,17000,8795,900000,-900000,4,5,51,16,0,0,1200,478
1681457524.576096,0,0,0,17000,11995,900000,-900000,4,4,50,16,0,0,1200,477
1681457524.712016,0,0,0,17000,14555,900000,-900000,5,5,50,16,0,0,1200,476
1681457524.848069,0,0,0,17000,17115,900000,-900000,5,5,51,15,0,0,1200,477
1681457524.984159,0,0,0,17000,19675,900000,-900000,5,4,51,16,0,0,1200,478
1681457525.120116,0,0,0,17000,22875,900000,-900000,4,4,52,17,0,0,1200,477
1681457525.264194,0,0,0,17000,25435,900000,-900000,5,4,51,16,0,0,1200,477
1681457525.400071,0,0,0,17000,27995,900000,-900000,5,4,52,15,0,0,1200,478
1681457525.5363,0,0,0,17000,31195,900000,-900000,5,5,52,16,0,0,1200,477
1681457525.672134,0,0,0,17000,33755,900000,-900000,5,4,51,16,0,0,1200,477
1681457525.808045,0,0,0,17000,36315,900000,-900000,5,4,50,17,0,0,1200,476
1681457525.952079,0,0,0,17000,39515,900000,-900000,6,4,51,16,0,0,1200,478
1681457526.088067,0,0,0,17000,42075,900000,-900000,5,4,52,16,0,0,1200,478
1681457526.224133,0,0,0,17000,44635,900000,-900000,5,4,51,16,0,0,1200,477
1681457526.368072,0,0,0,17000,47835,900000,-900000,6,4,51,16,0,0,1200,477
1681457526.504079,0,0,0,17000,50395,900000,-900000,6,4,52,16,0,0,1200,477
1681457526.640081,0,0,0,17000,52955,900000,-900000,6,4,50,17,0,0,1200,477
1681457526.776149,0,0,0,17000,53240,900000,-900000,6,4,50,17,0,0,600,478
1681457526.912185,0,0,0,17000,56440,900000,-900000,5,4,54,16,0,0,1200,478
1681457527.048202,0,0,0,17000,59000,900000,-900000,5,4,51,17,0,0,1200,478
1681457527.184075,0,0,0,17000,60000,900000,-900000,5,4,44,16,0,0,0,478
1681457527.328091,0,0,0,17000,60000,900000,-900000,5,4,49,16,59,0,0,477
1681457527.472114,0,0,47053,-159430,-209401,900000,-900000,5,4,49,16,65,0,0,477
1681457527.616179,0,0,47053,-159430,26185,900000,-900000,4,4,47,17,66,8,0,1
1681457527.752197,0,0,47053,-159430,28345,900000,-900000,5,4,57,16,65,0,1200,0
1681457527.888207,0,0,47053,-159430,30905,900000,-900000,6,4,51,16,64,0,1200,0
1681457528.032218,0,0,47053,-159430,34105,900000,-900000,5,4,52,16,63,0,1200,0
1681457528.168103,0,0,47053,-159430,36665,900000,-900000,5,4,52,16,63,0,1200,0
1681457528.304093,0,0,47053,-159430,39225,900000,-900000,6,4,51,16,62,0,1200,0
1681457528.440072,0,0,47053,-159430,41785,900000,-900000,4,4,52,16,61,0,1200,0
1681457528.577279,0,0,47053,-159430,44985,900000,-900000,6,4,51,16,61,0,1200,0
1681457528.712151,0,0,47053,-159430,47545,900000,-900000,6,4,52,16,61,0,1200,0
1681457528.848199,0,0,47053,-159430,51465,900000,-900000,4,4,57,15,61,0,2400,0
1681457528.99208,0,0,47053,-159430,59465,900000,-900000,5,5,57,16,61,0,3200,0
1681457529.128103,0,0,47053,-159430,66292,900000,-900000,5,4,54,16,62,0,3200,0
1681457529.264192,0,0,47053,-159430,73118,900000,-900000,5,4,54,16,61,0,3200,0
1681457529.408102,0,0,47053,-159430,81652,900000,-900000,5,4,54,16,62,0,3200,0
1681457529.544078,0,0,47053,-159430,88478,900000,-900000,5,4,55,16,62,0,3200,0
1681457529.672105,0,0,47053,-159430,95305,900000,-900000,5,5,54,15,62,0,3200,0
1681457529.808081,0,0,47053,-159430,103252,900000,-900000,5,4,60,16,62,0,4000,0
1681457529.944078,0,0,47053,-159430,112452,900000,-900000,4,4,62,16,63,0,6000,0
1681457530.080277,0,0,47053,-159430,128452,900000,-900000,5,4,60,16,62,0,6000,0
1681457530.22484,0,0,47053,-159430,141252,900000,-900000,5,4,55,16,62,0,6000,0
1681457530.36018,0,0,47053,-159430,154052,900000,-900000,5,4,57,17,62,0,6000,0
1681457530.496111,0,0,47053,-159430,174718,900000,-900000,5,4,67,16,62,0,8000,0
1681457530.632239,0,0,47053,-159430,191785,900000,-900000,5,4,59,17,62,0,8000,0
1681457530.768189,0,0,47053,-159430,208852,900000,-900000,5,4,56,15,61,0,8000,0
1681457530.90414,0,0,47053,-159430,225918,900000,-900000,5,4,59,15,63,0,8000,0
1681457531.040113,0,0,47053,-159430,247252,900000,-900000,4,4,56,16,62,0,8000,0
1681457531.17611,0,0,47053,-159430,264318,900000,-900000,5,4,59,16,62,0,8000,0
1681457531.312097,0,0,47053,-159430,281385,900000,-900000,5,4,57,16,62,0,8000,0
1681457531.456184,0,0,47053,-159430,302718,900000,-900000,5,4,60,15,63,0,8000,0
1681457531.592116,0,0,47053,-159430,319785,900000,-900000,6,4,58,15,62,0,8000,0
1681457531.728127,0,0,47053,-159430,336852,900000,-900000,5,4,60,15,62,0,8000,0
1681457531.872315,0,0,47053,-159430,358185,900000,-900000,4,4,56,16,62,0,8000,0
1681457532.008104,0,0,47053,-159430,375252,900000,-900000,5,4,60,16,62,0,8000,0
1681457532.144113,0,0,47053,-159430,392318,900000,-900000,5,4,56,16,62,0,8000,0
1681457532.281232,0,0,47053,-159430,409385,900000,-900000,5,4,57,16,63,0,3109,0
1681457532.416103,0,0,47053,-159430,412287,900000,-900000,4,4,16,15,62,0,0,0
1681457532.552195,0,0,47053,-159430,412287,900000,-900000,4,4,49,16,62,0,0,0
1681457532.688212,0,0,47053,-159430,412287,900000,-900000,4,4,50,16,62,0,0,0
1681457532.832327,0,0,32653,-145030,412287,900000,-900000,55,75,50,16,62,0,11314,0
1681457532.96812,0,0,15586,-127963,412287,900000,-900000,14,23,49,16,61,0,11314,0
1681457533.10415,0,0,-1480,-110897,412287,900000,-900000,15,21,47,16,62,0,11314,0
1681457533.240107,0,0,-18547,-93830,412287,900000,-900000,12,22,46,16,63,0,11314,0
1681457533.376142,0,0,-39880,-72497,412287,900000,-900000,16,23,46,16,62,0,11314,0
1681457533.520133,0,0,-56947,-55430,412287,900000,-900000,14,22,46,17,62,0,11314,0
1681457533.664319,0,0,-78280,-34097,412287,900000,-900000,15,20,46,15,62,0,11314,0
1681457533.800097,0,0,-95347,-17030,412287,900000,-900000,12,21,46,17,62,0,11314,0
1681457533.936132,0,0,-112414,37,412287,900000,-900000,14,22,46,16,62,0,11314,0
1681457534.072161,0,0,-129480,17103,412287,900000,-900000,14,22,44,16,62,0,11314,0
1681457534.20815,0,0,-150814,38437,412287,900000,-900000,15,22,45,16,62,0,11314,0
1681457534.352126,0,0,-167880,55503,412287,900000,-900000,16,23,45,16,63,0,11314,0
1681457534.505059,0,0,-189214,76837,412287,900000,-900000,13,23,46,15,64,0,11314,0
1681457534.640141,0,0,-206280,93903,412287,900000,-900000,14,24,46,16,65,0,11314,0
1681457534.784295,0,0,-227614,115237,412287,900000,-900000,11,26,45,16,65,0,11314,0
1681457534.920151,0,0,-244680,132303,412287,900000,-900000,15,24,46,15,64,0,11314,0
1681457535.05612,0,0,-261747,149370,412287,900000,-900000,15,26,48,16,65,0,11314,0
1681457535.200137,0,0,-283080,170703,412287,900000,-900000,14,27,49,16,64,0,11314,0
1681457535.336221,0,0,-300147,187770,412287,900000,-900000,14,28,49,16,65,0,11314,0
1681457535.472147,0,0,-317214,204837,412287,900000,-900000,13,28,50,16,64,0,11314,0
1681457535.616216,0,0,-338547,226170,412287,900000,-900000,16,27,50,15,64,0,11314,0
1681457535.752154,0,0,-355614,243237,412287,900000,-900000,16,26,49,16,65,0,11314,0
1681457535.888117,0,0,-372680,260303,412287,900000,-900000,15,24,49,15,64,0,11314,0
1681457536.024156,0,0,-389747,276863,412287,900000,-900000,12,16,50,16,64,0,10191,0
1681457536.160236,0,0,-411080,276863,412287,900000,-900000,15,6,50,15,64,0,5725,0
1681457536.296251,0,0,-411090,276863,412287,900000,-900000,30,12,49,16,65,0,0,0
1681457536.432199,0,0,-411090,276863,412287,900000,-900000,6,11,50,16,64,0,0,0
1681457536.568542,0,0,-411090,276863,412287,899040,-899040,6,10,50,9,50,0,1018,0
1681457536.704145,0,0,-411090,276863,412287,860640,-860640,6,8,49,53,26,0,2036,0
1681457536.8402,0,0,-411090,276863,412287,829920,-829920,5,7,49,40,32,0,2036,0
1681457536.976297,0,0,-411090,276863,412287,799200,-799200,4,5,47,37,31,0,2036,0
1681457537.112161,0,0,-411090,276863,412287,768480,-768480,3,5,48,36,30,0,2036,0
1681457537.248243,0,0,-411090,276863,412287,730080,-730080,3,4,48,34,29,0,2036,0
1681457537.384144,0,0,-411090,276863,412287,699360,-699360,4,4,47,35,30,0,2036,0
1681457537.520246,0,0,-411090,276863,412287,668640,-668640,3,4,47,35,25,0,2036,0
1681457537.664148,0,0,-411090,276863,412287,630240,-630240,3,3,47,34,19,0,2036,0
1681457537.800282,0,0,-411090,276863,412287,599520,-599520,4,4,48,34,24,0,2036,0
1681457537.936206,0,0,-411090,276863,412287,568800,-568800,4,4,48,34,20,0,2036,0
1681457538.072303,0,0,-411090,276863,412287,538080,-538080,4,4,48,34,16,0,2036,0
1681457538.208269,0,0,-411090,276863,412287,499680,-499680,3,4,48,32,16,0,2036,0
1681457538.344311,0,0,-411090,276863,412287,468960,-468960,4,4,47,31,7,0,2036,0
1681457538.480171,0,0,-411090,276863,412287,438240,-438240,3,4,47,32,10,0,2036,0
1681457538.616205,0,0,-411090,276863,412287,407520,-407520,3,4,48,33,4,0,2036,0
1681457538.752177,0,0,-411090,276863,412287,369120,-369120,3,4,48,31,7,0,2036,0
1681457538.88819,0,0,-411090,276863,412287,338400,-338400,3,4,47,31,7,0,2036,0
1681457539.024191,0,0,-411090,276863,412287,307680,-307680,4,4,48,31,3,0,2036,0
1681457539.168169,0,0,-411090,276863,412287,269280,-269280,3,4,47,33,1,0,2036,0
1681457539.304226,0,0,-411090,276863,412287,238560,-238560,3,4,48,30,4,0,2036,0
1681457539.440247,0,0,-411090,276863,412287,207840,-207840,3,5,48,31,7,0,2036,0
1681457539.576191,0,0,-411090,276863,412287,177120,-177120,4,5,48,31,9,0,2036,0
1681457539.720192,0,0,-411090,276863,412287,138720,-138720,3,4,49,33,15,0,2036,0
1681457539.856259,0,0,-411090,276863,412287,108000,-108000,3,4,47,31,20,0,2036,0
1681457540.000202,0,0,-411090,276863,412287,69600,-69600,3,5,48,31,24,0,2036,0
1681457540.136311,0,0,-411090,276863,412287,38880,-38880,4,5,48,32,31,0,2036,0
1681457540.272235,0,0,-411090,276863,412287,8160,-8160,3,5,47,33,27,0,2036,0
1681457540.4162,0,0,-411090,276863,412287,0,0,3,5,48,7,0,0,0,0
1681457540.5522,0,0,-411090,276863,412287,0,0,3,5,48,22,26,0,0,0
