,Planet Name,ESM Estimate 1.95-2.6um,ESM Estimate 2.6-3.25um,ESM Estimate 3.25-3.9um
0,TOI-5704b,0.2520333036797529,0.5119247889759733,0.7406056822793508
1,TOI-672b,0.11632060414726454,0.3943895284419704,0.7996983121715642
2,TOI-199b,3.716310776291507e-05,0.0006382198600061833,0.003926955057775822
3,WASP-176b,8.0233588598712,9.199072134940563,9.284148593363048
4,TOI-1801b,0.0014819839902062203,0.00973442791575806,0.03089705300765169
5,TOI-836c,0.030894619193347912,0.11256179752605962,0.2396854565341322
6,TOI-3807b,8.658513758726581,10.236762239120415,10.526828224901548
7,TOI-4087b,6.063065200260765,7.923451918715276,8.668316489912902
8,TOI-2818b,6.70836945423014,9.167746188743305,10.311172248536275
9,TOI-3235b,0.19056063442133847,0.7934017556591404,1.846185272848895
10,TOI-4463Ab,7.864625140913936,10.627471313530702,11.868940654159177
11,TOI-3785b,0.02038219833583969,0.09010443766519814,0.21838294118183105
12,WASP-124b,3.820511710679985,5.198203078176192,5.831224779101861
13,WASP-25b,4.859088324733475,7.470504180328707,9.04695407394722
14,LHS1140c,0.0001132710776668954,0.0012672849680228262,0.005786179014678182
15,TOI-1199b,4.35825396910503,5.58165974848766,6.029625123300873
16,TOI-1273b,3.55280767823518,5.527553066218146,6.744352656774517
17,TOI-5803b,0.02003055983805104,0.06913069042604912,0.14200311660481893
18,TOI-3819b,3.782282967865177,4.50075077442354,4.6468640861350305
19,TOI-4791b,4.412144196982414,5.712559920312034,6.213623602953732
20,TOI-4377b,5.469119382033189,5.847391383088488,5.653322420558093
21,Wolf327b,0.6545646619383553,1.085073840916486,1.376824105748353
22,HD118203b,7.472427959274146,10.358022441941483,11.754323682145234
23,TOI-1470b,0.034522955360071515,0.10302362707169668,0.19182864756749732
24,V1298Taub,0.10932886056686406,0.3878935012041675,0.811609206087405
25,TOI-2109b,64.14412798826024,55.133623756652035,46.77194390108391
26,K2-138g,0.00030553889930453975,0.0020065223859479873,0.00637744477648165
27,K2-141c,0.1986161467871765,0.6442339089094155,1.2690229096626509
28,TRAPPIST-1b,0.00021099783222943038,0.00232224739951939,0.0104720391699775
29,TRAPPIST-1e,3.418837255351327e-08,1.9991676114720987e-06,2.839607506489027e-05
30,TRAPPIST-1f,1.6606718203023567e-09,1.8546834158807827e-07,4.096046439344787e-06
31,TRAPPIST-1g,1.4159172694196449e-10,2.6530599291555413e-08,8.325315045867989e-07
32,GJ3473b,0.04365685701367245,0.11729231103079422,0.20363914766504634
33,TOI-2202b,0.1248774697597184,0.39539222431350995,0.7666556130299687
34,TOI-833b,0.3263159964982431,0.5327557235315454,0.6696277757840658
35,HD28109c,0.00893558602688044,0.03471288282348483,0.07725359782498159
36,TOI-2641b,5.027748887896484,6.881958557521717,7.749106947539392
37,TOI-1685b,0.7076515863181412,1.2000412488327727,1.5448123559974771
38,K2-87b,0.2788507254144214,0.4958930081864377,0.6588300221260472
39,WASP-178b,34.964215779742915,33.773733524532396,30.74496893221202
40,HIP29442b,0.06103003193089314,0.1695872433769922,0.30148054984410033
41,HD152843c,0.23820702871441804,0.5474802696241512,0.8591603528057763
42,K2-26b,0.00014024773842262388,0.0013531637827411663,0.005589279541216234
43,TOI-1246d,0.00559266922748599,0.021764751532363416,0.048468400767783706
44,WASP-62b,12.066317710224439,16.067040546535377,17.784330177853846
45,WASP-80b,2.434541847286919,5.95497008110728,9.724445949684881
46,WASP-22b,4.990755276221371,6.654785491533382,7.371856080624946
47,WASP-60b,1.5570932631795675,2.221828774689799,2.567472371020368
48,TOI-1296b,6.301104326042411,7.735286824448094,8.140064143400968
49,HAT-P-59b,3.3039410295219853,4.852211711627207,5.708854938808807
50,XO-5b,3.1366708834208787,4.7785063870154145,5.7528200753336005
51,WASP-99b,6.421295360392259,8.340820202419506,9.090930503449469
52,HATS-56b,11.18652699128317,12.075117550890079,11.749411744248976
53,WASP-70Ab,6.7848946527922775,9.18476660010337,10.269581105982304
54,K2-417b,0.004171394789884779,0.020199434253425352,0.05209078868607382
55,TOI-1759b,0.0006000452866591827,0.005169694981875989,0.019761891951854498
56,WASP-150b,2.0055389894792466,2.616612254379147,2.859838128345338
57,Qatar-4b,5.293754319695608,7.153240354948595,7.987289984539442
58,TOI-1201b,0.053027277722401234,0.16481460337570553,0.3152415695217666
59,HAT-P-35b,5.840636360510764,7.143197570950495,7.501079138233883
60,TOI-561b,1.7666919324298709,1.699358119199768,1.5415692881400374
61,WASP-53b,2.6429914909624426,4.726978783418472,6.300909148656548
62,KELT-20b,84.61302054107517,84.1895662322727,78.02145855866182
63,KELT-6b,4.753204825562223,6.824605870728084,7.917614190013493
64,piMenc,0.8609656916410864,1.391314342340289,1.7391309600622187
65,HATS-24b,22.900949307170368,23.394664218037782,22.014649587729522
66,HD191939d,0.0028488030411062608,0.015474462261501492,0.04320682550745691
67,WASP-147b,3.2369584922268224,4.351027282834502,4.84344457528842
68,WASP-97b,16.645332157735528,20.68662456299479,21.935014628859506
69,WASP-15b,12.069689913010626,14.436989768262583,14.955564601249195
70,HATS-58Ab,5.457335902196593,6.335971369676679,6.44642178112261
71,WASP-139b,0.522318629299692,1.1191183654768662,1.6768332552457053
72,HAT-P-2b,11.97363859920091,15.463641195949522,16.795116646144344
73,TOI-163b,10.35536524865783,12.19778085206869,12.518287923344742
74,TOI-1478b,1.1326900992130886,2.433447987674948,3.653042220717074
75,WASP-136b,12.639817697319952,14.397921954084783,14.475010406814908
76,HATS-4b,2.6196164023226296,3.708810095353669,4.263977591277302
77,L98-59b,0.00798170540240919,0.03266825604916953,0.0751467549834165
78,TOI-2076b,0.16159972616301513,0.37494741003541426,0.5917829734627017
79,HAT-P-69b,21.10175986338609,22.69644514832276,22.041833373871498
80,EPIC211945201b,0.13744846183771922,0.3121286262838923,0.48592915987474705
81,K2-34b,9.379486428107052,10.693339077850165,10.755783730149703
82,WASP-61b,4.786283200950328,5.933827363280688,6.283886302443475
83,KELT-21b,17.14707546714304,17.832735221872074,16.96953804245025
84,HAT-P-16b,13.93081716463874,16.67608388459343,17.282457843197722
85,WASP-174b,5.492771465996577,6.920607127504194,7.4027146561664265
86,WASP-130b,0.37384506763174924,0.9225326774406346,1.516506386367095
87,KOI-12b,1.4846868982208234,2.6351190356504346,3.4978788737276276
88,WASP-37b,3.556069236289485,5.046294098467709,5.811014033388262
89,HD191939c,0.007958452152038071,0.03515462557574066,0.08529432783937674
90,WASP-83b,1.83173440515787,3.077369217523791,3.9421634734914774
91,WASP-46b,11.533732882079402,13.642565037494894,14.032281402337514
92,XO-4b,9.453996061993491,11.317618213748641,11.730492575244883
93,WASP-170b,5.041291750326535,6.672003523221503,7.355458419627763
94,HD191939b,0.19395404994204044,0.44093721158400495,0.6867602061971324
95,HD86226c,0.7546663009034482,1.0838345381026637,1.2575191011673421
96,TOI-481b,1.691499598188988,2.785379325738329,3.5231880526228156
97,WASP-169b,4.217938141047207,5.109643421482959,5.334264199569806
98,Kepler-138b,6.937503123249613e-05,0.0004501077821416764,0.0014166161837687167
99,TOI-4010d,0.02201519773871823,0.08254130714737276,0.17923304695393635
100,WASP-33b,151.75037410973997,136.3740227528106,118.84453889195318
101,HATS-1b,6.061525053217053,8.34244952953192,9.424897678605975
102,HD106315c,0.12881035021431714,0.29312374331379476,0.45701906525056096
103,XO-6b,17.865298055961585,22.022485248874904,23.24333848370818
104,HAT-P-26b,0.6282046332992111,1.210349270526442,1.6926037759519672
105,TOI-125b,0.18892784948689043,0.34615110888428524,0.4686926904882995
106,TOI-431d,0.032690802460539674,0.12600169186723026,0.2787222542080193
107,KELT-18b,25.977063831022203,26.591589565571578,25.056655680025973
108,TOI-892b,1.3273544900866052,2.1379147905754223,2.6669859407833596
109,DSTucAb,0.5183000170184685,1.2419829308947106,2.0023907844258426
110,WASP-105b,0.5671359177969044,1.361918235014854,2.1984549939445355
111,TOI-776b,0.001957398118706912,0.011607655592675035,0.03435181408440181
112,HATS-42b,6.542840007797675,7.150212067853698,7.0085682142677745
113,WASP-177b,6.496776185027114,10.561405342768547,13.246069038545418
114,HAT-P-13b,11.409361548410521,13.450851303946218,13.807319257953717
115,WASP-103b,38.38807594925696,35.58677383789577,31.583757049409943
116,HATS-27b,4.849875266533572,5.744455952957994,5.915327129126879
117,WASP-141b,4.366201919601388,5.445637403849094,5.787566429703838
118,K2-238b,4.793036863380201,5.786249291535402,6.026659301834324
119,TOI-257b,1.0719924856562333,2.00611190035009,2.7544165275997217
120,WASP-181b,1.964507518457353,3.1200445113793527,3.8570668709505798
121,WASP-135b,13.475981013121295,15.404778911008886,15.51739436336026
122,WASP-81b,9.951090978296985,11.9133099937701,12.345961485982405
123,WASP-19b,33.86543433725907,33.958713421336896,31.590770126471973
124,HAT-P-4b,10.466068830276656,12.157550449306676,12.368099650496772
125,WASP-32b,8.153641146385306,10.06938251082766,10.637360585640856
126,WASP-73b,9.351980835242719,10.47065829621644,10.415664236306265
127,LTT1445Ac,0.0028282353382660286,0.01672812506870595,0.049390255034323385
128,WASP-64b,10.027453704647133,11.782010203885648,12.068100094155218
129,HD110113b,0.4584274352482059,0.5969878641831522,0.6516051937330888
130,K2-30b,2.280040685524428,3.662117481109364,4.559116645346423
131,WASP-21b,4.554557856051636,6.290603972619952,7.122656417667402
132,HAT-P-21b,3.280924804563604,4.83007062557203,5.691240862085007
133,KOI-13b,22.248694001572485,20.759790167293076,18.504690325427706
134,WASP-123b,12.956712971844293,16.30933540913424,17.431089453644795
135,KELT-12b,16.81373694937327,18.76086157745196,18.625146901917645
136,HATS-60b,4.0982824451736235,5.126035484695867,5.457018349540648
137,WASP-133b,6.69606303010507,7.489528691893433,7.4446906883147275
138,HATS-65b,7.977829535293821,9.532879708712887,9.869060581547922
139,HATS-40b,5.942912980179253,6.0534617562714015,5.686620798831675
140,HATS-33b,7.965889197525961,10.546472712937476,11.629726219548749
141,HATS-68b,4.6232498913281495,5.268761740197289,5.2982671097339455
142,HAT-P-57b,22.53818931292468,24.66291662683845,24.196052033167415
143,WASP-54b,23.915607042889626,26.81392572515059,26.696521414920728
144,HATS-25b,2.721463223821347,3.9932999653074814,4.695804246760713
145,TOI-776c,0.00017093488693553137,0.0017434886323244583,0.007480900463530224
146,HAT-P-5b,8.4866286354512,10.57930038329924,11.240258431637306
147,Qatar-8b,8.10024033781808,10.557612851954557,11.529675290774156
148,WASP-18b,74.01479291764437,68.90915205403915,61.32194225827298
149,TrES-5b,8.775850106509948,11.16448069206751,12.008041911059287
150,WASP-2b,7.2748587568979906,10.315722335095879,11.870328876568431
151,HAT-P-55b,2.597203521102623,3.7194729262054955,4.307756469398922
152,HAT-P-36b,18.713004235894687,20.530621061553603,20.168213249644968
153,WASP-65b,7.42634213166426,9.495628245364422,10.2470072203227
154,WASP-159b,6.440683375178881,7.050051711216411,6.917395844174451
155,WASP-93b,16.110360477114135,17.19673316647187,16.620531468642486
156,WASP-140b,15.414562431108797,21.845481444024262,25.129669269438907
157,KELT-16b,26.677372761998335,25.02325750673176,22.366717795866588
158,Kepler-5b,3.98292472543031,4.527811991288979,4.546527814069243
159,WASP-129b,1.0403326653831106,1.837959834884049,2.4317532590091604
160,WASP-145Ab,5.5097862478285276,8.473833920311439,10.260499220618273
161,WASP-167b,22.900450343639818,22.017017283805213,19.978125795935053
162,K2-232b,2.0159414473610653,3.8954728428499266,5.459821038032729
163,TOI-157b,7.981562227075771,9.629068331654315,10.024093064466957
164,WASP-76b,69.60060337375664,69.18873690814992,64.0425400396592
165,Qatar-2b,11.354515885287961,16.312413818372875,18.920305115981897
166,LP791-18d,0.00014864268644738262,0.0013587796325956955,0.00539970786452435
167,HATS-22b,0.47480766834051963,1.113680576554862,1.7699276979163756
168,HAT-P-51b,2.4460163800038144,3.845942308904409,4.7235331229035316
169,TOI-837b,0.8564467254118083,1.6000026185772434,2.1943646866542275
170,HAT-P-56b,14.247166061740918,15.705450949847673,15.478549749202237
171,WASP-57b,1.8082692002412777,2.6872545319536814,3.1851956573168785
172,KELT-24b,19.149803381699556,25.069243147164343,27.459819983328256
173,HATS-35b,14.875493206555078,15.3961578454608,14.60273377878326
174,WASP-94Ab,14.060138724488102,17.92883407813,19.319031003476958
175,HAT-P-24b,7.2628050730852785,8.672181552344306,8.974303115119449
176,WASP-31b,10.246549344566771,12.640029708361732,13.344845766962429
177,WASP-183b,2.7866032760147323,4.719650304784195,6.076752444577364
178,HAT-P-66b,7.513333083530849,8.069993474050083,7.8272389660293085
179,WASP-63b,7.586968294627258,9.465983572260868,10.061144880542884
180,HAT-P-33b,15.79590618550392,17.797690217905608,17.77525532893862
181,WASP-48b,17.20888486834981,17.738991304124102,16.781275446793284
182,HD219134b,0.7041779991539161,1.3003484425154404,1.7690698498554227
183,HATS-3b,8.609184021837867,10.24016258395086,10.571702387161839
184,HAT-P-8b,20.92179650095068,24.233797362275816,24.613504308736974
185,WASP-96b,3.212677648731865,4.673968916317165,5.466412079555396
186,WASP-24b,13.949302213383149,15.724704049127366,15.70750781787733
187,TOI-216.01,0.0044530334235713285,0.030570176214498267,0.10012987454515855
188,KELT-3b,20.610422874796924,22.86688599024399,22.62317405792221
189,WASP-132b,0.3585315551181539,1.012094012007686,1.8175390260964308
190,KELT-17b,32.33284776176225,33.25483141436344,31.432221897258394
191,KELT-10b,11.427624099954402,15.668661045194536,17.660669957577003
192,WASP-117b,2.0039723264118545,3.766869829467094,5.186642048153073
193,HATS-51b,7.5080151162858915,9.303540557333985,9.847612931005289
194,K2-333b,0.08115770598952236,0.19053871064562666,0.3031607721502636
195,WASP-126b,6.079666225013431,7.782095806616579,8.404153102716787
196,WASP-6b,4.704040194618138,7.446952216446586,9.185869805217957
197,LHS3844b,0.19655582420534853,0.4800366994717142,0.782449642241905
198,KELT-7b,52.31578025087084,54.12204996172214,51.32672696130772
199,K2-198b,0.04315741964140456,0.1329237958300121,0.253037087383472
200,WASP-78b,24.707261832488648,23.59567441468595,21.318702096988055
201,HAT-P-45b,13.303680479382859,15.791434615051879,16.281975667694933
202,TrES-2b,8.225542436542723,10.722534319020117,11.711377423736034
203,CoRoT-2b,19.74785920189124,24.430716748732706,25.832124105183592
204,HAT-P-27b,2.912507872202013,4.577543211801145,5.620298489128561
205,G9-40b,0.0008002267105175594,0.00623744362436522,0.022239323682174104
206,WASP-41b,7.214776370252746,10.864351681855638,12.984742942168756
207,TOI-640b,14.208430935221196,16.202469399496756,16.301247074716297
208,TOI-1259Ab,2.35776239041694,4.721526097474967,6.768763168034771
209,WASP-138b,4.92867040827895,6.020619683200026,6.317985310170463
210,WASP-74b,39.582245730074,42.21221541431581,40.76506155412692
211,HAT-P-25b,2.7301605386003898,4.3262233103389605,5.339799077592949
212,HAT-P-62b,5.353217167640149,6.747027961151023,7.216478355178508
213,WASP-29b,1.990660375620244,3.9302271899148438,5.582914414405252
214,WASP-82b,28.783054771361286,28.715981698790966,26.639922182709824
215,HAT-P-29b,2.680248383143872,3.9639925461356893,4.685239713264778
216,K2-31b,14.840284787005293,18.571461609767454,19.77355849898464
217,HAT-P-37b,3.1866651382127658,4.662751828817285,5.472853998308689
218,XO-2Nb,7.484412359955667,10.540067344061432,12.077184638033176
219,HAT-P-32b,37.59228539041552,41.246413485357714,40.52684726949363
220,KPS-1b,5.557388281883754,7.212064069806173,7.8531150002424255
221,XO-1b,6.097861825623006,9.49255313758129,11.586576082568579
222,WASP-190b,3.1706682774118544,4.021052232512372,4.318567596267505
223,WASP-92b,10.312213295696168,11.187014657827332,10.917375531330855
224,HAT-P-19b,2.034991252945235,3.843637381647949,5.306418705606317
225,HAT-P-67b,29.49431606438116,31.465642056915367,30.398145709347954
226,K2-107b,5.703274397204782,6.416827787002457,6.402199306483283
227,HAT-P-1b,8.989454561118212,12.797608836400677,14.767612039897095
228,WASP-16b,6.7825847856279795,9.73976773137643,11.298960451155219
229,K2-261b,0.7605878461317872,1.4098193589840613,1.9233774187647485
230,GJ3470b,0.2069220600410457,0.6691850787312135,1.314534328577376
231,HAT-P-15b,0.8793089554462724,1.951483646801452,2.992269221509533
232,K2-55b,0.2755575084583295,0.5633298941094528,0.8182590792132449
233,WASP-166b,2.53838210131756,3.753264363214153,4.4353863816448715
234,HIP65Ab,77.40444662512644,102.006653839722,112.10738519265254
235,WASP-101b,15.23046217251623,18.952103516351368,20.116951548391864
236,WASP-5b,10.778979876667975,12.329204116631566,12.424044207306085
237,XO-3b,13.667462685661308,15.826087749745332,16.072229211241147
238,K2-121b,0.42923543045398727,1.052522515601193,1.7219255017375115
239,WASP-165b,4.465555330497217,5.312364216323831,5.483346967116875
240,K2-25b,0.002877663914567255,0.018746276418554475,0.059105104045450683
241,LTT3780c,2.5015731289749893e-05,0.00041306631799401065,0.002467134628996253
242,HAT-P-9b,6.18456133175351,7.734852857878267,8.23586841849004
243,HAT-P-28b,4.288655713272318,5.8543506753386385,6.579802515296038
244,HAT-P-49b,19.8194957266062,20.092714566723863,18.823237460458756
245,K2-266d,0.002233944237067967,0.012162664303529195,0.0339819914455391
246,WASP-98b,3.782930153804292,6.056694399612022,7.5246753909078565
247,WASP-85Ab,15.564004673282476,20.463904507714275,22.472871096016863
248,WASP-157b,2.25100211241618,3.2501177553822,3.783542032064652
249,HAT-P-6b,11.739629072345329,13.82229115625007,14.182034133571552
250,WASP-153b,7.522061164463362,8.652242784809038,8.749454350026511
251,HAT-P-31b,4.77949603924395,6.253850208992675,6.847083426339898
252,TOI-216.02,0.01599156141025014,0.06582355449616925,0.15222449461885632
253,WASP-47b,3.8602003975896673,5.688974786703158,6.7077824362518585
254,HD63433b,0.34543715419234045,0.6843360719681242,0.9746487383378306
255,Kepler-435b,4.415325697919717,5.057994415915037,5.102508233278315
256,WASP-56b,2.533834355343474,3.897122105252545,4.72039551934148
257,WASP-42b,1.7802320004348833,3.441538546785237,4.823572558694227
258,GJ1214b,0.05933435235131093,0.299472090897962,0.7932703118764994
259,TOI-150.01,5.034917659691374,6.795769146088675,7.585875908962753
260,TOI-451c,0.07551881372574645,0.17397697981736795,0.27335796622870784
261,TOI-2076d,0.02360715108123451,0.08924340589411132,0.19489510749350505
262,TOI-1266c,6.067687659394869e-06,0.00010654391315316353,0.0006641899540175349
263,Qatar-10b,14.745311613660474,15.59494802280941,14.985333571491756
264,TOI-270d,0.0001337310453106275,0.0016515924030697426,0.008080049182555987
265,WASP-72b,13.551189705038453,13.40563926430812,12.372211710574701
266,WASP-91b,4.061362740251239,6.614515978787326,8.305266294493686
267,Kepler-7b,3.6566351573031466,4.360004321540295,4.507242523198535
268,WASP-28b,6.1221725341712405,7.969994639402172,8.69874916679964
269,WASP-131b,8.37241605712731,10.915606071763388,11.924151650290137
270,HAT-P-20b,3.7817842610906385,7.526351061055776,10.745465483294732
271,WASP-35b,12.028093785315436,15.763248904062252,17.27492149164039
272,WASP-20b,9.271351246252513,12.696875032022126,14.300300630184719
273,WASP-158b,3.542753605527739,4.329290811507713,4.544301345296925
274,LP714-47b,0.16090096644619362,0.5019916887657528,0.9629965973469079
275,HIP67522b,3.3023033480088855,5.287460829556512,6.569760679267906
276,TOI-1859b,0.01249930421453748,0.052705964002864446,0.12398866595363094
277,EPIC246851721b,2.731550499711683,3.6938296542110933,4.1280731815523835
278,WASP-26b,13.352645405530033,15.572200329635033,15.881393735090487
279,Qatar-9b,3.2602524897500533,5.285600249008408,6.615410483700959
280,HATS-26b,9.87546590236435,10.540494761624506,10.18463828990507
281,KELT-9b,168.0285635183311,136.1824192386759,111.60533295338217
282,WASP-104b,10.670088582187546,13.402267329296098,14.30358532481745
283,KELT-23Ab,25.58266270958005,31.457348370102043,33.14097610710934
284,HATS-2b,8.668870870323474,10.505420069132667,10.96587486576599
285,WASP-69b,4.936106962906451,9.910196395465041,14.230324262145187
286,CoRoT-19b,4.032817206601495,4.75821725304878,4.887525970184376
287,Kepler-18d,0.044470223771219335,0.11841558379217343,0.20465657946899726
288,HD209458b,51.689623505684,67.78203273585602,74.31283210375246
289,GJ357b,0.0032289914781660697,0.018652625851641243,0.054206809389131326
290,WASP-43b,19.753889274591597,25.668228525836664,27.963073530646493
291,HD189733b,47.75533098565949,73.21853199848103,88.48907756792703
292,WASP-173Ab,22.12064319790009,24.168715569989676,23.68413538784376
293,WASP-172b,8.867032258414598,10.159960544426747,10.253287750690387
294,TOI-1333b,16.267534564774305,19.042863109666182,19.467290450452495
295,TOI-4479b,0.2468012638899661,0.5590553460944743,0.8676524782471599
296,WASP-148b,0.29717825605963955,0.6668644733835732,1.0299266509218319
297,AUMicb,0.11196556202511798,0.478131988681428,1.132170143561815
298,WASP-12b,50.943350890869326,46.755742163526804,41.251410830873034
299,TOI-4515b,0.1439912712523133,0.4638439009824031,0.9099602668104504
300,LHS1678b,0.04171459332933529,0.09324573744404317,0.1434765500850146
301,LHS1678c,0.0013199509773162493,0.0071397079796981944,0.019840283266787894
302,LHS1678d,0.0004051069457780116,0.002772638794910755,0.009046223367047853
303,TOI-1994b,8.872125703810827,8.739092781085168,8.047845864022687
304,GJ806b,0.368211283193158,0.7422247516484962,1.067858572878843
305,Kepler-91b,1.6698617219793197,1.6732362852842049,1.5551582052446342
306,TOI-3688Ab,5.36616129696367,6.7167320952593395,7.154345051281044
307,LHS1478b,0.008655200081566027,0.03654616257269389,0.08584994433464967
308,Kepler-1658b,2.9714919330151393,2.9509751486093085,2.7298176144707593
309,GJ9827b,0.5390719739144765,0.8456351901942074,1.0364922195650124
310,GJ9827c,0.03886125292715324,0.09849678986879105,0.1646685493629197
311,GJ9827d,0.020289815869567105,0.0691447720785256,0.14074545621744391
312,LTT1445Ab,0.0008959293729854862,0.00792522808504556,0.03081678123716961
313,KELT-4Ab,31.28369683120765,34.59776453463609,34.16115654264863
314,HAT-P-54b,0.799206933362098,1.9863641833181302,3.2785248713619524
315,MASCARA-4b,57.992878022524415,55.63803572174509,50.43198282670023
316,HATS-70b,7.670876391998414,6.94702609118583,6.082834518356169
317,WASP-52b,9.5309450641954,13.622094990902403,15.75150556376019
318,WASP-7b,6.078379924871243,8.280958522688284,9.298017575015322
319,HAT-P-44b,2.0741775645696636,3.5305439835103005,4.560147289609745
320,KELT-14b,24.611374658341678,26.329891949130303,25.474366355385726
321,WASP-192b,4.696426626129747,5.622400165087649,5.826613135573219
322,WASP-162b,0.4679588025213804,1.0137067827052497,1.5297815414511278
323,TOI-169b,4.998775040527352,5.7393796958234065,5.797332610284175
324,GJ1132b,0.01972622036834365,0.0894908871357775,0.2206378231311426
325,HD63433c,0.04293970286150579,0.14576077645936897,0.2961963006635759
326,HATS-52b,10.987715867689577,11.885776524417949,11.578039586109176
327,HATS-57b,6.181072047050858,8.24914503794579,9.1414891479993
328,KELT-15b,12.456139143942137,14.800415079495204,15.267896312771018
329,HD202772Ab,45.820149670576214,46.12421080976179,43.01828816488914
330,HATS-10b,2.0910337718165177,2.8166756409575036,3.1398048020344413
331,K2-198d,0.10915216959880776,0.22209546185231438,0.3217727982855246
332,HATS-64b,5.475908261926235,6.143927418353147,6.120651771527455
333,K2-260b,11.686916817166857,12.26598832711039,11.73287781598955
334,WASP-180Ab,10.332449205190144,12.675024807530026,13.337173613895917
335,TOI-674b,0.2927909442410157,0.9392083089268418,1.8347173205748684
336,TrES-3b,25.178573666736224,29.74355093901158,30.569441930315016
337,WASP-10b,4.42830032081465,8.05250626124474,10.847150539900996
338,TOI-1789b,15.997743343771843,17.034894549477524,16.43580255722232
339,KELT-1b,25.233223812818405,23.731662436974013,21.24850382796469
340,WASP-107b,0.6702012681502225,1.9697783268233204,3.6327714382415923
341,WASP-36b,14.91743758347421,16.98309492206082,17.066496637672504
342,Kepler-18c,0.12241358799992515,0.23806093137646903,0.3349664682798694
343,HAT-P-68b,2.335268188195885,4.2759731176245515,5.785113443325452
344,TOI-1807b,1.0603519783070505,1.189479201967223,1.1839703791781209
345,HAT-P-17b,0.6833697451755972,1.8636872563311626,3.2721880257080644
346,HATS-45b,2.7949573854895835,3.545612609660246,3.8087043632971738
347,TOI-1728b,0.21077010274674843,0.5818294746141666,1.0289651231497505
348,HAT-P-3b,2.7385739949347343,4.506538577955213,5.696490497077735
349,WASP-95b,22.124196989694532,26.526708852356023,27.515098947456984
350,HATS-31b,8.302646833613036,9.15715153784376,9.026063038303962
351,KELT-19Ab,30.293265716394572,32.56821029022892,31.62131430449116
352,WASP-87b,30.07495443906881,29.073678692542682,26.464110411057963
353,Kepler-447b,1.2305876947506655,2.433654867760653,3.461894184013271
354,Kepler-1656b,0.009510352139551915,0.03548067576373877,0.07682337857154654
355,TOI-4010c,0.24734599634978482,0.5394373241717969,0.8175183592444288
356,HATS-55b,2.4547511561765973,3.392576934417261,3.843240772651662
357,Kepler-450b,0.04537719131885214,0.11172489636060279,0.1834323090546597
358,K2-155c,0.0012416656312594738,0.007663509950043765,0.023322302712942174
359,WASP-13b,9.900467259702355,12.264754622416184,12.980741017360193
360,WASP-58b,5.316220856105508,7.811788533745299,9.194568210341165
361,WASP-119b,11.661132690780377,14.2879459752425,15.018193809220556
362,HAT-P-52b,2.091318898158773,3.2049528810540338,3.8724098811880245
363,WASP-4b,17.054140304405426,20.02680886962014,20.50680759579624
364,HATS-5b,1.0893755485593994,2.028600421692489,2.775557791444233
365,Qatar-7b,14.637625920656614,15.081454183634133,14.265494040601048
366,WASP-114b,12.060129370249044,12.44162268913412,11.775714371964943
367,55Cnce,11.238895845732218,11.686538009868435,11.111039776957167
368,WASP-160Bb,2.1678144833518918,3.631988649435817,4.644070758676764
369,WASP-142b,9.018993941220995,9.410908158736756,8.969073999727199
370,HATS-29b,2.8324812234423673,4.394139187718119,5.351610268208531
371,K2-140b,1.498518599368542,2.678145159727089,3.569218678581737
372,WASP-50b,9.329988318190784,12.564070222148992,14.00019073331836
373,TOI-431b,2.746616220369909,2.920404750861784,2.8138701328897184
374,TOI-172b,1.2321038331661807,1.9231955370226392,2.3513538374313088
375,TOI-2076c,0.09278417954028291,0.280346442633582,0.5268886355787704
376,WASP-90b,10.790683817889862,11.881943833378088,11.701823640894482
377,TOI-269b,0.012000944267533065,0.05508210909818701,0.1369241026543447
378,HAT-P-50b,7.780970835335216,8.51089422176394,8.347489106272105
379,TrES-1b,5.174205985168404,8.478711647094137,10.689009409377094
380,WASP-106b,1.465118974877222,2.4380911531351623,3.1049866256855334
381,K2-266b,1.2598395322758218,1.5500029705518281,1.632330874833261
382,TOI-201b,0.046108044914093704,0.18308345995325673,0.41356725336750105
383,WASP-88b,11.483555509252502,13.009995929213135,13.037104934593835
384,HATS-39b,4.475966655826307,5.33428764797425,5.513981208768619
385,WASP-168b,5.592065710671721,7.843991392609231,8.968029501771596
386,HD2685b,18.73480190376547,21.68201298598349,22.014583834562234
387,K2-237b,18.054201006362312,19.97543507715819,19.729605507462015
388,HD149026b,19.039898774728556,21.40262098737897,21.34301931535396
389,HAT-P-39b,7.643747233639104,8.708686556897284,8.756899546696323
390,TOI-270c,0.003747133462840081,0.024840676119247992,0.07930049287676391
391,HAT-P-30b,13.688307016058372,16.31142077919807,16.858241831185335
392,LP791-18b,0.007414915276725791,0.031003747723020978,0.07230815485680292
393,HAT-P-12b,1.6836349057040119,3.3843613025562873,4.863421341078734
394,TOI-421c,0.051247587527266186,0.17019132648527996,0.3407320641783776
395,TOI-700c,2.2094625468989436e-05,0.0003590382814196636,0.002121504447788837
396,TOI-451d,0.03243107844625874,0.10088031666315858,0.19334622906631074
397,NGTS-2b,11.59877499616132,13.957418708055606,14.513190091853819
398,WASP-89b,1.867089526656787,3.1138300936903867,3.9696056519583953
399,WASP-161b,5.516125364667467,6.852510392568918,7.266207676040562
400,WASP-68b,8.813771658097302,11.296604589076725,12.210013043296216
401,TOI-904b,0.006104883270568845,0.03013475355958552,0.07872215446056684
402,KELT-8b,31.154417447780673,36.30034250366924,36.996743744667626
403,Qatar-5b,4.237738047911285,5.648309953882443,6.254685784053832
404,HATS-13b,2.906724931664183,4.35814657582315,5.194466943755786
405,TOI-1518b,68.25712533391571,64.17871808847612,57.46571683211498
406,KOI-94d,0.15390488721204026,0.3453893734577258,0.5335976305935383
407,WASP-8b,2.1900545952786734,4.67247045548532,6.982527008574786
408,WASP-3b,29.501836361213403,30.594440898456963,29.053253801758537
409,WASP-186b,4.9241867555094565,6.2352195047625045,6.6900707381554385
410,WASP-175b,4.254280923985744,5.242979234632271,5.531907166366019
411,WASP-164b,7.135101040879054,8.582181123336191,8.919294133203739
412,HAT-P-38b,1.098384788262928,1.9253297420156283,2.5339707474890716
413,HD332231b,0.9648218410196125,2.2298357560891167,3.5117384982788282
414,WASP-144b,1.839588075675156,2.698088145739278,3.1711672503326427
415,TOI-125c,0.044103294584690415,0.10970695009191608,0.18126777000549693
416,WASP-75b,9.91089457175241,11.457341150429032,11.622488643136311
417,HAT-P-40b,13.392952428857411,15.094963831477571,15.076910394917697
418,WASP-66b,7.455636934128959,8.347336534578782,8.305020862933246
419,WASP-17b,22.68096420185517,25.679870564050344,25.725479748021534
420,WASP-79b,19.19091043607623,22.188998175992825,22.5149454931361
421,WASP-14b,27.71858359985424,30.274929469360693,29.669455430604504
422,HD219666b,0.08859748842640217,0.21709993043459644,0.35521699122866385
423,WASP-120b,12.534176494297139,13.63511289743359,13.329618443316459
424,HATS-7b,0.5730403036828287,0.9971296615796879,1.30599885594013
425,HAT-P-34b,6.159633468095862,7.9861836871990155,8.695326684050455
426,HATS-30b,4.892241384498167,6.550373320113485,7.274668111961806
427,TOI-561c,0.054637891102106276,0.14402512082163038,0.24726013706211905
428,TOI-905b,4.8471695514982915,7.616379853319159,9.350941081928644
429,WASP-34b,5.3522337331382435,8.694108221761253,10.90198230178446
430,WASP-67b,2.394073498242146,4.441988608882258,6.063098542932046
431,WASP-11b,2.2537100153995495,4.575515945212934,6.618132390934375
432,HAT-P-41b,23.962413635547957,25.55207931466638,24.678086133030938
433,HAT-P-43b,3.4073398140499904,4.719599978393411,5.352841342007783
434,HAT-P-23b,19.723750380855112,20.228282874087085,19.077362516510068
435,TOI-2158b,2.218513602752874,3.5107007196424505,4.329758714863191
436,WASP-44b,3.5945181397192707,5.014731382969299,5.712606102474355
437,WASP-55b,4.633801773335263,6.867220388312059,8.126484751847453
438,WASP-156b,0.538881061070571,1.0697621181810137,1.5250738406708968
439,WASP-49b,8.054222061908467,10.839676300779091,12.075247704479501
440,TrES-4b,13.26372577735972,14.812614947720832,14.713341911570486
441,HD89345b,0.8636557134154953,1.536422252781469,2.0416092201139153
442,GJ1252b,0.4055551535655568,0.6738553178026757,0.8562637211368866
443,WASP-23b,2.5273211764471837,4.212753430339718,5.368829832750207
444,HD108236d,0.04475824027490693,0.12415847011306284,0.22051748300852084
445,WASP-113b,5.671773257648875,7.275334885519893,7.867435247523551
446,L98-59c,0.004372994682205289,0.02543134227928142,0.07423551715551886
447,HAT-P-18b,0.6942117534035471,1.656233741013392,2.6617303999569133
448,HAT-P-7b,23.239630891381992,23.06233953455369,21.326157771449395
449,KELT-2Ab,22.417150688692367,25.431381623833033,25.50457969566908
450,HAT-P-46b,6.088323403233616,7.97406834103357,8.73585550699443
451,TOI-677b,2.160741549073304,3.879255663017702,5.186460782281796
452,WASP-71b,17.720590376657757,18.227922484823377,17.222662733985786
453,HATS-72b,0.1836492386360368,0.5435064614996715,1.0071408668731086
454,WASP-118b,11.574817995957204,13.309067904088343,13.457979764797386
455,Kepler-6b,3.469666625717825,4.509564345189654,4.916014084812816
456,KELT-11b,32.64905493409077,37.43090914856003,37.76708821134693
457,HAT-P-65b,14.143313837346962,15.010700825750494,14.45304165768707
458,CoRoT-11b,6.042670058135275,6.908399070124001,6.961368704315074
459,L98-59d,0.00020665721073952716,0.0021866920310575793,0.009617391413585209
460,LP791-18c,4.810947637904439e-05,0.0007909674115569082,0.004706069860470199
461,HD108236e,0.025791221744618325,0.08557805024545956,0.1712708223190825
462,LTT3780b,0.18421995080343642,0.3831916566878216,0.5625647216320858
463,K2-29b,2.402391716811106,4.207492368807593,5.534285621280185
464,WASP-45b,2.0659149388954714,3.3563400471228344,4.208098064755276
465,Kepler-105b,0.4454338300544739,0.5669576685661041,0.6102761902599301
466,HAT-P-11b,0.5750953561703979,1.328470955496925,2.090234802509617
467,TOI-421b,0.13887565695141874,0.2626800426488654,0.3630394784074332
468,K2-19b,0.2112868880105689,0.4682748369544999,0.7173196738021954
469,TOI-1298b,2.0445711759782252,2.780976058712895,3.118836266303356
470,HAT-P-22b,12.548906175561473,18.263797369352957,21.363323467328403
471,HAT-P-42b,4.42102616532681,5.853139242461788,6.4544768403181685
472,WASP-121b,66.85495275473944,64.01627441994606,57.93754140705919
473,TOI-824b,0.8926678791052772,1.317441206184505,1.5540785392398166
474,TOI-270b,0.006814365043196683,0.03061485026583185,0.0750083977314816
475,XO-7b,15.643043499515842,17.828965284868435,17.930563302760547
476,Qatar-1b,10.172111156043831,13.433503868628275,14.786025587103234
477,HD97658b,0.07874147198986532,0.2382365547650896,0.44813017007143097
478,TOI-942c,0.05818843906153862,0.16437801412612313,0.29538054652368184
479,GJ3090b,0.049754389824078454,0.15959738953919564,0.31177709538160714
480,TOI-2134c,1.4788360644414658e-05,0.0004091169006925039,0.0034922230404584647
481,TOI-3693b,0.5246869394079854,1.3786819496069442,2.361870410489947
482,TOI-1470c,3.4164095139238556e-05,0.000463927756051361,0.0024236982520680636
483,TOI-1408b,17.432493461807557,23.308061106622187,25.866021114187244
484,HD260655b,0.04810801264304707,0.14957126082814018,0.2862308405495375
485,HD63935b,0.2009209651840305,0.4404937334608658,0.6700420048966238
486,TOI-1420b,1.1463411655652231,2.336636678780689,3.389679892547066
487,HD260655c,0.006857454396603096,0.03402013968937677,0.08917939458109497
488,HD109833b,0.12539738222937444,0.2655815973571723,0.39504176555119463
489,TOI-4010b,0.6368434382923797,0.8280021243441781,0.9025590978769452
490,TOI-1272b,0.4541085436295954,0.814687599187034,1.0881255289171112
491,HAT-P-64b,10.078299589006502,11.394596948832463,11.404175191981793
492,TOI-178e,0.0045423668881239545,0.019620269380561765,0.04684978961823686
493,TOI-178g,0.00046991551158015655,0.003509538314671417,0.012169108735263817
494,TOI-1135b,2.261219340067627,3.8660591000570226,5.0093492856782555
495,TOI-2524b,0.8382184602986582,1.4420357381480022,1.8756923573734785
496,TOI-178d,0.02179339861933413,0.07219657241270443,0.1442046694876144
497,Kepler-109c,0.00828203873541949,0.020258473601761556,0.033114274681674376
498,TOI-2207b,1.6081895941249384,2.407941479168363,2.8682085368780217
499,HAT-P-61b,3.481466621132251,4.400306518817355,4.71459293078918
500,TOI-277b,0.0662130188919555,0.20659754440125197,0.39638018682951437
501,TOI-1820b,4.174898650902732,5.7149460165321875,6.43441644352947
502,TOI-1710b,0.046462571243773544,0.16405824901669538,0.3423058464440268
503,TOI-2421b,3.7828281356967492,4.707926127526227,4.996341752555981
504,WASP-182b,2.6251494508596553,3.363987959340894,3.6351593168760656
505,TOI-1136c,0.270314304011035,0.4856359873458121,0.64943915718223
506,TOI-1136d,0.17662478362250333,0.4317382289464955,0.7053401935209772
507,NGTS-11b,0.002610703425441625,0.017368514102033324,0.05568104557114443
508,HIP94235b,0.33889688729688733,0.6038045507406424,0.8032370246129614
509,TOI-2025b,1.3254687601769668,2.1434967710510926,2.680522988170176
510,TOI-2018b,0.021705255479382336,0.08174679737636933,0.1779373078985121
511,GJ486b,0.15209660512673148,0.4752551477262573,0.9121297684909979
512,Gaia-2b,8.150736459848629,11.640886215283395,13.458526267894852
513,TOI-2427b,0.837819616438651,1.381580087460092,1.7477321697652204
514,TOI-139b,0.004249750610360764,0.021153244609858273,0.05562009418113832
515,LHS475b,0.0058230247632390505,0.025731317599125843,0.06232411572414768
516,TOI-2583Ab,3.685741975426023,4.807485236311504,5.252958743782235
517,TOI-2796b,3.295111332503164,5.13255431403658,6.2671659406803295
518,TOI-3976Ab,1.6940637372744876,2.461648169047416,2.877320137749032
519,TOI-969b,0.3705856089034574,0.6398173709021654,0.8335945781167705
520,TOI-2000c,0.5670119635928883,1.1350425974976206,1.6274356012705187
521,TOI-2364b,1.189592333202519,2.0497711977993323,2.6683135409016705
522,TOI-2498b,1.2961887944100572,1.7049500698506963,1.872655753506253
523,TOI-2587Ab,3.2427101060015113,4.239648540007798,4.639004685586596
524,TOI-4145Ab,2.4996271345326404,4.391193418298304,5.787382049129295
525,HD23472f,0.002897993146164724,0.01134614088529865,0.02536135169923268
526,HD207496b,0.11124481166677784,0.28301313640273074,0.47447359377575754
527,HD23472c,0.00031230756487268926,0.0023555499082551067,0.008226335884592772
528,TOI-1937Ab,13.862605554557007,14.015221581368834,13.103590508326086
529,TOI-2803Ab,17.185060904616844,18.530958933739267,18.018244167145745
530,TOI-2842b,3.3195838834583755,4.302333330622996,4.682379983282851
531,K2-415b,0.00018437694574548248,0.0018434947494204252,0.007794626377029546
532,TOI-913b,0.023427264674078324,0.07416181980777597,0.14376377004412413
533,TOI-2977b,8.309851297095086,10.311390327392967,10.923431308030004
534,TOI-444b,0.00803372731381471,0.033964732500594126,0.07999158799512021
535,TOI-470b,0.01567678187368582,0.056852675059236364,0.12073705388191293
536,TOI-836b,0.11270963224489824,0.2561185098944451,0.39861957607475185
537,TOI-1416b,0.7331413887907192,0.9103261334963262,0.9644134916357672
538,TOI-2459b,0.0005085823724088901,0.004355896422459852,0.016588624893686107
539,TOI-3023b,9.710165332127387,11.735116825163594,12.231535906886638
540,TOI-3082b,0.5182998169473855,0.9387914844729024,1.2611399058129324
541,TOI-3912b,5.033568570803469,6.348766966277482,6.793817223654391
542,TOI-4551b,2.3795915615820014,3.145999082895395,3.464927150813396
543,TOI-858Bb,10.034547976276036,12.550373198108778,13.36114305240355
544,HD183579b,0.05780571428119182,0.1685215981477416,0.3093524294815148
545,HD1397b,7.066661112536175,10.750802907712494,12.932113606698616
546,NGTS-12b,1.7395308998176624,2.5925468851602513,3.0786162473943093
547,TOI-2570b,5.3777297364704575,7.128558782383146,7.867057762996977
548,TOI-778b,20.180707255086237,23.40581143855444,23.795035080419535
549,TOI-1694b,1.2604873564184884,2.07428737303446,2.621989717786848
550,TOI-2443b,0.019262631834691464,0.08293201247342186,0.19759840024975306
551,TOI-1452b,6.202903232703221e-06,0.00012846950040586432,0.0008965225071444944
552,TOI-1516b,22.71337568155374,24.95994020255379,24.552111388102844
553,TOI-1431b,50.01010850527257,48.02240861326999,43.551259011736555
554,HATS-38b,0.9420927936515381,1.3680165628092997,1.5981806020146687
555,K2-36c,0.06962456014552583,0.16157572575835172,0.25501315933507795
556,TOI-4600b,5.176502167016854e-05,0.0007002470306312901,0.0036554342893644945
557,TOI-1181b,20.511325174471658,20.932881258002272,19.68392835082146
558,HAT-P-58b,6.161400764531438,7.385812290425956,7.6606674963676005
559,K2-329b,0.08334715994568102,0.2576921953355276,0.4918235265703561
560,TOI-5678b,0.0015450445286097564,0.009453629974198647,0.02863165814896588
561,TOI-620b,0.02676232497227841,0.11254758215861954,0.26376818039844335
562,TOI-5344b,0.14623445946468488,0.49052851171410694,0.9875335217674096
563,HD73583b,0.08530301662773597,0.2490627728640358,0.45736990629229135
564,WASP-77Ab,38.8938564628903,44.97163702422276,45.61704031505967
565,LTT9779b,12.44641612084285,12.963152949305893,12.337963758675532
566,TOI-3364b,3.068862511449605,4.558262613591529,5.401373080403568
567,TOI-1634b,0.2006684716097646,0.4119302417546621,0.5996709450376524
568,TOI-4641b,0.9765357264033174,1.9056865623545243,2.6887006875043094
569,TRAPPIST-1d,4.271356860981363e-07,1.4198270467082292e-05,0.00013693311122195043
570,TRAPPIST-1h,9.346129402625192e-13,4.0012587415140344e-10,2.1943162292734403e-08
571,TOI-244b,0.0004670412521347794,0.003628656974307973,0.012911158626452682
572,TOI-544b,0.33382810387851736,0.5877719809306982,0.7753429216913379
573,HD110067b,0.08364010291019132,0.21891975694927293,0.37406355407504593
574,HD110067c,0.036531616556578134,0.11952729776103417,0.23691904691607044
575,HD110067d,0.015327050218125056,0.06453608010150941,0.15157785223052717
576,HD110067f,0.0012015815047417167,0.00839682926395203,0.02784530761790449
577,TOI-1442b,0.4731598674068719,0.8064791720801961,1.0414905329967499
578,TOI-622b,5.063901834331642,6.951846428242432,7.842988000899797
579,K2-138f,0.011578553830882793,0.034418805502856184,0.06399476548967395
580,TRAPPIST-1c,1.8359206526677614e-05,0.00032912773629154013,0.002075995523504278
581,TOI-122b,0.0015220406328911454,0.010785289561131423,0.036029410603175126
582,TOI-5126b,0.8697196724863389,1.2672260911754536,1.4838295822388263
583,TOI-500b,0.5845443289499419,0.6840028127351103,0.6985334345983478
584,TOI-1107b,9.961471240730209,11.429980393233578,11.542652362477146
585,K2-370b,3.239639424201422,3.3575513703889333,3.186019382815328
586,HD28109d,0.0013323169104456029,0.006927436557430223,0.018784153417378508
587,HD110082b,0.11376470050930827,0.22927589002701837,0.3302559804527316
588,TOI-3714b,0.7123697244522292,1.9382895897614703,3.394375817188796
589,TOI-3629b,0.1397669311610022,0.4498532345694555,0.8810460690014524
590,TOI-1194b,4.092120326277411,5.53009613415115,6.175902419108072
591,TOI-5398b,1.1462852074220657,2.3799212884981427,3.4946875571944327
592,TOI-5398c,0.531362362658116,0.8048042377566144,0.9655714154049969
593,TOI-1670c,0.07918022511028644,0.2717870942903789,0.556557495061074
594,K2-3b,0.0012825203807248656,0.008051161492076431,0.02477514182880301
595,GJ367b,0.7566423490529028,0.9931611163792555,1.0881799036543502
596,K2-174b,0.0007655959417045711,0.004951656152561113,0.015562256907743722
597,TOI-628b,10.891224043496882,13.329651963385079,14.004397171252492
598,TOI-712b,0.006688263190599443,0.02497297338535434,0.05406359308101513
599,WASP-193b,4.352649168072849,6.526711447630436,7.781328098591319
600,TOI-1064c,0.008437879584504957,0.03277359744952865,0.07286732404749303
601,TOI-1842b,3.006992607367102,4.212040001245525,4.811829966866156
602,Kepler-1517b,9.533116445244703,8.87133892899351,7.8943754426350745
603,TOI-1231b,1.871114785729614e-05,0.00038444492989156095,0.0026702079424963054
604,Qatar-6b,2.9497033124958043,5.6064940437720585,7.771868291383074
605,TOI-559b,3.0499986871921987,4.873924853828218,6.048999281379858
606,Kepler-63b,0.20135765696667882,0.4447391452075826,0.6797980062158219
607,K2-399b,5.757610557418749,4.98663375316394,4.248595612174103
608,MASCARA-1b,71.38282782002966,66.0506568307798,58.5783089839833
609,HD152843b,0.3331021973048734,0.5642492976856925,0.7268404791503313
610,WASP-189b,119.15027868036448,109.8535932424308,97.22696890371931
611,K2-403b,0.006070111386084031,0.02517278162416268,0.058528058582146374
612,TOI-2193Ab,17.885364533928897,20.148704080620384,20.117928778871054
613,TOI-1260b,0.09346446174867058,0.21231111557966278,0.33029722603473377
614,TOI-1260d,0.0011862665813015792,0.007629900439879193,0.023882651767211112
615,GPX-1b,11.809614208421431,11.524216581634432,10.551067951876863
616,WASP-184b,3.3476130673443625,4.3026643187150295,4.65878910596443
617,NGTS-9b,1.795698430631754,2.3098542675715112,2.502577078277464
618,WASP-171b,2.35853255580358,2.7997239250016506,2.886412315230193
619,TOI-4137b,6.556046827656961,8.067826661061023,8.504647303033233
620,TOI-1468c,1.3506417147975163e-05,0.00025916851999258165,0.0017171527647271553
621,TOI-2567b,1.7555417404217923,2.4298878229927148,2.7546281544360576
622,TOI-1899b,0.00020901830161286158,0.0031844681865549175,0.01801196475657591
623,TOI-1468b,0.034271857977598054,0.11353331770668268,0.2266017447719304
624,TOI-2236b,7.850798765646007,9.160571789759977,9.346155848460892
625,TOI-3331Ab,9.542800657510906,12.190812076773542,13.148160027809379
626,TOI-3540Ab,20.918264801241293,26.588432692562893,28.589387768385475
627,TOI-1288b,1.4989243526411744,2.2031396248389,2.5929388408658145
628,NGTS-24b,3.285929513004335,3.891586736142108,4.006169901771765
629,TOI-1136f,0.018329055513630427,0.06763082173500816,0.145355391701851
630,CoRoT-36b,3.3329567370909365,4.149133546866301,4.405804768075416
631,HATS-61b,1.2377779265926911,1.891763977317821,2.28223273321604
632,TOI-3362b,0.6888727873513901,1.2083401405247336,1.5917569779415657
633,TOI-2134b,0.04806312411809989,0.1702393040519705,0.35570062857029106
634,HD3167c,0.003224060857991879,0.017156363203231377,0.04723463752143363
635,HD3167b,1.3670711530744564,1.5205736913508259,1.5061007441456613
636,TOI-2046b,26.589278818792163,27.531890309245806,26.119479498095668
637,TOI-954b,6.121575868681289,7.061923573926321,7.153471397217776
638,TOI-181b,0.5639167937682089,1.2546194533518131,1.9263282787932652
639,TOI-1811b,1.6945010887151186,3.388591176229799,4.853468015743683
640,TOI-2145b,4.669667947216558,6.014231169700143,6.520726611138184
641,TOI-2152Ab,12.056668978038976,13.483857431332359,13.406661421648433
642,TOI-1246b,0.16372556637382096,0.2985710873952063,0.403020529263932
643,HD15906c,0.0023217906876141247,0.012991895297652132,0.03699910917772441
644,TOI-2497b,4.488317478054447,5.50717972282291,5.797023981946717
645,TOI-2445b,0.48509896115238554,0.8433884054188001,1.1030376935914616
646,TOI-1422b,0.08451502207831833,0.1984706463244049,0.315827693250678
647,TOI-2154b,9.481815700585091,11.611312136571396,12.203488522200393
648,HAT-P-60b,21.460594399519575,24.168339256680493,24.128677857345
649,TOI-1386b,0.03331740868053843,0.11717179763835889,0.24383622645363173
650,K2-39b,2.1719257161766783,2.324839265515112,2.249165477270956
651,Kepler-444e,0.005042640182858995,0.0132300717827437,0.022638880573339164
652,Kepler-102e,0.003008691079286657,0.013265486219680782,0.032134826574704525
653,TOI-615b,12.933617450713902,15.29583137964206,15.738103301145436
654,K2-24c,0.01978548979902875,0.08338935343677731,0.1960445444767177
655,Wolf503b,0.03876879931383086,0.10280625852088333,0.17713008977264552
656,K2-79b,0.21204951002015937,0.34711236322703043,0.43743446034526334
657,K2-99b,1.7119535460457367,2.5245200799110115,2.9782331121074512
658,K2-32d,0.0016165883489566778,0.008508134861568586,0.023249111702818313
659,TOI-942b,0.28001564630274667,0.5263867509136472,0.7244927362868716
660,HD221416b,1.8050415961442747,2.802300281695655,3.4136508974377486
661,K2-32b,0.1320869048889387,0.32424894895223094,0.5310953822561271
662,K2-129b,8.43795481738899e-05,0.0008353401456004412,0.0035099654444615044
663,TOI-2136b,0.000255036380977447,0.002664913177533151,0.011618971413106138
664,HD15337c,0.010546438022318215,0.039970448836119436,0.08743578702051566
665,WASP-187b,15.99434594519066,16.92065854086223,16.26211309465334
666,TOI-4406b,0.09759485881848187,0.28091268836613137,0.5114288246506775
667,TOI-2338b,0.051368870914960604,0.1714396675736155,0.3444187111334961
668,K2-353b,0.05166683357047052,0.13503225317700418,0.23054908803357838
669,TOI-1411b,0.3690517882622992,0.6189629189070591,0.7915714604557192
670,NGTS-13b,3.409850572619049,4.114039535230609,4.283753781033653
671,K2-280b,0.06655300726403099,0.18046587086841798,0.31569474417418736
672,HD93963Ac,0.8875871990779405,1.24660056530129,1.4263628671427404
673,HATS-37Ab,0.7659654214642275,1.3296611842110153,1.7391521987951535
674,K2-33b,0.09888561566388564,0.26297586874760387,0.453573832753845
675,TOI-251b,0.23923763796951483,0.40847335312644534,0.5287602111352613
676,TOI-1268b,1.0768795726478453,2.3085331991127633,3.4601650131109847
677,K2-139b,0.014810214966759794,0.07355498476130463,0.1932312397980124
678,Gaia-1b,4.105182924992161,6.004392717230784,7.045777058475444
679,HATS-12b,7.458552229397806,7.587601463801942,7.122174272463086
680,K2-52b,8.746651750931186,8.739961357921734,8.117384092538844
681,K2-406b,0.047189504315377336,0.14749951282758444,0.28364382180360714
682,K2-24b,0.06695559441501443,0.1853127587326176,0.3286407179406613
683,K2-32c,0.005216190219756062,0.02050684576411522,0.045984521584276135
684,TOI-1601b,7.1163681507766,8.52675734062974,8.841229049620932
685,WASP-185b,2.3829492655279467,3.8760879922988054,4.864989379429244
686,K2-287b,0.262968203585913,0.6703985371634147,1.1259759469550907
687,Kepler-470b,22.13598144763435,26.257282947455316,27.05090013184965
688,K2-289b,0.17435925001852712,0.43945050759085047,0.7324835913579623
689,HATS-9b,4.996179955556132,5.481158696285847,5.3837914428370075
690,WASP-163b,12.26505015444301,14.518423897009939,14.939387550586376
691,TOI-540b,0.021629764784246795,0.0873864497679367,0.1992127789305602
692,TOI-1693b,0.06219943389426835,0.1705144187523772,0.3000560453722553
693,NGTS-8b,3.0468866291050287,4.253016750068496,4.846146791637079
694,K2-405b,1.6346128486713465,2.198720983643964,2.4477952046222904
695,TOI-532b,0.29397702946567184,0.6757477105569831,1.0592508315047473
696,GJ3929b,0.005667099074465891,0.025490812335451203,0.06249442979834802
