,Planet Name,TSM Estimate 1.95-2.6um,TSM Estimate 2.6-3.25um,TSM Estimate 3.25-3.9um
0,TOI-5704b,5.980646872759599,4.485894765115054,3.506366814709458
1,TOI-672b,14.822869637402123,11.40216238782235,9.046224105120878
2,TOI-199b,11.500132310243973,8.505984466748833,6.593731141295421
3,WASP-176b,7.637082480958121,5.587810501591102,4.303795636373069
4,TOI-1801b,6.837428867401823,5.240471058113147,4.148770190980937
5,TOI-836c,9.763120773342068,7.329884992076462,5.732533189902536
6,TOI-3807b,8.031088891870516,5.890248222934174,4.543233492963931
7,TOI-4087b,8.875330438774427,6.483379607900183,4.988804542717569
8,TOI-2818b,12.996007724180398,9.538891408820124,7.360796616560561
9,TOI-3235b,13.595141835670915,10.628103174477388,8.512870824269184
10,TOI-4463Ab,11.099335921643611,8.15681596627962,6.2989182072556025
11,TOI-3785b,13.213147844877927,10.241867900586355,8.1623862877419
12,WASP-124b,8.453498043195928,6.1760500269426855,4.75269589093983
13,WASP-25b,19.018791529523845,13.953498733652468,10.764613101893897
14,LHS1140c,7.352052705615522,5.877271876695112,4.769981009959347
15,TOI-1199b,13.394429099898483,9.832951962789107,7.588457194942106
16,TOI-1273b,26.339746041689974,19.342052749201226,14.929668247374142
17,TOI-5803b,5.163442172460879,3.8276931653979123,2.97113716712599
18,TOI-3819b,2.4427650407802215,1.789347092479189,1.3791173343948275
19,TOI-4791b,1.8768567281494535,1.3710696268479825,1.0550216577328557
20,TOI-4377b,2.492274624445014,1.853385311050781,1.4413340190813082
21,Wolf327b,9.609156915897755,7.459288327065725,5.949938920908307
22,HD118203b,3.8936573763734708,2.8516126886768998,2.1976044655164855
23,TOI-1470b,3.7092423992374095,2.8594576460425656,2.27154113966954
24,V1298Taub,6.512398472456426,4.843355520181996,3.7667460704063016
25,TOI-2109b,3.528412494885843,2.5625132651484352,1.9649603370510826
26,K2-138g,4.402425408528368,3.2503805737351095,2.5169713656041646
27,K2-141c,25.68321174261601,19.25993528183273,15.052430188331096
28,TRAPPIST-1b,11.792711612571784,9.734889338668253,8.052247882078104
29,TRAPPIST-1e,10.063827642695587,8.307694756194119,6.871738874297967
30,TRAPPIST-1f,9.060890293311388,7.479769472287074,6.186917570025039
31,TRAPPIST-1g,8.614935644484252,7.111633686470967,5.882412762776719
32,GJ3473b,5.826550249548759,4.564290116112567,3.660314421078462
33,TOI-2202b,3.4679790620984723,2.5703464450037687,1.9949327754002455
34,TOI-833b,5.334393314494811,4.08023990493576,3.226391800710152
35,HD28109c,11.198081513263803,8.173730479862428,6.286556369693232
36,TOI-2641b,23.310112023184658,17.01898436277563,13.091613327755741
37,TOI-1685b,9.907003615964957,7.728222266870932,6.182277012208457
38,K2-87b,3.386693739689893,2.4848229460800435,1.917000583053036
39,WASP-178b,21.97204987070918,15.683479400674697,11.90238685688135
40,HIP29442b,10.046693464086635,7.426420884062179,5.754780632039058
41,HD152843c,11.969436188411352,8.716054496491834,6.694200595086498
42,K2-26b,2.562389298269555,1.9695665761274308,1.5619113774470725
43,TOI-1246d,6.9193447195703905,5.127699371845182,3.9794677834393117
44,WASP-62b,28.559803148727624,20.81741901122369,15.99775727593454
45,WASP-80b,29.656725207536514,22.51916364753006,17.730075663686673
46,WASP-22b,9.7726780394691,7.144605572829069,5.500222513174415
47,WASP-60b,3.2435625949081404,2.3745641727392917,1.8295365174239564
48,TOI-1296b,16.87379138117307,12.407571021175952,9.5847518313748
49,HAT-P-59b,3.1848097323003044,2.3391265877935563,1.8057117421208042
50,XO-5b,4.310033056433026,3.178161181106252,2.45920839535786
51,WASP-99b,2.4656959979132007,1.7990732569063266,1.3833806477987873
52,HATS-56b,15.314547342242538,11.122702835594882,8.52922494741405
53,WASP-70Ab,13.151813062171879,9.647223576714788,7.441629100194094
54,K2-417b,3.1038808177264237,2.3791062451521645,1.8835682562567222
55,TOI-1759b,13.037248494232832,9.954312759628841,7.862939009841508
56,WASP-150b,0.23955615600382837,0.17464005728193757,0.13421922072388098
57,Qatar-4b,0.8362056964339797,0.6189448619257594,0.4800060634719344
58,TOI-1201b,7.880352576996253,6.1353427479888065,4.902411026131238
59,HAT-P-35b,5.292136430718991,3.8640516785197647,2.9724593211468973
60,TOI-561b,7.29201111587441,5.386656078075646,4.172531718635019
61,WASP-53b,3.167163518946176,2.356284481732288,1.8328954925037222
62,KELT-20b,78.53059655521567,56.02755465453702,42.50771494507213
63,KELT-6b,17.606268444954832,12.854207382349532,9.887764361985742
64,piMenc,21.625665736952616,15.802245578536532,12.16165418185483
65,HATS-24b,5.978991708720299,4.351977100955749,3.341593444002373
66,HD191939d,26.469562101918,19.545716841187822,15.136757094537304
67,WASP-147b,12.36457721430185,9.078024835244424,7.006353974260068
68,WASP-97b,9.568806152447888,7.03204149811547,5.430336348125238
69,WASP-15b,20.78718571476903,15.138905133641144,11.627987294977451
70,HATS-58Ab,4.225671742331898,3.0493142937373587,2.3293245316224245
71,WASP-139b,19.503713898331164,14.411584156878458,11.165156242056575
72,HAT-P-2b,1.4053702752503352,1.0236282128136303,0.7862917747742554
73,TOI-163b,8.540479655888667,6.205671527773708,4.760005807660498
74,TOI-1478b,8.38431210202573,6.165701367118246,4.7632230782458524
75,WASP-136b,6.538161534841672,4.763941061506588,3.6601824500493976
76,HATS-4b,2.1600259386268625,1.5935023769034657,1.23336021400876
77,L98-59b,21.097700706487586,16.472591971136715,13.184406753500456
78,TOI-2076b,8.616435017625601,6.381042809363859,4.9501686948772505
79,HAT-P-69b,5.586423215761253,4.0234820882150935,3.0699316769372276
80,EPIC211945201b,7.29587940668392,5.332077950980041,4.104041177574587
81,K2-34b,3.9738013894639352,2.9001180799855257,2.23032520795316
82,WASP-61b,2.196169032724585,1.600405203328822,1.2296971111299093
83,KELT-21b,13.538110264276698,9.734033796580187,7.419602484963101
84,HAT-P-16b,2.8668715112374343,2.09157391982098,1.6081985671034704
85,WASP-174b,20.517977904477682,14.925237659472469,11.455820345736818
86,WASP-130b,2.8711253146960005,2.110458910034387,1.6299799822516035
87,KOI-12b,6.903743996471809,4.998911842678102,3.826396106320448
88,WASP-37b,2.7281021846649542,2.0000553236197676,1.542296101579291
89,HD191939c,10.953059270366234,8.087984010427318,6.2635640506342245
90,WASP-83b,13.682321713983256,10.075806530527778,7.790361608017548
91,WASP-46b,3.982951684592988,2.9288666445898386,2.2625899830392533
92,XO-4b,5.863425454039298,4.265287184870725,3.2738537874123788
93,WASP-170b,2.988419377228759,2.1975365324838667,1.6976273586731065
94,HD191939b,13.192706097308127,9.741789333504386,7.544317765653718
95,HD86226c,8.083460287972715,5.9208699217872915,4.563283637022267
96,TOI-481b,2.3018427231117755,1.6891674061424466,1.3033035351771218
97,WASP-169b,6.797875593754106,4.962563699701671,3.81708692592663
98,Kepler-138b,7.538183998620474,5.7821651540725485,4.579772827675745
99,TOI-4010d,5.36274619142451,3.989163268748353,3.1028062417502853
100,WASP-33b,33.12595988858,23.85086227649861,18.194971863516827
101,HATS-1b,4.570819434962215,3.3476432254119066,2.5799154346121367
102,HD106315c,9.298651604345622,6.7698234199866985,5.19880071659833
103,XO-6b,36.24436298369021,26.271236400143295,20.121626507940967
104,HAT-P-26b,20.01619848112985,14.853889305380465,11.537161749204381
105,TOI-125b,4.455839584826349,3.291905101477857,2.5500864630158766
106,TOI-431d,17.88645379946532,13.336041680007128,10.387165475000845
107,KELT-18b,14.162494222276402,10.270934437880205,7.869186962957773
108,TOI-892b,3.2447877432962913,2.364240708897155,1.8164559364424737
109,DSTucAb,25.378851241564632,18.71465827262829,14.481381590455973
110,WASP-105b,2.477076963618525,1.8385461916518389,1.4281659475775654
111,TOI-776b,6.755400579764537,5.207743188705989,4.137009308164236
112,HATS-42b,2.2538399419310995,1.6464175638067657,1.2668786833830634
113,WASP-177b,33.47668056957418,24.873328251858936,19.33341676757541
114,HAT-P-13b,9.554350194319358,7.0200094667845905,5.4203986604524665
115,WASP-103b,9.8458587735563,7.187642766945156,5.528565252590469
116,HATS-27b,9.363692035132459,6.808271209757662,5.22425517269406
117,WASP-141b,1.4524736897754231,1.0633344924502193,0.8192700397437248
118,K2-238b,4.433982862057636,3.2590048123884685,2.5169252118207783
119,TOI-257b,18.911678214539123,13.808535573962692,10.622432640284353
120,WASP-181b,14.533251197540704,10.648775274647107,8.208806620735935
121,WASP-135b,4.630501420711551,3.401090019073936,2.6255762389597685
122,WASP-81b,12.242936165618612,8.966659676050488,6.910301408331983
123,WASP-19b,12.48474046790117,9.178362560013136,7.089356018559034
124,HAT-P-4b,10.905644926200452,7.988368209419416,6.15688479785663
125,WASP-32b,1.9907743094489203,1.4534875168608372,1.1180747418207613
126,WASP-73b,2.9117665265338712,2.127706164358615,1.6375287599710544
127,LTT1445Ac,13.028668231595573,10.20970553765104,8.189317521168958
128,WASP-64b,5.221154361539019,3.8519661877594515,2.981486551799072
129,HD110113b,4.566414057814423,3.351133825187701,2.5856885129103504
130,K2-30b,8.033245014979121,5.90902400394659,4.565615744818344
131,WASP-21b,19.919038633129997,14.577555376753146,11.229371122289184
132,HAT-P-21b,1.0793504781245178,0.7938512878369544,0.6133299824030344
133,KOI-13b,1.2456443117394425,0.8952590369590181,0.682226634458006
134,WASP-123b,14.01746925338677,10.28571091004733,7.935749801305821
135,KELT-12b,16.546155959539078,12.053322984369848,9.259402228609032
136,HATS-60b,5.076201800286471,3.7277179251621457,2.8773882870488197
137,WASP-133b,3.247543765227205,2.3844061314525478,1.8403004722886587
138,HATS-65b,9.949348263884858,7.247945500799447,5.567976493796177
139,HATS-40b,2.27660219193378,1.6548815624686752,1.2696642829131362
140,HATS-33b,6.780644128036031,4.981583699136629,3.846246866930804
141,HATS-68b,2.4430974618429877,1.782652802064438,1.370785594629437
142,HAT-P-57b,13.709110063252506,9.980470104364734,7.664212087944016
143,WASP-54b,31.985418030973864,23.352926350785275,17.963908735043788
144,HATS-25b,7.4354988814367635,5.45804564963411,4.211989914570051
145,TOI-776c,5.953842529503286,4.589821508516601,3.646134921692198
146,HAT-P-5b,7.548973681927916,5.521902163505102,4.252371653122935
147,Qatar-8b,23.66624829062418,17.366289982266828,13.398876624724512
148,WASP-18b,2.449447183961129,1.7810984994690402,1.3667636911789725
149,TrES-5b,3.8903034609142324,2.881890164368531,2.23605670413634
150,WASP-2b,8.565549853328793,6.344187524049071,4.921959049753358
151,HAT-P-55b,6.519412727211745,4.779026105919094,3.684980188199689
152,HAT-P-36b,5.5067594793789345,4.051966823979717,3.1313790435595847
153,WASP-65b,4.036475283348866,2.9682252649067515,2.2929950614813834
154,WASP-159b,7.6224869733221485,5.56382394898627,4.2792324719446935
155,WASP-93b,8.46081026048881,6.133997752761745,4.698733902935122
156,WASP-140b,9.406200425223261,6.956594944954506,5.392374840814344
157,KELT-16b,3.6897663161643273,2.6892935565884724,2.0665750289680296
158,Kepler-5b,1.5231247546361297,1.1093026291043069,0.8520587353970048
159,WASP-129b,2.799253536347163,2.049292086503416,1.5789233031343184
160,WASP-145Ab,7.170099530331985,5.3402721298544344,4.156792443873504
161,WASP-167b,11.979327716024304,8.658646345899616,6.620681839301648
162,K2-232b,22.803370349602734,16.696821714190744,12.865731638862071
163,TOI-157b,5.016177416466867,3.700490122000799,2.8641257522187025
164,WASP-76b,46.55557469190032,33.92625197362241,26.067782057102704
165,Qatar-2b,4.578971407723475,3.429984178154559,2.678915934369999
166,LP791-18d,6.370247470701851,5.101662023654574,4.144936256731203
167,HATS-22b,1.1345910587657118,0.8468149638730542,0.6599682677422727
168,HAT-P-51b,16.705297577012992,12.314341813391033,9.52683156134488
169,TOI-837b,8.418737875172273,6.150899144354259,4.733453398809975
170,HAT-P-56b,5.098551439748383,3.701758800017426,2.838056033576904
171,WASP-57b,3.34805222647206,2.461992830189408,1.901923505527549
172,KELT-24b,4.782512485923559,3.474512747121983,2.664843021807694
173,HATS-35b,7.0612200742028,5.14254994870076,3.9499227281898657
174,WASP-94Ab,38.015243697563356,27.730424154231912,21.319818957073398
175,HAT-P-24b,9.141144066796398,6.651506806261573,5.106274034496515
176,WASP-31b,25.520082617600735,18.58578236860836,14.275486855991337
177,WASP-183b,17.256369834504422,12.750312153265694,9.877800148021839
178,HAT-P-66b,6.522365483387341,4.768239735577101,3.6707356724432945
179,WASP-63b,19.686100268140997,14.487683706535735,11.197214409407598
180,HAT-P-33b,17.930515297808775,13.035941907308766,10.002442373897743
181,WASP-48b,11.57821817572864,8.473877500306585,6.527806458228865
182,HD219134b,18.498743219438527,13.839321822130376,10.80078411956757
183,HATS-3b,7.557824174227506,5.500846993687638,4.223584218365466
184,HAT-P-8b,12.297212704397309,8.966872957112633,6.89239427020396
185,WASP-96b,9.891033911016542,7.28032425250742,5.6273406107577575
186,WASP-24b,8.110175649667234,5.923268597817953,4.557276943516075
187,TOI-216.01,5.806293371849915,4.3133253655925365,3.3522819545821645
188,KELT-3b,9.701530746263188,7.064924041173003,5.426237362308319
189,WASP-132b,11.399306142001333,8.525115698704468,6.651989204359401
190,KELT-17b,18.136255558335222,13.05556284278244,9.958420786939882
191,KELT-10b,25.380923217185465,18.5686245306717,14.300946956372403
192,WASP-117b,28.441574399762164,20.782470583929417,15.994386182447494
193,HATS-51b,9.617316885149583,7.055092331035705,5.442362161991362
194,K2-333b,3.9696293389901904,2.906923952325762,2.240079653906518
195,WASP-126b,16.64232844083367,12.201001041171022,9.408517913947643
196,WASP-6b,21.961524620299016,16.18870926894227,12.52406176840847
197,LHS3844b,10.261533179483552,8.178358174379754,6.625700842365493
198,KELT-7b,27.354046430545555,19.812993246170333,15.168643394614255
199,K2-198b,6.404490538282344,4.740675463839693,3.6765878746939413
200,WASP-78b,16.539735297239798,12.075853436834521,9.289179684744976
201,HAT-P-45b,14.302426742276477,10.41241494615958,7.995911581373822
202,TrES-2b,7.039774055660289,5.157358177992909,3.975273678412873
203,CoRoT-2b,5.601666335055056,4.117579461733928,3.180148197174461
204,HAT-P-27b,7.542192423883632,5.572447525301797,4.316897702734038
205,G9-40b,4.8706218474222736,3.8152638751535077,3.059546112887401
206,WASP-41b,13.174500379825002,9.696349629890218,7.4944541288148825
207,TOI-640b,16.947786312930415,12.31949050795929,9.451804549873579
208,TOI-1259Ab,19.451992299776137,14.527266383600667,11.326055842853243
209,WASP-138b,3.2652241081539723,2.378810389282588,1.8275030682610967
210,WASP-74b,31.02117173848499,22.682011735405315,17.46298602218234
211,HAT-P-25b,9.329686550463924,6.869474423164235,5.31084413808208
212,HAT-P-62b,5.448990437381134,4.005103874550234,3.093165107906283
213,WASP-29b,22.56790906230199,16.844934216408678,13.12867576182147
214,WASP-82b,14.255049265037098,10.359749173684342,7.947161818890164
215,HAT-P-29b,5.5891965632661345,4.079943447858145,3.138075272799206
216,K2-31b,5.696929414736685,4.211793922828428,3.2640573824417847
217,HAT-P-37b,4.003563077809074,2.9487475617987697,2.280118916295987
218,XO-2Nb,12.798128872192677,9.45174300787142,7.320303676179591
219,HAT-P-32b,50.735324055427974,37.09106015562961,28.554053024893996
220,KPS-1b,3.7618664552105634,2.7870596529560556,2.162622316038472
221,XO-1b,14.157567196979533,10.386968890635893,8.01316598391489
222,WASP-190b,3.208178120463081,2.3336734567499944,1.7911914012163381
223,WASP-92b,8.831444918252638,6.43333468170261,4.94207286232396
224,HAT-P-19b,23.61939955116918,17.558890068239258,13.65249592785985
225,HAT-P-67b,82.22825346990068,59.809781416258645,45.90457457866832
226,K2-107b,5.01979407198173,3.668392016542473,2.823408366552267
227,HAT-P-1b,28.38228325962956,20.75532917497627,15.980914317520556
228,WASP-16b,8.123557584443287,5.964464812131411,4.603413514973576
229,K2-261b,9.65043595571646,7.1074948407041925,5.495709986639581
230,GJ3470b,29.223238933935214,22.579827488000877,17.961557730668204
231,HAT-P-15b,3.2661276028369577,2.4029654560038978,1.8568823227301847
232,K2-55b,5.478403135092541,4.14066848625049,3.251168651438512
233,WASP-166b,23.437960689389893,17.123564352593423,13.177207694527269
234,HIP65Ab,31.343476687654952,23.509754209711367,18.376227330155313
235,WASP-101b,34.782041415477885,25.306884681994312,19.42680534252257
236,WASP-5b,4.001804448285197,2.938198143943329,2.267720821822663
237,XO-3b,0.8809193935070323,0.6405766719077463,0.49157026936136455
238,K2-121b,6.8137242081308385,5.126057150568476,4.013835427063041
239,WASP-165b,4.909416734741827,3.6102001986828873,2.7889556232235733
240,K2-25b,3.6247308036803676,2.8602773497272196,2.3036888082176747
241,LTT3780c,5.035608654134907,3.947852620319688,3.1674583578043825
242,HAT-P-9b,9.492486119562068,6.909043419872742,5.304843745221968
243,HAT-P-28b,8.26064298634833,6.066956093172848,4.683361517829345
244,HAT-P-49b,6.582008185384872,4.765947098174529,3.64807421961143
245,K2-266d,4.667215764084901,3.529061977552762,2.7716451771227595
246,WASP-98b,8.278942880799706,6.100404941001836,4.718381976457956
247,WASP-85Ab,14.505811647955289,10.58921243971925,8.144846734401572
248,WASP-157b,5.366879146853355,3.932465504620846,3.0314400633405074
249,HAT-P-6b,10.117812337376984,7.3456245629302375,5.631578245152988
250,WASP-153b,16.265985104135513,11.905758807250777,9.171993480038184
251,HAT-P-31b,2.1754547129940462,1.5890528075794086,1.2226898952358476
252,TOI-216.02,9.46642252407793,7.03232816179811,5.465469167605277
253,WASP-47b,4.794782015078799,3.5271833052540282,2.72541148839485
254,HD63433b,11.625918763479266,8.537514361358692,6.5900221843679425
255,Kepler-435b,5.921713983032524,4.3201201521099515,3.321638760294654
256,WASP-56b,7.531972560308994,5.538641928595032,4.278677477661425
257,WASP-42b,13.411570241884501,9.929760572790574,7.7020246077972105
258,GJ1214b,62.40084869879812,50.01037734978935,40.64918397085348
259,TOI-150.01,2.7326515726037033,1.9912312495391444,1.529938458277249
260,TOI-451c,3.992512408884914,2.9382283025324596,2.270892501083781
261,TOI-2076d,9.294823059627419,6.883434242540013,5.339904733230367
262,TOI-1266c,5.241389404271694,4.063265072971478,3.2385162626927064
263,Qatar-10b,12.803349958046578,9.344969417195001,7.187155424924733
264,TOI-270d,12.258892570693178,9.53137140094554,7.609897161104445
265,WASP-72b,3.6745678835262017,2.6777527017055442,2.0574944112644626
266,WASP-91b,5.065827828211079,3.771427606818504,2.9348938239943254
267,Kepler-7b,8.433064124874674,6.170886738175879,4.753200061728725
268,WASP-28b,7.55460935090756,5.5121538344933905,4.238519422739144
269,WASP-131b,34.18497364850033,24.981878264254394,19.227509978599755
270,HAT-P-20b,1.7616888512722007,1.3212258398150303,1.032651840928959
271,WASP-35b,20.120995724039897,14.712038119905072,11.326866375114548
272,WASP-20b,46.67806372197571,34.15332660463134,26.30549911559436
273,WASP-158b,1.0257479811567827,0.7465839033521782,0.5732357881250879
274,LP714-47b,11.852672643750617,9.056634799292077,7.157024673640701
275,HIP67522b,9.051141329386239,6.648037359174963,5.132157287245028
276,TOI-1859b,2.5959967432135547,1.8896819205648245,1.451012515934503
277,EPIC246851721b,1.0345133332446097,0.7543267799780766,0.5798052347238786
278,WASP-26b,11.203038455188603,8.186579798852753,6.300669073549908
279,Qatar-9b,3.6231097175972056,2.737709097285784,2.1492697483347487
280,HATS-26b,11.26946742760039,8.231090577682227,6.333079796193863
281,KELT-9b,31.24116530446828,22.12641783742853,16.713389900851688
282,WASP-104b,6.538943749378139,4.818113441275389,3.72651545792673
283,KELT-23Ab,25.262388252998647,18.49447959589759,14.249607603083538
284,HATS-2b,4.214963534350567,3.1191550815675915,2.4186607843540924
285,WASP-69b,70.53962488259587,52.77103948653479,41.18415486376754
286,CoRoT-19b,2.924335448449162,2.1353696621755502,1.6427303973751544
287,Kepler-18d,7.244566976327642,5.349829876534678,4.143188376015959
288,HD209458b,92.19387206766878,67.31971451511336,51.788354940783464
289,GJ357b,12.724634594985021,9.89393208718149,7.899576256295705
290,WASP-43b,5.862882047985879,4.407475191766147,3.4496625862187655
291,HD189733b,60.842158795687034,45.17630008468571,35.10073083056416
292,WASP-173Ab,3.5395442432094653,2.59620186884372,2.002575568098149
293,WASP-172b,19.498780311449547,14.107469579252935,10.79332199545274
294,TOI-1333b,6.037657902663591,4.398501153076501,3.3790659602801876
295,TOI-4479b,5.990159635040321,4.680326972564674,3.7476437796682895
296,WASP-148b,5.5062080479830176,4.051884901045535,3.1314644012151196
297,AUMicb,73.47880678799395,56.71484533553662,45.0868719222735
298,WASP-12b,16.722374041084723,12.169823010680767,9.34346954203846
299,TOI-4515b,2.439554031355201,1.7988040062193384,1.3918430015335361
300,LHS1678b,7.324819246034974,5.699198673228011,4.552203707296729
301,LHS1678c,5.435341768349397,4.229058978006316,3.377937682448409
302,LHS1678d,4.4039922050289295,3.426600123326447,2.7369780699354154
303,TOI-1994b,0.2086226466054962,0.1498805936313394,0.11418870735399032
304,GJ806b,17.373134365536373,13.452654664293508,10.714812095655097
305,Kepler-91b,0.5836695267696622,0.43822503113649,0.3427357553564557
306,TOI-3688Ab,4.846426639700875,3.545536983913721,2.7306118820670457
307,LHS1478b,6.480402409346653,5.0680179298969845,4.0602732279521385
308,Kepler-1658b,0.17983344064277765,0.13110456655566355,0.10076161523318965
309,GJ9827b,8.2428548199816,6.235599144965411,4.898625390344642
310,GJ9827c,4.5965640497587295,3.4772334930579625,2.7316804498254847
311,GJ9827d,6.4419311612621,4.873226730102916,3.828359013786598
312,LTT1445Ab,22.181516704535643,17.38479421773432,13.945768974285636
313,KELT-4Ab,29.452920478450896,21.47484442541109,16.50591731786577
314,HAT-P-54b,7.599677075603999,5.729675036800253,4.492205324750429
315,MASCARA-4b,11.208694409786055,8.046457248307458,6.127485341416621
316,HATS-70b,0.26401121278987616,0.1893438477930978,0.14410420458085146
317,WASP-52b,26.165102538616058,19.44744946569794,15.119084542085801
318,WASP-7b,6.037669040622243,4.391884568649677,3.370954000332012
319,HAT-P-44b,15.711306742886796,11.61240790502099,8.997957664329618
320,KELT-14b,12.577987247355166,9.221039852476554,7.110467293118738
321,WASP-192b,1.590898057944119,1.1645101503735986,0.897148512787152
322,WASP-162b,0.512710317845468,0.3789164223227986,0.29359062493091936
323,TOI-169b,3.67931424252115,2.6943288116766104,2.076253541872683
324,GJ1132b,25.58781291288566,20.12338285100337,16.17531003317459
325,HD63433c,13.012148994774718,9.55549502582126,7.375791306166332
326,HATS-52b,2.982715085461237,2.1803084967148583,1.6783600804658019
327,HATS-57b,1.993173225577206,1.4659817702871791,1.1326290257541431
328,KELT-15b,12.416779500446161,9.077286981722807,6.987914972298323
329,HD202772Ab,24.667305678068175,17.970847047240692,13.805967161589452
330,HATS-10b,3.816377245580018,2.7946988191874063,2.1535988097141385
331,K2-198d,3.4479677173321552,2.5522242339125616,1.9793543648952596
332,HATS-64b,5.438476560166482,3.9490837247487742,3.0279147308883285
333,K2-260b,5.412826719503737,3.938895178821895,3.0239657269253217
334,WASP-180Ab,11.480800769186631,8.332418405369207,6.386854830465128
335,TOI-674b,29.379093594512618,22.834283082474162,18.227169612804595
336,TrES-3b,9.967156102393496,7.323654857747595,5.655009321848823
337,WASP-10b,4.476916695756596,3.3511587162892296,2.6162518623847224
338,TOI-1789b,13.579143312463884,9.928642291617477,7.644046154982536
339,KELT-1b,0.29812626505419604,0.2163804158714494,0.16586133384088017
340,WASP-107b,82.59808612343161,62.20710429485933,48.74103182545064
341,WASP-36b,4.431472708200476,3.241565663336727,2.4963235238072117
342,Kepler-18c,4.125480468994474,3.0465062632735562,2.359373966790661
343,HAT-P-68b,7.8771247369731965,5.920491452895668,4.6333172958674425
344,TOI-1807b,5.7756161872942515,4.317780859355206,3.368351222451348
345,HAT-P-17b,18.932076564867334,14.00525039184427,10.857743485846129
346,HATS-45b,4.569974752365773,3.3223351976030817,2.5491486819042475
347,TOI-1728b,11.55462380569958,8.819904533900562,6.9657561416817035
348,HAT-P-3b,6.983049171565205,5.171604808907346,4.012021705343354
349,WASP-95b,11.81883991092574,8.660995891865108,6.677002793242933
350,HATS-31b,7.396137485738431,5.403551865116097,4.158230363061121
351,KELT-19Ab,36.63398103265085,26.361239221153497,20.103015911424784
352,WASP-87b,6.024814221196988,4.379991888519796,3.3606634747230717
353,Kepler-447b,6.1212899719296505,4.509035669371207,3.486849059221937
354,Kepler-1656b,1.773100580984226,1.3012368061440793,1.0040252339293652
355,TOI-4010c,10.914460405673923,8.118893379318633,6.314946608179064
356,HATS-55b,3.9324103974949725,2.8669297088577,2.2034378490900197
357,Kepler-450b,4.829606436344498,3.521384133445946,2.7065935473006593
358,K2-155c,3.4907829955130225,2.6415647775764293,2.075576722100264
359,WASP-13b,24.45470828964349,17.89051586203396,13.778464421841631
360,WASP-58b,11.162136049498368,8.183304039804181,6.310364403213605
361,WASP-119b,8.640458859425854,6.34882586857514,4.902288565879974
362,HAT-P-52b,3.4968854145941415,2.592412168244862,2.0123539608033822
363,WASP-4b,9.751690716600931,7.1824206750674815,5.553806456062566
364,HATS-5b,12.926870245166336,9.552871483791511,7.401408911207931
365,Qatar-7b,5.249781401713935,3.819346467972104,2.9317736309531197
366,WASP-114b,3.30069081862605,2.415043867733767,1.8601097065074002
367,55Cnce,26.62099312970613,19.697531485883452,15.272735026518859
368,WASP-160Bb,17.14751216651069,12.673247674949504,9.819646074603428
369,WASP-142b,6.3019164044164,4.6065820866062035,3.546059419205134
370,HATS-29b,8.876123222838226,6.519985028969448,5.03353182123972
371,K2-140b,5.478425519121844,4.029517205999907,3.1132950941400557
372,WASP-50b,6.516514783646084,4.807633115302163,3.7211888112638865
373,TOI-431b,9.902652712681203,7.383363454800634,5.750748221045386
374,TOI-172b,0.3653842399054866,0.26849729629616775,0.20733149442813492
375,TOI-2076c,13.548091291662791,10.033262055644556,7.783420550394772
376,WASP-90b,14.389830108599874,10.46370730005066,8.029658463299505
377,TOI-269b,8.16459378854296,6.345758939813642,5.06541957547728
378,HAT-P-50b,3.614745433387984,2.633189401892593,2.0228100243975473
379,TrES-1b,12.626818313190956,9.343578325420838,7.2449781304563325
380,WASP-106b,1.9498338578732113,1.4244368992633991,1.0961130024286014
381,K2-266b,4.639013932071154,3.5077374838743434,2.754897403795367
382,TOI-201b,10.790280904938289,7.84955238929011,6.025110219691204
383,WASP-88b,20.033186794059144,14.567161224517257,11.178497120040165
384,HATS-39b,8.00636375298116,5.812565135050416,4.456188017650096
385,WASP-168b,23.799765511390305,17.39952310082873,13.394896009603144
386,HD2685b,15.474861891221018,11.207321282220134,8.579590418905642
387,K2-237b,9.901838105505513,7.206130955350884,5.532559104447904
388,HD149026b,22.149691756680987,16.159265382591848,12.42457320298873
389,HAT-P-39b,11.768405342815916,8.557512351864709,6.566879167253447
390,TOI-270c,16.23773857181174,12.624950920068741,10.079827353719862
391,HAT-P-30b,17.513086653082276,12.753824444098669,9.795756574700121
392,LP791-18b,5.072781737281654,4.062576542340665,3.30071273401032
393,HAT-P-12b,26.612020391138145,19.93197607876396,15.566348253773889
394,TOI-421c,15.616264043490233,11.536038599113093,8.935968474192395
395,TOI-700c,4.138731687951298,3.224476931258669,2.5775461618052247
396,TOI-451d,5.530752596755475,4.070272587738941,3.1458248118080423
397,NGTS-2b,18.27070647266314,13.278400181373694,10.18625321391343
398,WASP-89b,0.6229181044946845,0.46180846965448963,0.35848181648011707
399,WASP-161b,2.0576249295506277,1.4967450377556537,1.148814044092871
400,WASP-68b,9.473524471926476,6.934361053105341,5.342246338627228
401,TOI-904b,5.305472590868292,4.0803084223689305,3.236848306633492
402,KELT-8b,36.79845629146717,26.99628895616127,20.825914383726534
403,Qatar-5b,1.0008836693404184,0.7343500473005832,0.5665391456003138
404,HATS-13b,8.950841464791251,6.590102142457618,5.094662929541382
405,TOI-1518b,46.355340537246164,33.413429680457945,25.506967558853606
406,KOI-94d,3.7711385376670368,2.7504594641556728,2.114428299950718
407,WASP-8b,5.855396462797832,4.305770380563981,3.3262671587751593
408,WASP-3b,8.503470508702563,6.185542906685971,4.747661346648109
409,WASP-186b,1.123648699935072,0.8177333874915667,0.6278162776470799
410,WASP-175b,3.945643876573013,2.8760402028508287,2.210193945403193
411,WASP-164b,2.378705711124001,1.743750077612976,1.3445825950700405
412,HAT-P-38b,8.267649718518026,6.106937878020045,4.730268631106315
413,HD332231b,30.88463567994268,22.552465836157992,17.34964667902793
414,WASP-144b,4.13344329332895,3.0603502426421474,2.37376245927789
415,TOI-125c,5.280841822407697,3.901403945168956,3.0222369967061495
416,WASP-75b,6.8036292657684765,4.967408992675308,3.821109202918136
417,HAT-P-40b,19.69093289512672,14.380334161638098,11.063588624269679
418,WASP-66b,2.5249975405324734,1.8325669439985688,1.4046749057735726
419,WASP-17b,55.68214407464618,40.39050596763158,30.94958019859486
420,WASP-79b,22.206364197733727,16.11670836185385,12.353565512957811
421,WASP-14b,2.2839526367196563,1.6599398867834139,1.2734149126116658
422,HD219666b,6.4500545992756955,4.748577604980614,3.6708796047939285
423,WASP-120b,1.8810467947234226,1.3675060176673572,1.0492548027507427
424,HATS-7b,5.783804223332219,4.300173085906826,3.3436983824757647
425,HAT-P-34b,2.141147809413089,1.5567408474940991,1.1945158056311767
426,HATS-30b,7.995753229687947,5.85007719577271,4.50572253963167
427,TOI-561c,10.992140316456418,8.113468846596536,6.281750096892186
428,TOI-905b,14.28312444006417,10.50808988041675,8.119932570947189
429,WASP-34b,21.866758151182303,16.054974460681763,12.391335810135663
430,WASP-67b,18.920815455425206,14.008737524826048,10.865885471200274
431,WASP-11b,12.011207294139366,8.965296526624149,6.987410558836051
432,HAT-P-41b,22.828709960228277,16.607868544960446,12.74812028663565
433,HAT-P-43b,6.882530561301692,5.057527516411914,3.9053828569374027
434,HAT-P-23b,4.52827576181665,3.3148517881066533,2.55389604663753
435,TOI-2158b,4.597647220568429,3.3770618151695357,2.607074234655208
436,WASP-44b,4.6104371033937195,3.4002484926049807,2.6313193048468664
437,WASP-55b,14.583998082244527,10.676729160633679,8.226126760554457
438,WASP-156b,7.68186349592868,5.720225575099111,4.451986293569555
439,WASP-49b,22.329416051115285,16.419953603319602,12.684641212144697
440,TrES-4b,26.09384212414346,19.00479261802205,14.597850262129908
441,HD89345b,12.875746531069042,9.464931165473166,7.310294697251256
442,GJ1252b,10.481895139495434,8.167552351623822,6.529419441827536
443,WASP-23b,5.223709135410629,3.871192731882886,3.0043609316513518
444,HD108236d,5.631628608788024,4.132981485890949,3.1890079693881423
445,WASP-113b,13.830065731648096,10.12620698281258,7.802615643926915
446,L98-59c,16.357827312411516,12.771809525613975,10.222357966431584
447,HAT-P-18b,25.85112279864094,19.294280040091028,15.037066087204945
448,HAT-P-7b,7.163352721520749,5.208240367341072,3.9964058487564182
449,KELT-2Ab,10.062344290447852,7.325824962149141,5.625775105219764
450,HAT-P-46b,14.878602862469906,10.86022543867811,8.352785741593902
451,TOI-677b,6.888645668675648,5.0171715506427725,3.853760496510161
452,WASP-71b,4.238613166946259,3.096324261977119,2.3825657083351803
453,HATS-72b,18.445295929854776,13.813230565779921,10.786844857301245
454,WASP-118b,19.63403582876427,14.280402669552084,10.960039537757314
455,Kepler-6b,5.5287164377656115,4.062571478271808,3.1370281057762797
456,KELT-11b,121.3955503582371,89.59930406238604,69.36899425997538
457,HAT-P-65b,19.94102956647407,14.611990101402737,11.26430875644109
458,CoRoT-11b,2.21057616436433,1.6072564548722,1.2332943253394022
459,L98-59d,15.429030820797694,12.046626917166357,9.64193307051412
460,LP791-18c,9.944168056123992,7.963864004042727,6.470383279209614
461,HD108236e,6.642909615644057,4.8751479121085755,3.761663485968594
462,LTT3780b,7.226232229558731,5.65710556829527,4.53497214910326
463,K2-29b,9.243885485338376,6.841282371687229,5.305167848616651
464,WASP-45b,3.477862980801664,2.5773789360700317,2.0002560238905165
465,Kepler-105b,10.649743766574936,7.7470441068601525,5.946302931361365
466,HAT-P-11b,19.189087796458516,14.329319041376872,11.170987842722695
467,TOI-421b,4.858527588388829,3.589089018885635,2.7801559476662883
468,K2-19b,6.513461476292577,4.8062009643208805,3.720457338496757
469,TOI-1298b,4.97916438318922,3.645735237135497,2.8091968410810395
470,HAT-P-22b,7.322094409279407,5.411171219104357,4.192575398298784
471,HAT-P-42b,4.8631235875645435,3.568294013998148,2.7529781567163507
472,WASP-121b,32.10875226055042,23.340393695493695,17.90742460697675
473,TOI-824b,4.003762721435879,3.002363316937879,2.346436384512573
474,TOI-270b,10.231739265470056,7.955246075814042,6.3515103946341815
475,XO-7b,17.146202795328467,12.494881660785234,9.600643543409415
476,Qatar-1b,6.598822840236255,4.90334971030385,3.8114327202233227
477,HD97658b,14.629183395511115,10.847819742993952,8.421741684922514
478,TOI-942c,5.326985237305098,3.9618294595989725,3.0812082093899047
479,GJ3090b,14.598384070818856,11.325360017793185,9.030480454750677
480,TOI-2134c,38.80512038925215,29.113638210202705,22.759765217533733
481,TOI-3693b,7.387331134801972,5.457549447250951,4.227666689719574
482,TOI-1470c,4.118458374990016,3.1749225374686776,2.5221451239557027
483,TOI-1408b,16.369351890551812,11.920616522761149,9.155667404290561
484,HD260655b,12.547719598352199,9.638229040924655,7.64029210224078
485,HD63935b,10.037363695464725,7.388745155071005,5.711472789586478
486,TOI-1420b,72.24138415732288,53.199319931413406,41.13238362712161
487,HD260655c,11.850193278336706,9.102440973484457,7.215569124320608
488,HD109833b,5.201580671737753,3.809017131209223,2.9352092892874064
489,TOI-4010b,3.3708106449414785,2.5074306205669292,1.950301568552231
490,TOI-1272b,5.262650674716424,3.912703113402925,3.0424122029577116
491,HAT-P-64b,16.963631088299895,12.331432576421316,9.46116088705919
492,TOI-178e,5.935936256587512,4.484453449213966,3.5201615438651177
493,TOI-178g,9.30263210478116,7.027909132743466,5.516698019732664
494,TOI-1135b,13.401301815730049,9.781657734656697,7.523125154355757
495,TOI-2524b,3.353398177472238,2.4573774215649364,1.8944444556406788
496,TOI-178d,13.313519863037524,10.058035917201744,7.895256722701322
497,Kepler-109c,3.65808245347384,2.6763551302331217,2.0612917702895612
498,TOI-2207b,3.93208028513232,2.8708202861251753,2.2083208550450926
499,HAT-P-61b,2.138673430576817,1.5729973800522095,1.2153101260824966
500,TOI-277b,8.305137742436541,6.328774405280549,4.993324366835813
501,TOI-1820b,2.1082801721320665,1.5471479529376444,1.1937367866103765
502,TOI-1710b,12.241491704122266,8.992715500221264,6.942834702239158
503,TOI-2421b,7.187229773826471,5.284554414213109,4.082124883799805
504,WASP-182b,11.627575649622623,8.545279762446727,6.599022043332874
505,TOI-1136c,5.615781597604914,4.118908511801233,3.1770291500239143
506,TOI-1136d,10.980322368784048,8.053543835535738,6.211923244515892
507,NGTS-11b,4.404807120641591,3.270641480120707,2.541197619587965
508,HIP94235b,7.067695049205094,5.167676218969119,3.978585829923208
509,TOI-2025b,0.8091686472320615,0.5917510833335013,0.4556397476501068
510,TOI-2018b,6.345360696219246,4.813649720331721,3.787826320582788
511,GJ486b,26.01151510802001,20.383503910017225,16.34983350866798
512,Gaia-2b,15.794054870735309,11.592793448480338,8.945793766324824
513,TOI-2427b,8.751443101010278,6.660031570292303,5.250566504376398
514,TOI-139b,5.125587632469448,3.8464328451770675,3.0074110287946874
515,LHS475b,8.011342412940747,6.290682499168498,5.051856120042782
516,TOI-2583Ab,16.852425042125173,12.331234763058696,9.498048208796117
517,TOI-2796b,19.605957198311664,14.381307153083497,11.093286547882386
518,TOI-3976Ab,14.413338736257154,10.540869386254457,8.116447958989493
519,TOI-969b,5.617986506938509,4.230515064930215,3.314469346680649
520,TOI-2000c,7.167804194984381,5.269941220703253,4.070685210096062
521,TOI-2364b,9.178992422442038,6.782974177151553,5.25522715183957
522,TOI-2498b,5.850731442362934,4.282934300729955,3.2997460151574582
523,TOI-2587Ab,13.749192661511321,10.085864799512422,7.780190852927845
524,TOI-4145Ab,16.738721500023193,12.374873909167267,9.590181796500675
525,HD23472f,7.137347288845565,5.341475146191648,4.1695726478142845
526,HD207496b,11.283930623199979,8.418922172319364,6.559947570822721
527,HD23472c,5.512340797041596,4.1253465991141915,3.2202587996097094
528,TOI-1937Ab,2.7972086332509223,2.0503030191426816,1.5808525592760163
529,TOI-2803Ab,13.135640944067163,9.568759725512749,7.350699148305408
530,TOI-2842b,8.836084604978979,6.467862702249487,4.982896372670529
531,K2-415b,9.220498919638162,7.289612074807884,5.877633085724157
532,TOI-913b,4.384571969342068,3.2609300799675527,2.5361022313311663
533,TOI-2977b,4.008209150736725,2.9433016062465063,2.271843683726259
534,TOI-444b,5.459762919597886,4.040478927047318,3.1331434708628865
535,TOI-470b,4.614961247829028,3.4174946382700684,2.651073661103519
536,TOI-836b,6.696347944785357,5.0274355343657415,3.931840825879408
537,TOI-1416b,5.41627213462732,4.035396064478346,3.1417273297958848
538,TOI-2459b,6.054283474796021,4.589933978261723,3.610437502732254
539,TOI-3023b,14.559932261205189,10.680591354840534,8.238960249279533
540,TOI-3082b,6.6281045023335965,5.014931336391319,3.9400834512804557
541,TOI-3912b,11.703968538516264,8.5900376769984,6.628366512411845
542,TOI-4551b,1.204633022830716,0.8972836186267137,0.6984679367265844
543,TOI-858Bb,8.443789859869478,6.186651332199908,4.768973483832614
544,HD183579b,11.288831476430506,8.287716222827756,6.3961700274969004
545,HD1397b,25.508231989439096,18.781173375299076,14.519591433947365
546,NGTS-12b,12.307845309932455,9.038013989843632,6.976226992714837
547,TOI-2570b,7.243230305374976,5.3124865451443695,4.097633385950075
548,TOI-778b,6.478453253373099,4.6996705551780185,3.6013258372961494
549,TOI-1694b,13.436781520464185,9.960583453687114,7.731530191409319
550,TOI-2443b,10.88099724250247,8.210965968551646,6.441023081579691
551,TOI-1452b,4.456624636499376,3.52099367366843,2.837864917546359
552,TOI-1516b,5.092754219521051,3.6994464354491123,2.8371506925295784
553,TOI-1431b,9.217556496470955,6.622679081029683,5.045820411446623
554,HATS-38b,10.015966919944011,7.350372767871659,5.671445971105099
555,K2-36c,5.497396920111948,4.093067278738548,3.1853495003302665
556,TOI-4600b,5.420244578133956,4.015327541193555,3.1155246972096946
557,TOI-1181b,7.931449616413856,5.799304900371924,4.4649117368847335
558,HAT-P-58b,14.588043865571375,10.653961730942765,8.196811564628073
559,K2-329b,6.255418069575462,4.624524304692352,3.5838391686435562
560,TOI-5678b,5.859888002908516,4.317050397986039,3.3386469477534635
561,TOI-620b,9.558600649919487,7.3690229662174485,5.8540572183637964
562,TOI-5344b,6.548545238991974,5.036363316888272,3.9952904458960834
563,HD73583b,6.938310383738123,5.205228789744254,4.069101185692937
564,WASP-77Ab,14.843446799216101,10.912233967254345,8.428517973718208
565,LTT9779b,18.889239116711526,13.925635378756995,10.774029749198188
566,TOI-3364b,2.789006249324675,2.0475540259730085,1.5802307099434756
567,TOI-1634b,5.187161531964644,4.025225684045949,3.2100801805008805
568,TOI-4641b,15.59907394327055,11.326324080009444,8.68398452168472
569,TRAPPIST-1d,12.00280687928294,9.908323086495235,8.195704215276825
570,TRAPPIST-1h,9.334065549542512,7.705275783035596,6.373445906398347
571,TOI-244b,6.028324490400853,4.702775908382915,3.7621418349439293
572,TOI-544b,11.441446565752573,8.680903267635228,6.831551909509517
573,HD110067b,11.344046928050345,8.38887069831122,6.502179737786097
574,HD110067c,8.642917021676215,6.391397515448739,4.95394635531256
575,HD110067d,13.969787887155132,10.33059410027668,8.007201690644015
576,HD110067f,16.60889753455692,12.282203585951143,9.51988630698674
577,TOI-1442b,8.386967242172538,6.575605233166638,5.275924723881435
578,TOI-622b,16.461423088375412,11.974268472390225,9.190748886295028
579,K2-138f,12.707482300626292,9.382135931485436,7.265170016881621
580,TRAPPIST-1c,10.737906813631554,8.864147449191995,7.332010672239306
581,TOI-122b,5.547511636175351,4.333847013813733,3.4699151006928663
582,TOI-5126b,7.251839673370396,5.291240619595743,4.068650260847461
583,TOI-500b,5.256892053734119,3.958077658579543,3.100781645766306
584,TOI-1107b,2.2741919626071168,1.656029697886311,1.2718731003162091
585,K2-370b,6.9377638130231505,5.120430000055329,3.9642252515873615
586,HD28109d,6.556100574876171,4.785444634818541,3.680567584770564
587,HD110082b,4.0054457882680055,2.9206881578260337,2.2449893536280037
588,TOI-3714b,8.674030502907378,6.699951103270987,5.328579742306134
589,TOI-3629b,7.502140536278787,5.748485713182231,4.55027892992044
590,TOI-1194b,6.212517586773923,4.579798700443319,3.5432075958548435
591,TOI-5398b,32.41927962596859,23.7010740502592,18.246099067163772
592,TOI-5398c,7.227713423122042,5.284033853677891,4.067874939507207
593,TOI-1670c,6.076134012528676,4.432268663745935,3.4076350565215625
594,K2-3b,5.3302587056756225,4.08812877992902,3.2377997580875704
595,GJ367b,9.869310491510094,7.667988042448305,6.119588315418128
596,K2-174b,2.853145431685474,2.147376107982883,1.6818754666177176
597,TOI-628b,1.3559401625443435,0.9881086834405952,0.7592292195638574
598,TOI-712b,2.4488304457649663,1.8353640322490237,1.4339394554682572
599,WASP-193b,72.14126577021025,52.68631571306888,40.53513733583812
600,TOI-1064c,14.70724802406094,10.993955588835181,8.576048754052662
601,TOI-1842b,18.222037899416424,13.282157310928456,10.20706402875649
602,Kepler-1517b,6.924458543813657,4.988708191578721,3.807105496925905
603,TOI-1231b,10.660684987890441,8.271588177203153,6.596007106946326
604,Qatar-6b,14.658131293201775,10.883472492015082,8.455957789668595
605,TOI-559b,1.0811663935332305,0.7912301681874401,0.6094947767782223
606,Kepler-63b,7.148311192954876,5.258508900145813,4.063185643608562
607,K2-399b,5.404073589413348,3.9683706996095136,3.063090500061675
608,MASCARA-1b,9.982346391353428,7.183734901826574,5.478569878205841
609,HD152843b,7.457767434507379,5.430690832728008,4.170939249956613
610,WASP-189b,33.6684854146787,24.134146852658866,18.362224641534826
611,K2-403b,3.2598985871625374,2.400584721454296,1.856054111222901
612,TOI-2193Ab,17.126123518037307,12.5263408761541,9.645961532649673
613,TOI-1260b,3.7136242521056224,2.8127378530031746,2.2112557097362453
614,TOI-1260d,4.141805589036575,3.1370468763655475,2.466213767368011
615,GPX-1b,0.32055858803465653,0.2316994336184824,0.17716490211669264
616,WASP-184b,6.635399176698103,4.851004990066989,3.7345108258121362
617,NGTS-9b,0.6067440013072716,0.4417201655038113,0.33920616930282643
618,WASP-171b,1.324047955082919,0.968444648687225,0.7457609430635435
619,TOI-4137b,4.142894132824109,3.0208368423844667,2.321934022430134
620,TOI-1468c,7.0538263143558035,5.486861466498437,4.381900162094701
621,TOI-2567b,8.79052756413814,6.4630062850204135,4.9922500072362626
622,TOI-1899b,8.322171082039905,6.38352256267658,5.056078890588262
623,TOI-1468b,7.013776594122791,5.455708549358511,4.35702091673765
624,TOI-2236b,3.9425602654792646,2.873116564827664,2.2076378231050917
625,TOI-3331Ab,3.6835520219790605,2.7083204173147295,2.0920394556167965
626,TOI-3540Ab,28.9974347348957,21.25582267853577,16.389518224272674
627,TOI-1288b,6.254952486974702,4.628956254233263,3.589471527193297
628,NGTS-24b,4.566056374958726,3.3465460910601728,2.5801665340718416
629,TOI-1136f,7.014304463803653,5.144658469739662,3.9682187352427123
630,CoRoT-36b,6.050819022730337,4.385394031194352,3.3586441363011335
631,HATS-61b,0.6501808880061817,0.47855213145500386,0.36989071841258
632,TOI-3362b,0.5042733159467886,0.36626176353578555,0.28086808917019856
633,TOI-2134b,14.805560789178987,11.107908853046782,8.683675867913761
634,HD3167c,8.250235600285533,6.098822836878434,4.726166680767061
635,HD3167b,5.48119835815544,4.050856789154464,3.1386699181392523
636,TOI-2046b,6.536970959260112,4.763659891984856,3.6602347926605865
637,TOI-954b,15.71966293516027,11.539923751870758,8.905791236991638
638,TOI-181b,14.38683566259456,10.694444823425856,8.314810417842624
639,TOI-1811b,6.1173259145386325,4.56950520981021,3.563000902156507
640,TOI-2145b,0.8451183150835098,0.6164214309471151,0.4738946352705779
641,TOI-2152Ab,3.1080301868809173,2.254978066223075,1.7281192873694529
642,TOI-1246b,4.699510384199725,3.482652971008073,2.702792089396358
643,HD15906c,4.74500869620727,3.5451342607297085,2.7645956319754883
644,TOI-2497b,0.8611155565821875,0.6203777770906092,0.47343304346133747
645,TOI-2445b,7.981026896268008,6.256394530150167,5.019360462237673
646,TOI-1422b,9.579963694677538,7.019311625914047,5.41092091486418
647,TOI-2154b,11.229649458995125,8.180325416354435,6.2841071147949075
648,HAT-P-60b,32.70449172439121,23.843854596008182,18.32595803658482
649,TOI-1386b,6.071569001213783,4.4517070714683005,3.433038340222936
650,K2-39b,3.1770949562125628,2.367247452223689,1.8430725647335913
651,Kepler-444e,9.385556729919843,6.969481414749405,5.415347675079838
652,Kepler-102e,4.734474702528073,3.5262248726749377,2.7447636655425516
653,TOI-615b,37.0468640792362,26.817005574738282,20.523241137537312
654,K2-24c,32.19117429198374,23.620122429827532,18.223184763696683
655,Wolf503b,3.9999062843638034,2.9912427941211504,2.3339474338051462
656,K2-79b,5.680589782828342,4.157169233812938,3.202294513965191
657,K2-99b,3.2902444235672763,2.405755761157125,1.8522025171291883
658,K2-32d,6.213395934863672,4.594364389044146,3.5608831388577515
659,TOI-942b,4.965433349056142,3.6929331029867662,2.872081171005867
660,HD221416b,11.168937280780362,8.288233150522517,6.437477616221116
661,K2-32b,12.553573109181274,9.282474487818087,7.194424318926408
662,K2-129b,4.459121941373163,3.474398349645699,2.7774698812882677
663,TOI-2136b,10.449771725330129,8.175460340783653,6.551325448833766
664,HD15337c,5.009372250358537,3.7136926257004195,2.8827453273351082
665,WASP-187b,13.672061503445166,9.975698641861765,7.67072068713584
666,TOI-4406b,7.568663670278278,5.517601375131106,4.240508555955793
667,TOI-2338b,0.3248974409237657,0.2389852137784373,0.18465226306017105
668,K2-353b,3.9269202370574106,2.8833039673340526,2.225393127081395
669,TOI-1411b,6.632799758950178,5.018049578018087,3.942331727741786
670,NGTS-13b,0.5140602651767667,0.3767695934037035,0.29048954176926367
671,K2-280b,5.8272482896393285,4.291947910428167,3.31874852398509
672,HD93963Ac,5.052667510087585,3.694551691450318,2.8445212857321556
673,HATS-37Ab,10.975534244539903,8.107698590828164,6.280265352943864
674,K2-33b,4.10271520855934,3.185088560964432,2.5407332041911985
675,TOI-251b,4.229657456912017,3.0975589181626395,2.387083474558823
676,TOI-1268b,15.736155031548503,11.629739753878779,9.0109120665573
677,K2-139b,6.3237886917788595,4.670278456145659,3.6170954418495858
678,Gaia-1b,3.710101601708624,2.7339536026890876,2.1146494035241
679,HATS-12b,1.6057450864207372,1.1679321407436165,0.8963865212755391
680,K2-52b,5.597790330122835,4.040492267684817,3.0869426688264077
681,K2-406b,8.32968507984144,6.108172848157868,4.71082897688316
682,K2-24b,9.085749203226673,6.666625659579104,5.1433751669084105
683,K2-32c,4.080891388770894,3.0175289437011035,2.3387496129526646
684,TOI-1601b,5.709496820747582,4.177054625488997,3.21703077868349
685,WASP-185b,6.329771848313615,4.633932292909843,3.570317638275718
686,K2-287b,8.746993613613474,6.4226887504175565,4.957296648800256
687,Kepler-470b,107.10436290419243,79.13680994913162,61.30811415697731
688,K2-289b,4.244662554461009,3.124850684205853,2.4156139376941486
689,HATS-9b,2.5253765647989614,1.8642125247120667,1.4434315511001068
690,WASP-163b,4.332430970773312,3.1909688978150075,2.4674165532100827
691,TOI-540b,22.8925833355151,18.05568698685637,14.53797484826833
692,TOI-1693b,5.633450663720227,4.3814218826390805,3.4987986650440264
693,NGTS-8b,3.463019762711158,2.5620469776417307,1.986365748574843
694,K2-405b,7.434234462614465,5.533857812726929,4.306028774463571
695,TOI-532b,3.678786880168449,2.813193338740212,2.224173045196318
696,GJ3929b,6.5351146365007295,5.110061691142324,4.0936052064792365
