,Planet Name,Full Phase Curve SNR 1.95-2.6um,Full Phase Curve SNR 2.6-3.25um,Full Phase Curve SNR 3.25-3.9um
0,TOI-5704b,0.8061351827920451,1.6374049671677497,2.3688468481915708
1,TOI-672b,0.36588168196607185,1.2405360604340319,2.5154181898189663
2,TOI-199b,0.0005965245278911086,0.010244401601440632,0.06303361459524978
3,WASP-176b,21.3087564548926,24.431262661680837,24.657212113055444
4,TOI-1801b,0.00770817338760747,0.0506312205123001,0.16070338365527
5,TOI-836c,0.1653954277485322,0.6026035321378835,1.2831645006034171
6,TOI-3807b,32.43083377509899,38.34223099057014,39.428685552035404
7,TOI-4087b,18.705466659804216,24.445039068640718,26.743058130353482
8,TOI-2818b,20.671911688835454,28.25050720482544,31.773986746616107
9,TOI-3235b,0.7383862785547697,3.074281167980687,7.1536174156905
10,TOI-4463Ab,28.850599595433575,38.98582756138842,43.54003506838687
11,TOI-3785b,0.09774696226916897,0.4321140891489597,1.0472996464957214
12,WASP-124b,12.954231523822138,17.625577745069695,19.771968148865973
13,WASP-25b,15.530237261787681,23.876639943984806,28.91516553624359
14,LHS1140c,0.0006044460950363038,0.0067625864077346665,0.030876666688811727
15,TOI-1199b,13.772806866649235,17.638972454617377,19.054617489070353
16,TOI-1273b,12.4784176930011,19.414255492366436,23.687983460432946
17,TOI-5803b,0.07541740325772936,0.2602851442745237,0.5346583617945458
18,TOI-3819b,12.161974976183531,14.472216583909736,14.942045641074504
19,TOI-4791b,14.813282219191748,19.17928302332023,20.861548472811975
20,TOI-4377b,18.720246221506915,20.01503328022802,19.35075471749334
21,Wolf327b,1.0148275521677308,1.6822827352727139,2.134608111694416
22,HD118203b,29.90523124507535,41.45360223694004,47.04170716129114
23,TOI-1470b,0.14147813433393294,0.4221999651651005,0.7861308189460535
24,V1298Taub,0.609507156726112,2.1625018664389644,4.524712111789829
25,TOI-2109b,104.3405709446979,89.6835604667055,76.08196547197055
26,K2-138g,0.0025868234164765995,0.016988079440847906,0.05399418379342177
27,K2-141c,0.8874836520288556,2.878653480536999,5.6704205805708865
28,TRAPPIST-1b,0.000969475341593588,0.010670069768611857,0.04811605713776284
29,TRAPPIST-1e,2.5008818967201776e-07,1.4623925371744879e-05,0.00020771749212845656
30,TRAPPIST-1f,1.402064180766921e-08,1.565863376663689e-06,3.4581907907111985e-05
31,TRAPPIST-1g,1.3276142329953587e-09,2.48760305351756e-07,7.806110560114198e-06
32,GJ3473b,0.14537438748808018,0.390575479765366,0.6781046182763335
33,TOI-2202b,0.6857170200188376,2.171145670364447,4.209797038322141
34,TOI-833b,0.6148443718140124,1.0038179607503133,1.2617121856402311
35,HD28109c,0.06377208390080125,0.24774120792957113,0.5513486085090548
36,TOI-2641b,24.755082087373644,33.884637600632125,38.15420834798951
37,TOI-1685b,1.1493315761316152,1.9490457261885523,2.509005355564845
38,K2-87b,1.1851739992158081,2.107649169002601,2.800165611784291
39,WASP-178b,101.11987001184943,97.67688099540347,88.91740291068778
40,HIP29442b,0.35776417515044256,0.9941374487810968,1.7673092545815747
41,HD152843c,1.340567895093689,3.081078155486646,4.835133505189798
42,K2-26b,0.0007101133212460831,0.0068514447274483576,0.02830007744171642
43,TOI-1246d,0.038204153197827675,0.14867746831307654,0.3310931029294018
44,WASP-62b,38.629835769145814,51.43799065417811,56.935825040693324
45,WASP-80b,8.613271321676125,21.06834724496554,34.40453961017456
46,WASP-22b,15.459623117218346,20.614209659851763,22.8354448120972
47,WASP-60b,5.239741600178648,7.476629007721504,8.639746961767766
48,TOI-1296b,20.567727731726606,25.2491095369605,26.57036201230715
49,HAT-P-59b,12.866999422043696,18.896646378150944,22.232791851255232
50,XO-5b,10.750182907653574,16.377178095835866,19.716403264218204
51,WASP-99b,24.936317158603902,32.3905577079261,35.3035195513876
52,HATS-56b,32.52553299981157,35.10916611421218,34.16215593219677
53,WASP-70Ab,21.359520636202213,28.914555313378564,32.32965886480021
54,K2-417b,0.02137449662880223,0.1035032072247178,0.2669165694558698
55,TOI-1759b,0.003877479807955498,0.03340645839769509,0.12770092310355363
56,WASP-150b,7.891602829505503,10.296117292508479,11.2531876886811
57,Qatar-4b,14.741061495125058,19.919012026944735,22.241518161020835
58,TOI-1201b,0.18681440858987763,0.580639700529085,1.1105919425366801
59,HAT-P-35b,16.9397660168448,20.717621847187498,21.755596074193157
60,TOI-561b,2.555964406591549,2.4585491035514093,2.2302678573741748
61,WASP-53b,7.973564784713794,14.260685928969705,19.009031043499018
62,KELT-20b,250.6185691759879,249.3643235255568,231.09476749507132
63,KELT-6b,16.717799823784922,24.00325654166699,27.847545807148766
64,piMenc,3.6507620668986625,5.899605145085659,7.374455683898484
65,HATS-24b,47.49239294362595,48.51626764133122,45.654368939602215
66,HD191939d,0.021742155597915334,0.11810158913372372,0.3297558692265048
67,WASP-147b,9.91338818861502,13.325293659950574,14.833352469664968
68,WASP-97b,41.02154110042932,50.98109257889912,54.05768389656999
69,WASP-15b,36.37901263762088,43.51424411182928,45.07727021595778
70,HATS-58Ab,18.59623156052496,21.590239791532543,21.966606843884414
71,WASP-139b,2.199651010043962,4.712965812229336,7.061681810051218
72,HAT-P-2b,40.619129738607306,52.4585440562291,56.975414480132116
73,TOI-163b,29.042887330751636,34.210167045314655,35.109068294692214
74,TOI-1478b,5.134403289629368,11.030645859569498,16.558979378591875
75,WASP-136b,37.17833255064227,42.34956098778673,42.57630635706707
76,HATS-4b,7.844360916447486,11.10591800109484,12.768350028640613
77,L98-59b,0.03494700680425503,0.14303431520898732,0.32902168463026293
78,TOI-2076b,0.8225405605575508,1.9084775708036834,3.012167843832829
79,HAT-P-69b,61.41421078201233,66.05535630040127,64.15018508450224
80,EPIC211945201b,0.8788282721503312,1.9957113936247257,3.1069702654394744
81,K2-34b,30.561595214258094,34.8425793769201,35.04604554764291
82,WASP-61b,14.205362841124282,17.6111958262849,18.650146936741358
83,KELT-21b,48.62024649524429,50.564423293828625,48.11684208863076
84,HAT-P-16b,40.01745423272032,47.903465801464215,49.64532644392207
85,WASP-174b,22.76327507474278,28.68054582333167,30.678507391272433
86,WASP-130b,1.9003982254981824,4.689588321382412,7.70898507198583
87,KOI-12b,6.970646148277317,12.371956927834976,16.422638286569956
88,WASP-37b,11.326448855580788,16.07296939925519,18.508681601742687
89,HD191939c,0.05952076950058951,0.2629192619116696,0.6379109819407722
90,WASP-83b,6.558408766235217,11.018325143819622,14.114666083509249
91,WASP-46b,24.469801440947943,28.943869346186265,29.77068596865236
92,XO-4b,31.493214441545778,37.701324925025716,39.07669473888574
93,WASP-170b,16.096811634938,21.303663675878866,23.485930696571536
94,HD191939b,0.9731073545612713,2.212272667780627,3.445617184431834
95,HD86226c,2.5275227563558915,3.6299705656652064,4.21167361116779
96,TOI-481b,8.672561263006955,14.281039657970828,18.06389091678145
97,WASP-169b,12.236839605770141,14.823803692825598,15.475460578644608
98,Kepler-138b,0.00035540157763208396,0.002305858650232919,0.007257187747033598
99,TOI-4010d,0.12777609303932194,0.47906931687927734,1.0402676712292258
100,WASP-33b,319.03212593915106,286.70568133321535,249.8526024821469
101,HATS-1b,21.352000003294467,29.38666108251273,33.199634332590904
102,HD106315c,0.78690539340802,1.7906996927327308,2.7919399857045466
103,XO-6b,60.28363122723002,74.31140388991572,78.43098062245733
104,HAT-P-26b,2.4165599765505656,4.655937651144743,6.511060766366082
105,TOI-125b,0.695854467445064,1.274935358563463,1.7262775362176586
106,TOI-431d,0.18347922825366442,0.7071925875897811,1.5643465516314166
107,KELT-18b,63.348581138467004,64.84718519972688,61.10404146249868
108,TOI-892b,6.898519045456803,11.111158330722986,13.860843839281483
109,DSTucAb,2.403081367113672,5.758413933063709,9.28402050112688
110,WASP-105b,2.4015343355626784,5.767036262352109,9.309347173172217
111,TOI-776b,0.010426651240047272,0.0618315586506032,0.1829849438895022
112,HATS-42b,16.82638731612602,18.38838142194491,18.024112337182796
113,WASP-177b,26.17862826810708,42.55696926951839,53.37476734583182
114,HAT-P-13b,32.72591394534163,38.58159813735194,39.60406898619156
115,WASP-103b,75.37682141380871,69.87633086426126,62.01621612495991
116,HATS-27b,14.287394812034268,16.922767219725415,17.42614180603028
117,WASP-141b,12.62205296845688,15.742543525029745,16.73101047073285
118,K2-238b,14.254052446954415,17.207775200487966,17.92273254240939
119,TOI-257b,5.216908933351976,9.762851171324568,13.40451577905495
120,WASP-181b,7.027661613063108,11.161381077781257,13.797941994786655
121,WASP-135b,37.56378672559444,42.94023782050756,43.254149129080524
122,WASP-81b,27.521821341370803,32.94874802652244,34.14533612904447
123,WASP-19b,75.17069785493756,75.37774831752931,70.12165302628779
124,HAT-P-4b,27.269822529232755,31.677055494199664,32.22565109807301
125,WASP-32b,25.74857634141017,31.7983413343924,33.59197273869552
126,WASP-73b,24.471747500300467,27.399040962671602,27.255135540724346
127,LTT1445Ac,0.020560516325833427,0.12160900612555765,0.3590539766018453
128,WASP-64b,25.058254485371783,29.442829529234213,30.1577581130226
129,HD110113b,1.2316541142881905,1.6039235494341553,1.7506635860883568
130,K2-30b,8.807759990794997,14.146700116575806,17.611793261931908
131,WASP-21b,15.499024320915801,21.40673739281638,24.23818700651115
132,HAT-P-21b,10.367833356545711,15.2631865492992,17.984513624934866
133,KOI-13b,51.30115813747374,47.86803567875952,42.66821435013903
134,WASP-123b,38.217117117844644,48.10601136256955,51.414736792362994
135,KELT-12b,47.513217720192124,53.0155136500508,52.63200337235922
136,HATS-60b,11.864826914171658,14.840247004801514,15.7984665651846
137,WASP-133b,16.487317274879782,18.44102052615009,18.330618579864538
138,HATS-65b,24.732675058353117,29.553604168013887,30.59582401639226
139,HATS-40b,14.43420457658531,14.702706514124545,13.81171964549371
140,HATS-33b,21.434863850266794,28.378778702141485,31.293631125239237
141,HATS-68b,14.166184846566216,16.144109550329514,16.234517494664633
142,HAT-P-57b,59.77639933541568,65.41165896661155,64.17342798011246
143,WASP-54b,65.96848054028041,73.96316280978645,73.63931638009501
144,HATS-25b,9.322035072704523,13.67855424485788,16.08489561780381
145,TOI-776c,0.0011197729458336677,0.0114213747517895,0.049006438063723456
146,HAT-P-5b,24.941969400105584,31.092274420082017,33.034812043035885
147,Qatar-8b,23.44752160513244,30.56080376888047,33.37460361742913
148,WASP-18b,155.39533214458103,144.67595124063553,128.7464736350495
149,TrES-5b,18.87950297899854,24.01816848814489,25.832923338516473
150,WASP-2b,23.71686181208929,33.63042078052302,38.69861382019052
151,HAT-P-55b,8.524086569163808,12.207402676389604,14.138163900394986
152,HAT-P-36b,44.897534168729976,49.258486184074734,48.38897229346321
153,WASP-65b,20.688610584500076,26.453313292138755,28.54653586910735
154,WASP-159b,16.41917669303853,17.97263395800852,17.63445553912767
155,WASP-93b,52.90364259335479,56.47110295916148,54.57895605612022
156,WASP-140b,55.17435156981466,78.1929606364932,89.94826893736585
157,KELT-16b,54.11451950045539,50.759179638629405,45.37044172692137
158,Kepler-5b,12.395530741496804,14.091311435386656,14.149558219500838
159,WASP-129b,4.4287921976632445,7.8243646933409545,10.35219811748956
160,WASP-145Ab,21.683957404021424,33.34907118206294,40.38055525866668
161,WASP-167b,60.320875354262355,57.993870658439086,52.62333350938079
162,K2-232b,8.732160423744137,16.873453261567757,23.64951286231281
163,TOI-157b,23.638714593128732,28.518075987375212,29.688006967116028
164,WASP-76b,154.38216482946663,153.46859751109767,142.0537393822128
165,Qatar-2b,23.470814284989714,33.719239035722204,39.10998690555707
166,LP791-18d,0.0007442308862224189,0.006803198961999613,0.02703550013393803
167,HATS-22b,2.0279820022538275,4.756713751921065,7.559653636618918
168,HAT-P-51b,8.120418215775334,12.767968455713985,15.681442171693133
169,TOI-837b,5.0690752657013105,9.469980394854582,12.987847845058715
170,HAT-P-56b,46.88736991473351,51.68657999577136,50.93984899799567
171,WASP-57b,5.958337336105119,8.854637908570737,10.495378788323523
172,KELT-24b,64.45315109910639,84.37641286952046,92.42245945099829
173,HATS-35b,35.43000087965534,36.6701042065357,34.78035070458542
174,WASP-94Ab,45.92506218901928,58.561500433894615,63.102343273542125
175,HAT-P-24b,20.882494096838236,24.9348259042024,25.80350566191196
176,WASP-31b,31.30920380403739,38.62268681095365,40.77631227851545
177,WASP-183b,11.595926946554798,19.63993964215567,25.287265692299744
178,HAT-P-66b,18.495219890908757,19.865524682770065,19.26794728863121
179,WASP-63b,25.969433140314564,32.4011143767699,34.43829196904707
180,HAT-P-33b,48.69774961546283,54.8691193646444,54.79995406366485
181,WASP-48b,43.01183686611192,44.336783352280506,41.943071119632414
182,HD219134b,3.6491945656804203,6.738671863676265,9.167682162973158
183,HATS-3b,25.70641835719661,30.5764057036101,31.566360252355434
184,HAT-P-8b,57.14963627161939,66.19664351822085,67.23384478719774
185,WASP-96b,11.264225209459317,16.387775012594545,19.166223158469133
186,WASP-24b,36.18926500504256,40.795265114678415,40.750652204277884
187,TOI-216.01,0.03182127782184663,0.21845379943368734,0.7155258568916739
188,KELT-3b,57.79427106156128,64.1216832513438,63.43828371300802
189,WASP-132b,1.5605781321533283,4.405335486585037,7.911191129401732
190,KELT-17b,91.96779128228468,94.59028840202132,89.40604441295777
191,KELT-10b,35.96026977399617,49.30589886875512,55.57432153079946
192,WASP-117b,7.629780489763196,14.341709989481638,19.747248894020274
193,HATS-51b,22.606076130116538,28.012269935700335,29.650431461617853
194,K2-333b,0.40421283069123765,0.9489941915838607,1.509917910706098
195,WASP-126b,17.953201190957003,22.980460856332886,24.817390611331906
196,WASP-6b,14.288776249639474,22.62051971501063,27.902575844323472
197,LHS3844b,0.5596009187893414,1.3666803268893641,2.2276599560210166
198,KELT-7b,140.67939718822709,145.53653461145583,138.01979008888625
199,K2-198b,0.28206545075919087,0.8687546822527039,1.6537833055046147
200,WASP-78b,52.427816217816336,50.06907241019762,45.23742870096445
201,HAT-P-45b,38.24251594135222,45.39376835897649,46.80386867329641
202,TrES-2b,28.55106936018827,37.21819240750475,40.65049225725842
203,CoRoT-2b,52.80749337496805,65.32986181767332,69.07734699745038
204,HAT-P-27b,11.457000871238028,18.006789635244576,22.108700649753107
205,G9-40b,0.004760279089847685,0.03710445061245926,0.13229424375017138
206,WASP-41b,20.999055497161905,31.62137150204957,37.79290218657617
207,TOI-640b,49.433759077070114,56.37138769227894,56.71505349332749
208,TOI-1259Ab,8.248845293153792,16.518686736186286,23.68113106988816
209,WASP-138b,14.54300255729292,17.765011696093627,18.64244693019202
210,WASP-74b,98.81765885454966,105.38341686705566,101.77057596254029
211,HAT-P-25b,9.213325280055813,14.599472092855846,18.01993147891102
212,HAT-P-62b,14.96991562519572,18.867614770015372,20.180401561346745
213,WASP-29b,6.481619791935647,12.796878188233634,18.17805237310612
214,WASP-82b,79.469149928043,79.28396318874218,73.55202520462147
215,HAT-P-29b,9.574887700173418,14.160920201378351,16.7374950713644
216,K2-31b,49.778963130071766,62.29449879247978,66.326708253818
217,HAT-P-37b,10.376647005661088,15.183186090827714,17.821098732018214
218,XO-2Nb,20.363719608657735,28.677598952085035,32.85981447878868
219,HAT-P-32b,95.93027939057436,105.25510562649471,103.41887280875122
220,KPS-1b,16.78787361537044,21.786352503845585,23.7228524306658
221,XO-1b,19.89775591729837,30.974874597831636,37.80782008529723
222,WASP-190b,10.33251422662385,13.103729486436857,14.0732669655037
223,WASP-92b,27.837245970147382,30.19872356902798,29.470847751080072
224,HAT-P-19b,7.138466241469186,13.482945272434192,18.614178679268605
225,HAT-P-67b,75.23115873550181,80.25942039581753,77.53655721776954
226,K2-107b,17.402706937752615,19.58001065176906,19.535373984884405
227,HAT-P-1b,33.07114285152747,47.080893185351464,54.32830257129896
228,WASP-16b,19.929046936306808,28.618040821048996,33.19936576977094
229,K2-261b,3.325224061267812,6.163607896677695,8.408839168681038
230,GJ3470b,0.6265036019003907,2.0261100342802436,3.9800516750706705
231,HAT-P-15b,3.6091842070953013,8.00999911898532,12.281975238348902
232,K2-55b,0.7781362817673332,1.5907656868548121,2.3106504373029715
233,WASP-166b,9.186264425837992,13.582856136065342,16.05141799235106
234,HIP65Ab,256.5755910960212,338.1255037117984,371.6067987843091
235,WASP-101b,47.622285061136964,59.25903402934958,62.901256071359526
236,WASP-5b,27.46848757397861,31.418983424192913,31.66066806244398
237,XO-3b,42.22540780455914,48.89444548363879,49.654895599970544
238,K2-121b,1.5883556995115102,3.894785979692227,6.371864927194496
239,WASP-165b,12.342152831188091,14.682610828943204,15.15518256652141
240,K2-25b,0.017622466657535224,0.1147999352761784,0.36195252685987755
241,LTT3780c,0.00021140141433595224,0.0034907156151880417,0.020849110661047048
242,HAT-P-9b,19.887021151048113,24.87212497919501,26.483186219663875
243,HAT-P-28b,12.93474322236422,17.65693676105344,19.84492616785076
244,HAT-P-49b,49.511334885961816,50.19386635279728,47.022569413391444
245,K2-266d,0.013310787020100377,0.07247031123468864,0.20247911435968494
246,WASP-98b,10.866737328880859,17.398287688631903,21.615168040007074
247,WASP-85Ab,47.16792471797624,62.017451646790775,68.10578089026956
248,WASP-157b,9.34687589502154,13.49552145517793,15.710468516329644
249,HAT-P-6b,36.73355073169458,43.250244985374934,44.375888464089165
250,WASP-153b,21.199583876292486,24.38479861093917,24.658772018694695
251,HAT-P-31b,14.171685093392005,18.543293070101093,20.30228905506576
252,TOI-216.02,0.13162033150803945,0.5417681139172625,1.2529006975225836
253,WASP-47b,12.907371928818176,19.022254262109463,22.42884664131888
254,HD63433b,1.5604945934070336,3.0914530397765287,4.402925592075455
255,Kepler-435b,12.979881905389579,14.869156816139109,15.000015586717607
256,WASP-56b,8.544228662181695,13.141309857726261,15.917433042983703
257,WASP-42b,6.846049985186385,13.234760925251242,18.549503006308846
258,GJ1214b,0.13091746348255567,0.6607660650283024,1.7503003398771007
259,TOI-150.01,16.042530343105746,21.65305176759377,24.17053319915256
260,TOI-451c,0.3514808683521912,0.8097264366674308,1.2722670100457212
261,TOI-2076d,0.22247585715518617,0.8410376649608982,1.8367085441934765
262,TOI-1266c,5.232743964332051e-05,0.0009188294615417561,0.005727941463291889
263,Qatar-10b,35.35314794805256,37.39022403445192,35.92862115664378
264,TOI-270d,0.0007183461262406927,0.008871649826096312,0.043402577289673734
265,WASP-72b,32.47401006015229,32.125213638626356,29.648712496892664
266,WASP-91b,13.19660950851874,21.492585135233252,26.98634994270804
267,Kepler-7b,13.162984425013281,15.694939885594836,16.22496108591162
268,WASP-28b,18.79329071346493,24.46556764073918,26.702632280079396
269,WASP-131b,29.141917631643047,37.99401401845005,41.504464523613876
270,HAT-P-20b,13.704542451013868,27.274215157827605,38.939737886911544
271,WASP-35b,35.556355940851844,46.597881494850796,51.06655039196044
272,WASP-20b,32.802422917774486,44.92206728796583,50.59505315498002
273,WASP-158b,10.73384827538059,13.116901677332653,13.768341405938392
274,LP714-47b,0.5316596543002361,1.658714261359277,3.181997282837778
275,HIP67522b,11.696985640361865,18.728550008765556,23.270544292166562
276,TOI-1859b,0.1563106181291503,0.6591168333032962,1.5505459090818634
277,EPIC246851721b,9.862123356886025,13.336383022389134,14.904197065739659
278,WASP-26b,37.16579130378381,43.343706809755986,44.20431661632693
279,Qatar-9b,8.98874482468776,14.572770677428444,18.239150782187107
280,HATS-26b,24.32212495283395,25.96001375444417,25.08358061640229
281,KELT-9b,337.1434598250946,273.24528061248253,223.93221306525058
282,WASP-104b,31.9563334427268,40.139059799234,42.83845804517671
283,KELT-23Ab,74.9248321597037,92.13022794287211,97.06112692890513
284,HATS-2b,21.64858932157899,26.234965098613902,27.384849200312836
285,WASP-69b,19.040338217616718,38.22718846869457,54.891473976095135
286,CoRoT-19b,11.142131850271657,13.146314670281015,13.50357727403995
287,Kepler-18d,0.2566621034491451,0.6834414185459445,1.1811856050343348
288,HD209458b,160.383993309685,210.31596571077648,230.57991060123246
289,GJ357b,0.016259847857034153,0.09392680672360396,0.27296277473705827
290,WASP-43b,50.713612445956336,65.8973316868728,71.78882366496939
291,HD189733b,155.78624836541795,238.8516669330995,288.6668594080825
292,WASP-173Ab,52.86648642522724,57.76120803383017,56.60310194296465
293,WASP-172b,27.006724814260508,30.944655500344066,31.228906431635533
294,TOI-1333b,49.16861521536944,57.5570443763259,58.839875804955106
295,TOI-4479b,0.4834182744375192,1.0950412751717207,1.6995012798341336
296,WASP-148b,1.4111778103979138,3.166666228745652,4.89069979543405
297,AUMicb,0.5055146597677171,2.1587238541090987,5.111648569168297
298,WASP-12b,100.79080818452117,92.50567458791954,81.61542112339939
299,TOI-4515b,0.89570126926749,2.8853524747615404,5.660430378011611
300,LHS1678b,0.12919126414937446,0.28878466108562095,0.4443508950197271
301,LHS1678c,0.0066033999494559395,0.03571825630079696,0.09925620555051036
302,LHS1678d,0.0025851341403471187,0.017693212328929987,0.057727227615040816
303,TOI-1994b,26.58627208379767,26.187624724893816,24.11622952292821
304,GJ806b,1.102691417539013,2.222758782485431,3.197942423837268
305,Kepler-91b,6.73964235420155,6.753262254267035,6.276693434907424
306,TOI-3688Ab,15.606172852314655,19.533978999218387,20.806669672521743
307,LHS1478b,0.04161919783072685,0.17573504433552584,0.4128160855149396
308,Kepler-1658b,10.6494821515158,10.575952377832488,9.783349447865275
309,GJ9827b,1.5879758813411164,2.491037099722701,3.053255827631071
310,GJ9827c,0.1601323022254234,0.4058674524228388,0.6785358661243951
311,GJ9827d,0.13063421705540676,0.44518260895117034,0.9061773943769209
312,LTT1445Ab,0.005077595820573457,0.0449154880006045,0.17465122177204673
313,KELT-4Ab,87.9673399743329,97.28624246652898,96.05853450496994
314,HAT-P-54b,2.5650572211289524,6.375242230166718,10.522436111208874
315,MASCARA-4b,150.16912649538332,144.0714016815698,130.5906357255501
316,HATS-70b,17.438889331878475,15.793295706893858,13.82865171708342
317,WASP-52b,28.169625081118067,40.26141228687183,46.55509009921337
318,WASP-7b,22.023128972290635,30.0034910310771,33.68848982330191
319,HAT-P-44b,7.1886794004674135,12.236150482116665,15.804547037763445
320,KELT-14b,67.0039796295147,71.68260888706178,69.35345741740336
321,WASP-192b,15.543610621192244,18.608275158909095,19.28415219260195
322,WASP-162b,2.044325375795439,4.428480644737123,6.683005443559569
323,TOI-169b,17.006162195501517,19.52574805175551,19.722907686872414
324,GJ1132b,0.04405239797017483,0.19985015381536525,0.4927261791845361
325,HD63433c,0.2752347033544487,0.934296732301647,1.8985576404839986
326,HATS-52b,27.42578515752471,29.667381038456135,28.899257139301696
327,HATS-57b,18.080617141051945,24.13005899895136,26.740307203330122
328,KELT-15b,34.012803652984786,40.41409671682808,41.690603603522455
329,HD202772Ab,109.40795022902292,110.13397810587988,102.7177511273889
330,HATS-10b,6.550330397239449,8.823461542708548,9.835689462967348
331,K2-198d,0.47872251618578177,0.974072239903004,1.4112397783897908
332,HATS-64b,15.258400328081752,17.119809107783222,17.05495244471039
333,K2-260b,28.727311881236467,30.15071277712126,28.840287439136663
334,WASP-180Ab,32.2604706752316,39.57457307467408,41.641965976995465
335,TOI-674b,0.7075316287648071,2.269604294924635,4.433608892906094
336,TrES-3b,51.583247605459285,60.93549908983011,62.62749880607319
337,WASP-10b,15.017156051020187,27.307484670480378,36.78462176581432
338,TOI-1789b,55.78777893892652,59.40456169051853,57.31539130505749
339,KELT-1b,53.681586081685644,50.48713907593374,45.20442555455259
340,WASP-107b,2.813840058141379,8.270114404546014,15.25219106673615
341,WASP-36b,32.5563091604219,37.06446805555418,37.24648671812741
342,Kepler-18c,0.5269551580109638,1.0247835861963392,1.4419339478955637
343,HAT-P-68b,7.314727801320795,13.393570639675524,18.120629721068163
344,TOI-1807b,2.483277638730619,2.7856854746443447,2.7727841581685193
345,HAT-P-17b,3.160656230121821,8.619747624630541,15.13421034893298
346,HATS-45b,9.681930983329305,12.282254018817332,13.193622547804623
347,TOI-1728b,0.8231006361518581,2.2721638621690614,4.018320608119078
348,HAT-P-3b,9.557471540361142,15.727569999573078,19.8804362805087
349,WASP-95b,55.73986797767057,66.83158941321851,69.32174683845871
350,HATS-31b,21.782153961787188,24.023963519827284,23.680050315180836
351,KELT-19Ab,92.85595119812587,99.82918889075536,96.9267310222469
352,WASP-87b,68.04507578207406,65.77967304674634,59.87548217484082
353,Kepler-447b,9.20376098615541,18.201691615485405,25.8920569130796
354,Kepler-1656b,0.08413001608824527,0.3138674340365483,0.6795912475520685
355,TOI-4010c,1.0089167056187636,2.2003482410184714,3.3346322235405914
356,HATS-55b,8.878611717614561,12.270642279578995,13.900652402920905
357,Kepler-450b,0.2439392096896909,0.6006119402446412,0.9860974467972147
358,K2-155c,0.007069189968392081,0.04363075396278021,0.13278114834418012
359,WASP-13b,33.79944322889279,41.87094070438036,44.31526387355745
360,WASP-58b,18.08410542644281,26.57323900512598,31.277019026677042
361,WASP-119b,32.17551290585546,39.4234421573858,41.4383492191338
362,HAT-P-52b,6.663141899965668,10.211286211762399,12.337868010422424
363,WASP-4b,41.87890145832928,49.178717906933336,50.357424015529126
364,HATS-5b,4.041515411638645,7.525981172579816,10.297146475198257
365,Qatar-7b,34.46178571931463,35.50670342508292,33.585664879820925
366,WASP-114b,28.1638864740302,29.054783594104652,27.499695280281877
367,55Cnce,24.34449950359696,25.314134296212412,24.067551301073305
368,WASP-160Bb,7.383197777270244,12.369919441687022,15.816894465033508
369,WASP-142b,24.076056839841105,25.12226543458531,23.942796372356703
370,HATS-29b,10.004127953563971,15.519795971066275,18.901517665031147
371,K2-140b,5.763670575928518,10.300804048537623,13.728091653626946
372,WASP-50b,28.8024366701591,38.78631189573138,43.21973331738792
373,TOI-431b,4.073428788446653,4.331169639883154,4.1731711628497905
374,TOI-172b,5.092691121806439,7.94920084918846,9.71892018332584
375,TOI-2076c,0.5932882086447533,1.7926142104624123,3.36907451579168
376,WASP-90b,34.69465301366456,38.203317360059444,37.62418746575073
377,TOI-269b,0.03804679540221763,0.17462773665660453,0.4340927849665764
378,HAT-P-50b,21.727323266100356,23.7655369687405,23.309249977983182
379,TrES-1b,15.011181863907767,24.598070287690838,31.0104902373651
380,WASP-106b,5.647339618460733,9.397686466843178,11.968252603850178
381,K2-266b,5.164314401980264,6.353747805859846,6.691225056631154
382,TOI-201b,0.527075424617199,2.0928840634002297,4.727616104360449
383,WASP-88b,31.559757107516006,35.754807051258396,35.829309553950345
384,HATS-39b,14.718186598027009,17.540577713696514,18.131458647716155
385,WASP-168b,23.969064415282954,33.62141017112467,38.439333142296135
386,HD2685b,62.42214892032559,72.24190842559537,73.3499952440831
387,K2-237b,47.62392670984071,52.69181703341628,52.043360233461705
388,HD149026b,54.19171049020638,60.91653395863139,60.746894582218395
389,HAT-P-39b,21.306151571337434,24.274559335498147,24.40894803739621
390,TOI-270c,0.014442467616875673,0.09574269611459717,0.30564558528077745
391,HAT-P-30b,46.54466881000913,55.464103566482834,57.32347191154037
392,LP791-18b,0.027135168121134128,0.11345940923830669,0.26461447843201136
393,HAT-P-12b,5.831332244211514,11.721861505007123,16.844641072323217
394,TOI-421c,0.3566472229908536,1.1844121235133342,2.371255903675555
395,TOI-700c,0.00021173779855646597,0.0034407451446504906,0.020330857476313895
396,TOI-451d,0.1861794503386218,0.5791309696178065,1.1099567568269881
397,NGTS-2b,34.328069513533414,41.30877957354944,42.953656614700066
398,WASP-89b,6.44488918322346,10.748434717619125,13.702432670049584
399,WASP-161b,16.940693140947563,21.04489440164533,22.31540916866408
400,WASP-68b,26.322787352651627,33.73789700259243,36.46583884624628
401,TOI-904b,0.030426849904007708,0.15019216302989766,0.39235265798433355
402,KELT-8b,90.76927212159937,105.76206961165741,107.79105422855655
403,Qatar-5b,12.655780874868334,16.868379376329575,18.679288768958962
404,HATS-13b,9.302832570256356,13.94803734948072,16.624640241353998
405,TOI-1518b,162.3463068916331,152.64601038693687,136.67945807759713
406,KOI-94d,1.148515732403507,2.577469347511109,3.981974091996017
407,WASP-8b,8.717640041195958,18.599041148040826,27.794355980855464
408,WASP-3b,74.22495180018456,76.97388302333337,73.09634345030857
409,WASP-186b,19.617910067684086,24.841051237514467,26.65317393592633
410,WASP-175b,13.562959520232848,16.715002228418232,17.63612565970731
411,WASP-164b,22.41068584133042,26.95582920081367,28.01466967327264
412,HAT-P-38b,3.9918658750201588,6.997236467074763,9.209223819639774
413,HD332231b,4.854615119297356,11.219682136984325,17.669727284310557
414,WASP-144b,5.912409339846931,8.671616088153048,10.192085454893034
415,TOI-125c,0.22396880802463376,0.5571224344004846,0.9205282000748196
416,WASP-75b,32.98079168494086,38.12694999527036,38.67651643600246
417,HAT-P-40b,34.9514464558451,39.39316763135974,39.346053768705616
418,WASP-66b,24.729169893054934,27.68679659992315,27.54644220196809
419,WASP-17b,63.36138722376969,71.73911162612704,71.86652513204503
420,WASP-79b,56.533340421989806,65.36522546362272,66.32541391852037
421,WASP-14b,70.62569642695345,77.13914999833321,75.5964295522632
422,HD219666b,0.4412529178340014,1.0812493612096241,1.769130667559126
423,WASP-120b,37.84622158676473,41.17043543400035,40.24801258401853
424,HATS-7b,1.9919393063824027,3.466111813942697,4.539768736192556
425,HAT-P-34b,22.625018180270917,29.334140099364866,31.93890112601983
426,HATS-30b,15.649922738518153,20.95416564952307,23.27113176821348
427,TOI-561c,0.267641104812089,0.7055001882367635,1.211191993769009
428,TOI-905b,19.237672790943858,30.228243908736435,37.11245148541018
429,WASP-34b,22.344882789398593,36.296776048996215,45.51436444137436
430,WASP-67b,8.394538085815961,15.575312362549397,21.25954431811283
431,WASP-11b,7.166487021241753,14.54950965865053,21.044748241970446
432,HAT-P-41b,60.00204755050546,63.9825812779748,61.79409637654104
433,HAT-P-43b,10.337518102195965,14.318780302037043,16.239969386973662
434,HAT-P-23b,46.0565123506668,47.23463550458818,44.54714571994604
435,TOI-2158b,9.73393437174425,15.403525297943162,18.997218283299716
436,WASP-44b,11.17707476654907,15.59319647945506,17.763222506421126
437,WASP-55b,16.00543273159634,23.719796261173204,28.069371846784684
438,WASP-156b,1.9970729480581548,3.9644981822749843,5.651866304123355
439,WASP-49b,27.19301048831464,36.59738073662903,40.768969982819435
440,TrES-4b,39.28481324053729,43.872349413200794,43.57832021277474
441,HD89345b,3.619193458608073,6.438456065943287,8.55546790195951
442,GJ1252b,1.0518258449727744,1.7476745956888078,2.2207591349440263
443,WASP-23b,8.320365754603502,13.86909178819186,17.675089457963086
444,HD108236d,0.250691913331306,0.6954143915792326,1.2351233962476158
445,WASP-113b,17.438916963116693,22.369364074339014,24.189886259863304
446,L98-59c,0.02094278288615418,0.12179367197169196,0.35552257233603024
447,HAT-P-18b,2.881899374223731,6.875566364864048,11.049710893513252
448,HAT-P-7b,58.77623146810794,58.327837176695176,53.936794063494624
449,KELT-2Ab,74.58311053119036,84.61162495410176,84.85515902130912
450,HAT-P-46b,21.545885255752285,28.21932248312989,30.915200770144004
451,TOI-677b,12.941855546768801,23.23497062445607,31.064532577743925
452,WASP-71b,42.04248415284151,43.24614055843603,40.86114004514894
453,HATS-72b,0.8213969914255661,2.4309089196985285,4.504578859871066
454,WASP-118b,32.195228888043104,37.019025924061424,37.43322262601791
455,Kepler-6b,10.36123013595157,13.466606171053991,14.680359463580162
456,KELT-11b,82.00342759728086,94.01383453397717,94.8582030919835
457,HAT-P-65b,33.98666491621076,36.07101312954871,34.73094703892877
458,CoRoT-11b,19.65330622008649,22.469021328231566,22.641300872060306
459,L98-59d,0.0017530501092708393,0.01854946503085631,0.0815832605509043
460,LP791-18c,0.0002854587885224683,0.00469322503709762,0.027923583921131187
461,HD108236e,0.1632269520614626,0.5416045987756979,1.0839352466905738
462,LTT3780b,0.5375746453665021,1.1181965799738753,1.6416274643877073
463,K2-29b,8.741455527890142,15.309579686150993,20.137312037221953
464,WASP-45b,8.228683858560617,13.36853742118065,16.761149246156805
465,Kepler-105b,1.6738175394710049,2.130470623812921,2.293249686611573
466,HAT-P-11b,2.4415989514714127,5.640096476523205,8.874206768284859
467,TOI-421b,0.8623198592180116,1.6310577560442412,2.2542190530943156
468,K2-19b,0.9540299136436031,2.114415174872692,3.2389346679105526
469,TOI-1298b,7.113692627459535,9.675871947349652,10.851391633866942
470,HAT-P-22b,39.58918278218649,57.618473055463724,67.39683170395502
471,HAT-P-42b,14.122752594271963,18.697568014732997,20.618511660523808
472,WASP-121b,142.33396057861464,136.29042433258527,123.34882300952057
473,TOI-824b,2.914715887802556,4.301674681921508,5.074336732890408
474,TOI-270b,0.02069667871631443,0.09298382400757847,0.22781648752790412
475,XO-7b,47.61734118031976,54.27127546426198,54.58053929015128
476,Qatar-1b,28.480469825925134,37.61190727448905,41.39877643085364
477,HD97658b,0.40572945167867014,1.2275562583729214,2.3090704756846883
478,TOI-942c,0.27799124242148143,0.7853045916108907,1.4111601280181045
479,GJ3090b,0.2158341734382432,0.6923322901936849,1.3524867236156857
480,TOI-2134c,0.00017872155121552368,0.004944294291867112,0.04220451028945226
481,TOI-3693b,2.4295898435230616,6.384057636336556,10.93676234350095
482,TOI-1470c,0.0002524320885644738,0.0034278751398444,0.017908251611116484
483,TOI-1408b,59.959612185236814,80.16881278657644,88.96699707243151
484,HD260655b,0.2165731450923993,0.6733414371808932,1.2885569358312214
485,HD63935b,0.9545035379652674,2.092627947784436,3.1831295637733747
486,TOI-1420b,4.795930012423052,9.775751157263334,14.18135195481512
487,HD260655c,0.04730083565640509,0.2346615731418174,0.6151349528635044
488,HD109833b,0.6077671176101295,1.287202005707036,1.9146603455045972
489,TOI-4010b,1.6962249950925936,2.20537390330707,2.4039555239387256
490,TOI-1272b,1.3711189250007743,2.459838293903413,3.2854468967923083
491,HAT-P-64b,27.617500461938533,31.224541771039526,31.250788970010433
492,TOI-178e,0.026040590735410946,0.11247955474348319,0.2685816068002561
493,TOI-178g,0.00413563252367267,0.03088674546712577,0.10709789447135891
494,TOI-1135b,9.28401820835224,15.873101049286896,20.567173275124347
495,TOI-2524b,3.61395878440813,6.217302493497444,8.087002604740805
496,TOI-178d,0.10533709838372453,0.34895784654982365,0.6970047087439284
497,Kepler-109c,0.04310068707125399,0.1054274387194784,0.17233051380725103
498,TOI-2207b,6.191075596238928,9.269894410032201,11.041792548876634
499,HAT-P-61b,11.107369120639538,14.038861798010066,15.041570014766465
500,TOI-277b,0.21735753586088227,0.6781979422995483,1.3011975909741649
501,TOI-1820b,15.79685607832212,21.624041028880683,24.346351613696317
502,TOI-1710b,0.28669303078373476,1.012306365674331,2.1121668031917427
503,TOI-2421b,10.801075377773127,13.442499408457072,14.266009965724338
504,WASP-182b,8.864895629807366,11.359887396018578,12.27560889201008
505,TOI-1136c,1.0916233063409684,1.9611672572197831,2.622661507404421
506,TOI-1136d,0.8885728732289482,2.172010465970006,3.5484610342132354
507,NGTS-11b,0.02335216817599294,0.15535754016532055,0.49805471112542715
508,HIP94235b,1.7274289801942737,3.077719266299527,4.094268688475484
509,TOI-2025b,6.03201867781973,9.754747110826065,12.198676586545048
510,TOI-2018b,0.11111175766704179,0.4184714779684497,0.9108820236612989
511,GJ486b,0.32589413205355433,1.0183190068126722,1.9544008820900312
512,Gaia-2b,25.820923125609344,36.87745635740751,42.635604016788534
513,TOI-2427b,1.7163451263389904,2.8302849482550405,3.5803787985692948
514,TOI-139b,0.022526945858950823,0.11212846111620861,0.2948292653299684
515,LHS475b,0.02816197825880335,0.12444474070789686,0.3014190156124769
516,TOI-2583Ab,11.184456492750384,14.588408473398578,15.940206590629346
517,TOI-2796b,14.965220236741196,23.31023080432436,28.463232072719165
518,TOI-3976Ab,6.037797234610518,8.773537961193199,10.25503066297876
519,TOI-969b,1.2068181999982786,2.0835759115539103,2.7146146102863953
520,TOI-2000c,2.5972988822771708,5.199263964621085,7.454757464681844
521,TOI-2364b,4.220631986033054,7.272516508399793,9.467083104996311
522,TOI-2498b,4.129562706612598,5.431846236794894,5.9661442803342695
523,TOI-2587Ab,10.991063377646132,14.37015467892981,15.723759707694288
524,TOI-4145Ab,10.137236584681542,17.808482695443825,23.470724984321304
525,HD23472f,0.01726743125293685,0.06760495896352073,0.1511133307984578
526,HD207496b,0.6117865628316386,1.5564198578057007,2.609349278777503
527,HD23472c,0.0028294721603028088,0.021341022880212973,0.07452969759552144
528,TOI-1937Ab,35.3427208096141,35.73181545747486,33.40761151405909
529,TOI-2803Ab,42.36989668828948,45.688218384290536,44.42411627771658
530,TOI-2842b,11.515412926037746,14.924504572532305,16.24286081541697
531,K2-415b,0.0006068997624287882,0.006068093388456552,0.025656986980197347
532,TOI-913b,0.12433276087401254,0.3935902862080326,0.7629805140256237
533,TOI-2977b,22.61923415260932,28.067379777997438,29.733341990445357
534,TOI-444b,0.05030567323019271,0.2126806982342645,0.5008921176509245
535,TOI-470b,0.0898403156899462,0.3258106361557001,0.691918476867524
536,TOI-836b,0.4770727914274235,1.0840881122394563,1.6872608852310942
537,TOI-1416b,1.8984497156968034,2.357264800147302,2.497322545150598
538,TOI-2459b,0.0035148404224237947,0.030103836963590078,0.11464488840339986
539,TOI-3023b,26.22008745884511,31.688007255396695,33.028473796780105
540,TOI-3082b,1.2392131031209992,2.244574801336139,3.015283905282213
541,TOI-3912b,14.980653817797634,18.894881186945035,20.219417396892997
542,TOI-4551b,11.985411052685507,15.845615183979369,17.451976566306165
543,TOI-858Bb,28.880339376987852,36.12111259283127,38.45458178387238
544,HD183579b,0.38241216959375685,1.1148501626949605,2.046512791999474
545,HD1397b,24.201138119422353,36.818189229801646,44.28850663527164
546,NGTS-12b,5.847844743099383,8.715459826101515,10.349497005331873
547,TOI-2570b,16.090875973589995,21.329587178744426,23.539273437816078
548,TOI-778b,66.50070292993605,77.12826382321737,78.41085741390805
549,TOI-1694b,4.031250182432808,6.633919260184171,8.385563309574298
550,TOI-2443b,0.12084022524649031,0.520257208539103,1.2395936027559324
551,TOI-1452b,3.2867493995120975e-05,0.0006807248758749036,0.004750428471092079
552,TOI-1516b,59.317493949147256,65.18454688082639,64.11947475889039
553,TOI-1431b,154.2894005247935,148.15701981364302,134.36278876124425
554,HATS-38b,3.247575306027193,4.715816570887562,5.509236343436324
555,K2-36c,0.3973210299763351,0.9220515525455363,1.4552636442191371
556,TOI-4600b,0.00048761292767667057,0.006596143374161691,0.03443323229194946
557,TOI-1181b,46.535360732261594,47.49177209277146,44.65819242013273
558,HAT-P-58b,18.212665900172297,21.831939973984777,22.64439256845887
559,K2-329b,0.4450889039950024,1.3761229160622348,2.626426557819385
560,TOI-5678b,0.011547832921623005,0.07065747130480715,0.21399616545083688
561,TOI-620b,0.1489896066998329,0.6265681333067781,1.4684343568132434
562,TOI-5344b,0.6163217827374083,2.0673882744865355,4.162072488773587
563,HD73583b,0.43166911896229093,1.2603623175216778,2.3144839689627634
564,WASP-77Ab,95.78700706495574,110.75524273279368,112.34472897050132
565,LTT9779b,21.3365768480925,22.22240574403292,21.150659702363686
566,TOI-3364b,10.233396428094219,15.199934234332664,18.011361467508944
567,TOI-1634b,0.5921136010202366,1.215484908305949,1.769452469762942
568,TOI-4641b,5.652299646051361,11.03033016677629,15.56250481515105
569,TRAPPIST-1d,2.727493810462278e-06,9.066368387992498e-05,0.0008743924365509531
570,TRAPPIST-1h,1.0208715185023516e-11,4.3705483964547815e-09,2.3968370697109287e-07
571,TOI-244b,0.002794867701207467,0.02171460471617588,0.0772629399764998
572,TOI-544b,1.119047942330146,1.970310522625052,2.5990798588805406
573,HD110067b,0.4144929317479552,1.0848945507980408,1.8537363512704803
574,HD110067c,0.201850413321973,0.6604316132289766,1.3090635469085352
575,HD110067d,0.10166688930723533,0.42807862038868244,1.0054412626589948
576,HD110067f,0.009657234573723564,0.06748618346528384,0.22379561135255494
577,TOI-1442b,0.6693625543073629,1.140897603124671,1.4733598757524644
578,TOI-622b,19.021561319147935,26.113257610880595,29.460657426852986
579,K2-138f,0.06640681683795058,0.19740317713191904,0.36703104140047565
580,TRAPPIST-1c,9.828303272668949e-05,0.001761931923920488,0.011113505133271966
581,TOI-122b,0.0055777148050810375,0.039524088885813,0.13203443626727815
582,TOI-5126b,3.101929745995755,4.519670454137984,5.292205367709868
583,TOI-500b,1.357629140810625,1.5886257123283838,1.6223737014861415
584,TOI-1107b,33.01189549697278,37.87847288371185,38.25186303705573
585,K2-370b,8.09270755610067,8.387254810569098,7.958763231666898
586,HD28109d,0.010949581003454504,0.05693279664708663,0.15437664103213408
587,HD110082b,0.6125751594954717,1.2345544292122093,1.7782898297491905
588,TOI-3714b,2.403634518939836,6.540058632102672,11.453096060087722
589,TOI-3629b,0.5469644682209703,1.7604574499838455,3.4478892153283236
590,TOI-1194b,14.161888517010523,19.138392494788597,21.373379709708693
591,TOI-5398b,5.240127551966451,10.879570838585135,15.975612731802553
592,TOI-5398c,1.9312900697172577,2.9251421283779857,3.5094666412689413
593,TOI-1670c,0.6202900948902901,2.129153362124427,4.360016670102731
594,K2-3b,0.0064904574867540345,0.04074455437018391,0.12537968767191374
595,GJ367b,1.707885460762108,2.2417532312083144,2.4562286772225517
596,K2-174b,0.004047201091571379,0.026176142131987244,0.08226739421332877
597,TOI-628b,31.20946180257297,38.19692461851959,40.130447857717044
598,TOI-712b,0.044840621773157376,0.16742816815249098,0.36246257959032435
599,WASP-193b,15.382876210351354,23.066319012344007,27.500311251999246
600,TOI-1064c,0.05485993419043472,0.21308166124658268,0.4737560617977317
601,TOI-1842b,13.042137413172856,18.268752756969583,20.870203499316393
602,Kepler-1517b,39.685735321840355,36.93079914721822,32.86376455665018
603,TOI-1231b,0.00014597770882785802,0.0029993023658446078,0.02083201097615004
604,Qatar-6b,12.740040387032336,24.214964347338526,33.56741523646276
605,TOI-559b,10.498541257418344,16.77676170102815,20.821539625029512
606,Kepler-63b,1.0462530583771505,2.3108616670607844,3.5322259595009635
607,K2-399b,9.737343937959073,8.433458196408804,7.185278739587076
608,MASCARA-1b,160.69435273505468,148.69076879256323,131.86929873705478
609,HD152843b,1.4061247584962262,2.381866327689793,3.068212703127637
610,WASP-189b,292.553862110786,269.7273839873671,238.72478998067058
611,K2-403b,0.055374019041375525,0.22963632795542832,0.5339166984336537
612,TOI-2193Ab,60.15112184197556,67.76306693733754,67.65956505333983
613,TOI-1260b,0.3388713521244119,0.7697701721215549,1.1975489452912278
614,TOI-1260d,0.0077471988926714665,0.04982889779645429,0.15597139482930308
615,GPX-1b,32.72310560565525,31.93230105301417,29.235816238222565
616,WASP-184b,10.415093263549975,13.386448570866436,14.494423954534886
617,NGTS-9b,7.683486714411516,9.883471675624577,10.708099647873945
618,WASP-171b,6.532434401606104,7.754403405489211,7.994504489171662
619,TOI-4137b,20.594512452415128,25.34346703172173,26.71565188443177
620,TOI-1468c,8.436798384882205e-05,0.0016188990217983347,0.010726213705177881
621,TOI-2567b,5.487728889986982,7.595698409575204,8.610819188291298
622,TOI-1899b,0.001488484209253719,0.022677586479183942,0.12826879230630975
623,TOI-1468b,0.0811232938263748,0.26873934577526154,0.5363782709043208
624,TOI-2236b,25.158430197203646,29.35568886921855,29.950405881578064
625,TOI-3331Ab,27.991943320738283,35.759368023498574,38.56756139831544
626,TOI-3540Ab,78.63517391503152,99.95026111265813,107.47217805359566
627,TOI-1288b,4.766807359324906,7.006319003889336,8.245939781510383
628,NGTS-24b,10.633344037786241,12.593264844701526,12.964058623526316
629,TOI-1136f,0.12081264867672348,0.44577630854538747,0.9580837298399887
630,CoRoT-36b,10.551606100220313,13.13549088607588,13.948070777474335
631,HATS-61b,4.34293669884999,6.637548647577007,8.007569111920521
632,TOI-3362b,4.636084849495805,8.132078260868822,10.712457430474561
633,TOI-2134b,0.2434305354134452,0.8622295303142231,1.8015556842913791
634,HD3167c,0.0229427484669289,0.12208644405806175,0.33612653585447405
635,HD3167b,3.2842063013462663,3.6529756973986474,3.618206370064545
636,TOI-2046b,64.96662512560843,67.26974465572943,63.818746066535056
637,TOI-954b,15.953378648163302,18.40400955179321,18.64259143343839
638,TOI-181b,2.4721880366410662,5.500200095811305,8.44494396709446
639,TOI-1811b,6.825564493816906,13.64947344712144,19.55009600215461
640,TOI-2145b,16.191492801748918,20.853598541262155,22.609808487421386
641,TOI-2152Ab,34.67816642212873,38.78313760357179,38.5611014776883
642,TOI-1246b,0.5562654869301993,1.0144096306496562,1.3692816334011118
643,HD15906c,0.020746352564907124,0.11608903497172005,0.33060541059252185
644,TOI-2497b,15.467386803570657,18.978532464821704,19.977377419658897
645,TOI-2445b,0.6701412239001208,1.165101110272181,1.5237942959831332
646,TOI-1422b,0.4140709451230959,0.9723824958192957,1.5473588981514894
647,TOI-2154b,34.7231387718193,42.521518596506716,44.69011409181055
648,HAT-P-60b,63.00182069480035,70.95094143219889,70.83450754770706
649,TOI-1386b,0.2038901655132463,0.7170478785741963,1.4921871339530879
650,K2-39b,7.608438412652404,8.144107433897567,7.879015790560294
651,Kepler-444e,0.022525307318504138,0.059098294136705594,0.10112713256734013
652,Kepler-102e,0.017973827282840495,0.07924760364296814,0.19197245825407708
653,TOI-615b,40.474979512171004,47.867386218266574,49.25144965062591
654,K2-24c,0.13852293502677315,0.583828760641264,1.3725546333573608
655,Wolf503b,0.23613134367993321,0.6261679596195883,1.078856370185302
656,K2-79b,1.1202910629421667,1.833849454889135,2.3110353638692174
657,K2-99b,6.2118205520052925,9.160216848502209,10.80651381994771
658,K2-32d,0.011758944083503963,0.06188754370069807,0.1691123189654415
659,TOI-942b,1.029962957777068,1.9361734319642647,2.664853523032252
660,HD221416b,10.821991226247428,16.80098072343654,20.46628739218828
661,K2-32b,0.6142177892671017,1.5077911982650956,2.469648538237814
662,K2-129b,0.0003882178896933339,0.0038432771390624005,0.016148834726363442
663,TOI-2136b,0.001146790205694691,0.011982981876189607,0.05224557596735589
664,HD15337c,0.08342447545876927,0.31617440134274627,0.6916349058397848
665,WASP-187b,45.45355886974114,48.086001874501875,46.21451339287026
666,TOI-4406b,0.8431416975561458,2.426861453579229,4.418336914622982
667,TOI-2338b,0.38595156379288675,1.2880837483406522,2.587733344997258
668,K2-353b,0.316392800084012,0.8268986065510208,1.4118161783664915
669,TOI-1411b,0.7875734762001935,1.3208953138473378,1.6892498738656314
670,NGTS-13b,9.219080768531054,11.122969160226084,11.581818985550495
671,K2-280b,0.2995080767355793,0.8121494147631626,1.4207190561356262
672,HD93963Ac,3.3041184235043195,4.64057604575841,5.309756419228086
673,HATS-37Ab,2.7503695905831966,4.7744448826971135,6.24481365205529
674,K2-33b,0.3373400523304274,0.8971203013640662,1.547329401244507
675,TOI-251b,1.0344902281429522,1.7662843349086177,2.286418124224809
676,TOI-1268b,4.480566841719121,9.605101227354135,14.396689303430168
677,K2-139b,0.10200075166184963,0.5065870921501158,1.3308200960070542
678,Gaia-1b,11.94860133233878,17.476467220063288,20.507534666904636
679,HATS-12b,19.03998434206083,19.369417632441913,18.181288064811785
680,K2-52b,21.967665372960838,21.9508621070906,20.387227310119478
681,K2-406b,0.353745835326658,1.1056979540780272,2.1262740970658234
682,K2-24b,0.3757228980146192,1.0398869184632271,1.8441751436767335
683,K2-32c,0.0325738916142757,0.12806047002292734,0.2871626146506946
684,TOI-1601b,19.830705629213433,23.760942549790705,24.6372597607039
685,WASP-185b,9.91084323238368,16.120905720620655,20.233811841584647
686,K2-287b,1.6093642914468667,4.102836206189954,6.890968023309216
687,Kepler-470b,119.31376034035213,141.52772815574903,145.8053541903033
688,K2-289b,0.9077588525283443,2.2878917434623105,3.813496928418144
689,HATS-9b,11.590556015546786,12.715650249697807,12.4897695538026
690,WASP-163b,31.911512096932515,37.77439586335444,38.86966955195058
691,TOI-540b,0.043437978897763616,0.1754938529768343,0.4000690980076165
692,TOI-1693b,0.14352236094514226,0.39345425548615737,0.6923656591616858
693,NGTS-8b,8.96733246448754,12.517110026539115,14.262758921582872
694,K2-405b,5.014029927369329,6.744381596465923,7.50839467707803
695,TOI-532b,1.002807225440021,2.305093999870572,3.61329043060607
696,GJ3929b,0.02443310761415171,0.1099009833391565,0.26943822729832817
