,Planet Name,Full Phase Curve Noise Estimate 1.95-2.6um,Full Phase Curve Noise Estimate 2.6-3.25um,Full Phase Curve Noise Estimate 3.25-3.9um
0,TOI-5704b,8.258946384667574e-06,1.1010923005119685e-05,1.4086900908524643e-05
1,TOI-672b,1.0727661910350206e-05,1.3946015554126382e-05,1.7578022848365032e-05
2,TOI-199b,1.5407289263247215e-06,2.0830729912826722e-06,2.6871866819054737e-06
3,WASP-176b,1.5788713110461234e-05,2.1579061111403614e-05,2.8017060864533343e-05
4,TOI-1801b,2.843873140938976e-06,3.7105023753505896e-06,4.68687813833509e-06
5,TOI-836c,1.9844726577046688e-06,2.6432401394441536e-06,3.379770441223595e-06
6,TOI-3807b,1.9003105960874255e-05,2.5909881454434107e-05,3.3591853341847865e-05
7,TOI-4087b,1.6216018805826913e-05,2.2198688648081075e-05,2.8849100835827634e-05
8,TOI-2818b,1.410367951546393e-05,1.921518131057177e-05,2.490104501868165e-05
9,TOI-3235b,2.303201383966861e-05,2.9461841851834247e-05,3.678236183482925e-05
10,TOI-4463Ab,1.1045634468137247e-05,1.5030277492635268e-05,1.9463533799870733e-05
11,TOI-3785b,1.3268031648200188e-05,1.7117235398842792e-05,2.1478089568178e-05
12,WASP-124b,2.5763519790046038e-05,3.526394105955886e-05,4.5824910562061265e-05
13,WASP-25b,1.5186459923136602e-05,2.0699332895843547e-05,2.68312583662471e-05
14,LHS1140c,8.148572117421938e-06,1.0193289155185864e-05,1.2559532534345613e-05
15,TOI-1199b,1.0015747925829688e-05,1.3643433424943535e-05,1.767885382082656e-05
16,TOI-1273b,8.81467942274159e-06,1.2003711314638625e-05,1.5551344717573307e-05
17,TOI-5803b,5.9416790030406995e-06,8.015145053126623e-06,1.0325849738267807e-05
18,TOI-3819b,2.210339309549467e-05,3.0174914729085893e-05,3.915069051031123e-05
19,TOI-4791b,1.2099414748941387e-05,1.656288457824558e-05,2.1524551474157067e-05
20,TOI-4377b,7.87419587428952e-06,1.0588547588237411e-05,1.3615621573901344e-05
21,Wolf327b,1.3046369685986427e-05,1.6806511291509522e-05,2.1069899231220567e-05
22,HD118203b,2.090929038318802e-06,2.8550024713562853e-06,3.7046526803494152e-06
23,TOI-1470b,1.1923899730949113e-05,1.5467490664708245e-05,1.9470760918169546e-05
24,V1298Taub,2.2017506215655878e-06,2.9604841777286927e-06,3.8066482626122647e-06
25,TOI-2109b,1.5680720313193473e-05,2.159132217357602e-05,2.815733653174688e-05
26,K2-138g,4.5015052736115984e-06,6.096991027238146e-06,7.873566407623875e-06
27,K2-141c,4.552591907301477e-06,6.070902119968992e-06,7.767860768660886e-06
28,TRAPPIST-1b,2.0583143397808296e-05,2.4934137998508585e-05,3.014451091487272e-05
29,TRAPPIST-1e,1.0397166195635412e-05,1.25949847263371e-05,1.522690114967815e-05
30,TRAPPIST-1f,8.482873491405652e-06,1.027603676322446e-05,1.2423373223858048e-05
31,TRAPPIST-1g,7.333198759189966e-06,8.883336538946922e-06,1.0739646795681906e-05
32,GJ3473b,1.3102632770465546e-05,1.6726182231274042e-05,2.0856991901807243e-05
33,TOI-2202b,1.0987895501936832e-05,1.4825157756968067e-05,1.910129103453008e-05
34,TOI-833b,9.638808416206427e-06,1.2601512747549435e-05,1.593643870648028e-05
35,HD28109c,1.4207467853550303e-06,1.946435394623009e-06,2.5307397844727334e-06
36,TOI-2641b,1.2725048153349273e-05,1.7428907132893948e-05,2.2657428884346664e-05
37,TOI-1685b,1.421300534549253e-05,1.8220011082643902e-05,2.2776121981183055e-05
38,K2-87b,1.2842844529074613e-05,1.7504177203065193e-05,2.2688976493245154e-05
39,WASP-178b,1.0471178039352462e-05,1.4669783420369678e-05,1.9330009085758333e-05
40,HIP29442b,2.340616803506662e-06,3.166459309111902e-06,4.0862477729910675e-06
41,HD152843c,1.6364383999413483e-06,2.247260502128309e-06,2.926002100794658e-06
42,K2-26b,8.469629238240656e-06,1.1018915320471314e-05,1.3894826322253484e-05
43,TOI-1246d,5.819354314649741e-06,7.852667566564312e-06,1.0118468282605442e-05
44,WASP-62b,6.769467902756434e-06,9.287158538727476e-06,1.2085110893336752e-05
45,WASP-80b,7.299343919583863e-06,9.61290748655954e-06,1.2209459278381264e-05
46,WASP-22b,1.6044142135755457e-05,2.1945821069326292e-05,2.8506889518861585e-05
47,WASP-60b,1.999623357055079e-05,2.7314079776443253e-05,3.545107442829756e-05
48,TOI-1296b,1.1198036813611924e-05,1.5228874108324484e-05,1.971395195158442e-05
49,HAT-P-59b,1.3596765076858905e-05,1.8512512307180414e-05,2.3981186329176622e-05
50,XO-5b,1.4076823340296745e-05,1.9090150080156858e-05,2.4671180385027155e-05
51,WASP-99b,4.3298254702956466e-06,5.9341848881290405e-06,7.717350499848432e-06
52,HATS-56b,1.225815952247555e-05,1.687792680524964e-05,2.200999100072155e-05
53,WASP-70Ab,1.0509030611552388e-05,1.4326692542026174e-05,1.8572923241252906e-05
54,K2-417b,1.0549316860669093e-05,1.3763076916245278e-05,1.7383931872488455e-05
55,TOI-1759b,2.384089913182185e-06,3.122462934539045e-06,3.95297134975191e-06
56,WASP-150b,1.4344011018488629e-05,1.9675876169224603e-05,2.560137156759925e-05
57,Qatar-4b,3.430678708916969e-05,4.634908948279207e-05,5.976493418189653e-05
58,TOI-1201b,8.557390068893187e-06,1.0991276877542034e-05,1.3755527743862276e-05
59,HAT-P-35b,1.936271982014531e-05,2.6518836569300184e-05,3.447319000431551e-05
60,TOI-561b,1.400445421511477e-05,1.8958076091773284e-05,2.4474501979766463e-05
61,WASP-53b,1.742901637726261e-05,2.3426944101672896e-05,3.0116580605355756e-05
62,KELT-20b,3.768928715036244e-06,5.282690315343094e-06,6.962882402602326e-06
63,KELT-6b,5.830189307539447e-06,7.985547064877252e-06,1.038130302013288e-05
64,piMenc,7.270818103253444e-07,9.950249232217328e-07,1.2928856517704566e-06
65,HATS-24b,3.393757865858688e-05,4.662536054456071e-05,6.07232761298145e-05
66,HD191939d,1.1396276610532563e-06,1.5433276452540446e-06,1.992860489133377e-06
67,WASP-147b,1.5883662837067037e-05,2.1634086616768357e-05,2.8030952520578743e-05
68,WASP-97b,1.059456342095732e-05,1.441648540784693e-05,1.8668700637660345e-05
69,WASP-15b,1.0394970638974915e-05,1.4273303337621994e-05,1.8582939565583856e-05
70,HATS-58Ab,1.2933911338854392e-05,1.792352588077646e-05,2.346365348428076e-05
71,WASP-139b,1.3313683575206618e-05,1.8017885650676742e-05,2.3256842067792796e-05
72,HAT-P-2b,3.4220060174234247e-06,4.698176035414002e-06,6.116286209397752e-06
73,TOI-163b,1.2052937208350514e-05,1.6587707641456522e-05,2.1625575510004304e-05
74,TOI-1478b,5.3450925437192585e-06,7.268422752316769e-06,9.40852934338251e-06
75,WASP-136b,5.623760034056615e-06,7.71820034318827e-06,1.00456881692749e-05
76,HATS-4b,3.2923357510743235e-05,4.4628302562111006e-05,5.7659802385506336e-05
77,L98-59b,4.4401175863369236e-06,5.686796109700774e-06,7.1050805462503985e-06
78,TOI-2076b,2.153900119078351e-06,2.9084494439153964e-06,3.7491531207210425e-06
79,HAT-P-69b,7.304628583395106e-06,1.0142146977692756e-05,1.329239572572613e-05
80,EPIC211945201b,3.3271037680322605e-06,4.552474305186298e-06,5.91469403321938e-06
81,K2-34b,1.395322314412075e-05,1.911899308523469e-05,2.486065140630014e-05
82,WASP-61b,1.8483923532894645e-05,2.5364714124746543e-05,3.301123512349535e-05
83,KELT-21b,1.3330622471107803e-05,1.8540251726751387e-05,2.432359917813032e-05
84,HAT-P-16b,1.141224133486827e-05,1.564249259959238e-05,2.0344147937668877e-05
85,WASP-174b,1.541971373806705e-05,2.1197742574654128e-05,2.7617519847783682e-05
86,WASP-130b,6.1897233692114725e-06,8.420666885203143e-06,1.0902877121079442e-05
87,KOI-12b,5.799534041982601e-06,8.009442771693522e-06,1.0463762039307849e-05
88,WASP-37b,2.2980731742779248e-05,3.1346025148549395e-05,4.0649642055424855e-05
89,HD191939c,1.3197588600627957e-06,1.7872682485799135e-06,2.307854904971408e-06
90,WASP-83b,1.3530400474294967e-05,1.8373446497551824e-05,2.376363274559801e-05
91,WASP-46b,3.8626757823477974e-05,5.252834246570215e-05,6.799663717096809e-05
92,XO-4b,9.50574534735881e-06,1.3067403626892846e-05,1.7024654382434302e-05
93,WASP-170b,2.4201340497543956e-05,3.2911286719781723e-05,4.26028448047049e-05
94,HD191939b,2.3411209777247033e-06,3.17043614268491e-06,4.093905102721822e-06
95,HD86226c,2.402885856401941e-06,3.280536923346751e-06,4.2565034176642e-06
96,TOI-481b,3.87913123177524e-06,5.286124966292693e-06,6.851166867006131e-06
97,WASP-169b,1.3806615403953015e-05,1.8912735345346583e-05,2.4588293562137692e-05
98,Kepler-138b,6.447052280043013e-06,8.404994503047037e-06,1.0611676204112975e-05
99,TOI-4010d,7.32591827249763e-06,9.848441306552654e-06,1.266177687342867e-05
100,WASP-33b,6.467510240990348e-06,8.98258865186312e-06,1.1774818143665799e-05
101,HATS-1b,1.6274998017338274e-05,2.2221626449595167e-05,2.883430838220675e-05
102,HD106315c,1.9636635831527265e-06,2.6971786995168105e-06,3.512237633879846e-06
103,XO-6b,6.218344633708492e-06,8.57896204917799e-06,1.1200880802198914e-05
104,HAT-P-26b,1.1001987039274666e-05,1.4825609087121124e-05,1.9087706409258453e-05
105,TOI-125b,7.3112886002874744e-06,9.896375550627244e-06,1.277522532421197e-05
106,TOI-431d,1.6925004869506737e-06,2.270001286123725e-06,2.9144458936631424e-06
107,KELT-18b,9.431623987417748e-06,1.300517699108745e-05,1.6974475362862738e-05
108,TOI-892b,8.075810140743405e-06,1.1083596379700099e-05,1.4426053082902281e-05
109,DSTucAb,1.936316236368905e-06,2.625828428366557e-06,3.3934249582802007e-06
110,WASP-105b,8.519215998424544e-06,1.1477956764756665e-05,1.4776121593980036e-05
111,TOI-776b,3.043250702460871e-06,3.947655791544765e-06,4.969381509295083e-06
112,HATS-42b,3.699903093468891e-05,5.0649297946346125e-05,6.582310905308034e-05
113,WASP-177b,1.4497004223485452e-05,1.951132452767433e-05,2.5102214752816954e-05
114,HAT-P-13b,1.0339991793750494e-05,1.4072901620904901e-05,1.822594771943102e-05
115,WASP-103b,2.6061052705005463e-05,3.569924838275551e-05,4.641230277664926e-05
116,HATS-27b,2.1964474836837894e-05,3.020863472518555e-05,3.9368019227036826e-05
117,WASP-141b,2.2342930473709455e-05,3.0519576761555864e-05,3.961150425529531e-05
118,K2-238b,2.1268155393696192e-05,2.8936022482923186e-05,3.746739715599565e-05
119,TOI-257b,1.0502859281827066e-06,1.4384341772275148e-06,1.8698795445144086e-06
120,WASP-181b,2.385622527349602e-05,3.255853425231819e-05,4.2236165443224164e-05
121,WASP-135b,2.9072431639431594e-05,3.958140927024988e-05,5.127252982121088e-05
122,WASP-81b,2.0323990710481478e-05,2.7750057422570717e-05,3.600788246356857e-05
123,WASP-19b,3.197555541579387e-05,4.3494306100129334e-05,5.631068740772872e-05
124,HAT-P-4b,1.2301914146443933e-05,1.6794457150275804e-05,2.179029038198416e-05
125,WASP-32b,1.5995695991240323e-05,2.1908561492079995e-05,2.8480940897796614e-05
126,WASP-73b,7.887208524644784e-06,1.0793647240654662e-05,1.4024614609064473e-05
127,LTT1445Ac,2.82686248608564e-06,3.6073766605443987e-06,4.497353213176676e-06
128,WASP-64b,3.156649842180579e-05,4.27868659484241e-05,5.527898853478811e-05
129,HD110113b,7.511721900953955e-06,1.0235828909335588e-05,1.3265956945564198e-05
130,K2-30b,2.034800000805092e-05,2.766285422436873e-05,3.5802502612048864e-05
131,WASP-21b,1.0079974597705068e-05,1.3773461890108538e-05,1.788020016847793e-05
132,HAT-P-21b,1.4157570840661256e-05,1.924917310090445e-05,2.49147788211468e-05
133,KOI-13b,1.8993453805065895e-05,2.6427086145849466e-05,3.467922021449973e-05
134,WASP-123b,9.914689850676681e-06,1.3511838059046398e-05,1.751300930831481e-05
135,KELT-12b,7.073698593000241e-06,9.710394410099944e-06,1.264039699765117e-05
136,HATS-60b,1.9630421706524667e-05,2.6731631525662906e-05,3.46313990557203e-05
137,WASP-133b,2.8439387374581576e-05,3.873423823941451e-05,5.0186454085046254e-05
138,HATS-65b,2.2104856943640672e-05,3.034362220733811e-05,3.949889520918032e-05
139,HATS-40b,3.1995927662972644e-05,4.401644244668234e-05,5.737107047175373e-05
140,HATS-33b,1.68498711069752e-05,2.2935071752277666e-05,2.9705056261988196e-05
141,HATS-68b,1.914438587080713e-05,2.623707795222201e-05,3.412028891517157e-05
142,HAT-P-57b,9.686014731305162e-06,1.3304648041345902e-05,1.732554377437233e-05
143,WASP-54b,7.446871813317108e-06,1.0199634272559357e-05,1.3259436544974375e-05
144,HATS-25b,2.3104656148158123e-05,3.1475487010103577e-05,4.0787050403739424e-05
145,TOI-776c,2.221657346424244e-06,2.8818981240512525e-06,3.6277862117579423e-06
146,HAT-P-5b,1.6638416659196276e-05,2.274632287028706e-05,2.9537157077270294e-05
147,Qatar-8b,1.2304315726760238e-05,1.6767944755793468e-05,2.1732940692834153e-05
148,WASP-18b,9.0853835952935e-06,1.2494630290987528e-05,1.628238107752323e-05
149,TrES-5b,3.871484494432772e-05,5.2261705577067916e-05,6.735629512304742e-05
150,WASP-2b,1.4666791850300347e-05,1.980224202168025e-05,2.552421414161083e-05
151,HAT-P-55b,2.965118195278759e-05,4.044930676575535e-05,5.245843481571501e-05
152,HAT-P-36b,2.527106641952139e-05,3.43442309883065e-05,4.4441021870518265e-05
153,WASP-65b,1.9968376067142158e-05,2.715489871897123e-05,3.51513432355854e-05
154,WASP-159b,1.7749293604128642e-05,2.4316685884317257e-05,3.161636115124556e-05
155,WASP-93b,1.4568269278404611e-05,2.009445832170282e-05,2.6232462772853372e-05
156,WASP-140b,1.0991804838924487e-05,1.4862317005369177e-05,1.9173577950721377e-05
157,KELT-16b,3.1740249242104255e-05,4.3548277663202655e-05,5.6670626944843627e-05
158,Kepler-5b,2.7543610451698075e-05,3.7818674372844225e-05,4.9236458906191084e-05
159,WASP-129b,1.5605870096412984e-05,2.1317013491080824e-05,2.7667453490894635e-05
160,WASP-145Ab,1.3164580361025276e-05,1.767538229670291e-05,2.2707737453363557e-05
161,WASP-167b,1.5445128922991286e-05,2.1368497290846986e-05,2.794610366056713e-05
162,K2-232b,3.5617426148629334e-06,4.864383014142908e-06,6.312873470122025e-06
163,TOI-157b,2.4520434114053423e-05,3.323852889475487e-05,4.294463947667002e-05
164,WASP-76b,8.178045839640362e-06,1.1222389794698838e-05,1.4605524286153174e-05
165,Qatar-2b,2.7374742724787227e-05,3.654482286796676e-05,4.679062997923637e-05
166,LP791-18d,1.9864649424417097e-05,2.4804217167961892e-05,3.052947618839057e-05
167,HATS-22b,2.0431457460663474e-05,2.7374751204675076e-05,3.512494476700118e-05
168,HAT-P-51b,2.413545644649624e-05,3.2741496720296795e-05,4.232151891209031e-05
169,TOI-837b,5.374407020706486e-06,7.3559528257495935e-06,9.558713296551853e-06
170,HAT-P-56b,1.3482917732942228e-05,1.857045618936004e-05,2.4221984628211126e-05
171,WASP-57b,3.2182841562738995e-05,4.376529168853686e-05,5.665308517149776e-05
172,KELT-24b,2.750079600015636e-06,3.785362432546199e-06,4.935483972874545e-06
173,HATS-35b,2.6368649113985082e-05,3.6206713850260714e-05,4.713885492605801e-05
174,WASP-94Ab,7.573760423520278e-06,1.0382760343142644e-05,1.3504727633325408e-05
175,HAT-P-24b,1.738754426473517e-05,2.3895645260727883e-05,3.112681497663012e-05
176,WASP-31b,1.7268641153133248e-05,2.371151992320775e-05,3.087090152282284e-05
177,WASP-183b,2.2476630259964074e-05,3.0420043034006094e-05,3.926633851536553e-05
178,HAT-P-66b,2.988479314469255e-05,4.087872130899101e-05,5.310094778776921e-05
179,WASP-63b,8.639007153084489e-06,1.1738823436356958e-05,1.5188452664612875e-05
180,HAT-P-33b,1.2014605623058871e-05,1.652570036390036e-05,2.153754671794711e-05
181,WASP-48b,2.0618524827467694e-05,2.817196483020454e-05,3.657059694427125e-05
182,HD219134b,6.544173883038893e-07,8.747465649083159e-07,1.1208352181243232e-06
183,HATS-3b,1.5906711722378955e-05,2.1854839904803636e-05,2.8464006912685428e-05
184,HAT-P-8b,7.84037085279662e-06,1.0752322300018718e-05,1.3988565406799319e-05
185,WASP-96b,2.1056654536898727e-05,2.860752857337289e-05,3.701074779068339e-05
186,WASP-24b,1.534870057137458e-05,2.1015534847407148e-05,2.7314701118856108e-05
187,TOI-216.01,4.70652183744998e-06,6.33558663745707e-06,8.1518938202377e-06
188,KELT-3b,8.84826652587027e-06,1.2150410853902022e-05,1.5819752071321986e-05
189,WASP-132b,8.3407139050355e-06,1.11527344151817e-05,1.429322091864449e-05
190,KELT-17b,7.00477028793759e-06,9.730741263269375e-06,1.2757073313881092e-05
191,KELT-10b,8.256732824768279e-06,1.1285892582086574e-05,1.4653819952592613e-05
192,WASP-117b,4.6404424347839485e-06,6.3506159300799995e-06,8.251738281870415e-06
193,HATS-51b,1.6350984262617598e-05,2.2289233033269496e-05,2.8894180937813328e-05
194,K2-333b,8.28537312367591e-06,1.1314317393790189e-05,1.4682451215012568e-05
195,WASP-126b,1.031014278824997e-05,1.4063172519611583e-05,1.82371744543934e-05
196,WASP-6b,1.7082432087893124e-05,2.317394466973231e-05,2.9954838918087255e-05
197,LHS3844b,2.3891550241802716e-05,2.9977158041766758e-05,3.700196271282738e-05
198,KELT-7b,4.555692929808087e-06,6.2896420736107475e-06,8.215410744610465e-06
199,K2-198b,4.4449775389280045e-06,6.005012747251957e-06,7.74299909622363e-06
200,WASP-78b,2.1464389165187173e-05,2.939877640666356e-05,3.821815565610779e-05
201,HAT-P-45b,1.3015742717423165e-05,1.787834116051279e-05,2.3281486396861677e-05
202,TrES-2b,1.598010776953937e-05,2.181278557744828e-05,2.8299019686003805e-05
203,CoRoT-2b,1.9688030426983577e-05,2.6784128459765486e-05,3.4679445864932226e-05
204,HAT-P-27b,1.612132372503261e-05,2.1819878089445308e-05,2.8166089176704203e-05
205,G9-40b,7.325637004204164e-06,9.352015694465234e-06,1.1661993747591862e-05
206,WASP-41b,1.2805646465855228e-05,1.7399124481676154e-05,2.2511045011225204e-05
207,TOI-640b,7.5191895707432765e-06,1.0344065609615967e-05,1.3482464371639648e-05
208,TOI-1259Ab,1.1798629251418796e-05,1.5798350445724208e-05,2.026361590750332e-05
209,WASP-138b,1.643624467915122e-05,2.2560865975563296e-05,2.9366857602569255e-05
210,WASP-74b,7.47414676788462e-06,1.022205583833978e-05,1.3277041520314768e-05
211,HAT-P-25b,1.9826760506977275e-05,2.692745462701795e-05,3.483014301150563e-05
212,HAT-P-62b,2.0457219588168196e-05,2.7832285354609568e-05,3.6037906164921054e-05
213,WASP-29b,7.319270058465767e-06,9.805952279765065e-06,1.2581666580740363e-05
214,WASP-82b,7.9250325248507e-06,1.0904871071177758e-05,1.4215355323486387e-05
215,HAT-P-29b,1.1325584410393646e-05,1.551514580349977e-05,2.0171892628658137e-05
216,K2-31b,1.5222508624499468e-05,2.059017101452962e-05,2.6568637431281617e-05
217,HAT-P-37b,3.077933037645026e-05,4.1789603237407565e-05,5.4044106986763476e-05
218,XO-2Nb,1.1550238133013345e-05,1.5639595364337888e-05,2.019334752625533e-05
219,HAT-P-32b,1.501067637401182e-05,2.0532482138045768e-05,2.6671223502411124e-05
220,KPS-1b,2.6833354566420033e-05,3.6218635046839555e-05,4.667643336312959e-05
221,XO-1b,1.0461195144848516e-05,1.4258738500452163e-05,1.8482716259866e-05
222,WASP-190b,1.4979906402635443e-05,2.0593373005342587e-05,2.6830302967558422e-05
223,WASP-92b,2.9569737384476932e-05,4.0592246459823714e-05,5.284088564315577e-05
224,HAT-P-19b,1.5650133327109096e-05,2.105182905328852e-05,2.707539735117166e-05
225,HAT-P-67b,6.573517251809523e-06,9.037465611329277e-06,1.1775053962089e-05
226,K2-107b,2.25518647924646e-05,3.085976544678171e-05,4.009541040483122e-05
227,HAT-P-1b,7.033052434651328e-06,9.617485933240057e-06,1.2490780090176436e-05
228,WASP-16b,1.0722712171171387e-05,1.4604255792867017e-05,1.8922169277339324e-05
229,K2-261b,4.521624319413226e-06,6.139384816772383e-06,7.93994697980577e-06
230,GJ3470b,5.693624203350002e-06,7.368795912322747e-06,9.263458269570907e-06
231,HAT-P-15b,6.326331082431595e-06,8.598793845075453e-06,1.1127578910135187e-05
232,K2-55b,1.8696293402882673e-05,2.473654501273835e-05,3.150431225634607e-05
233,WASP-166b,4.339814248414612e-06,5.940141530065879e-06,7.719116076150221e-06
234,HIP65Ab,1.1825701257054015e-05,1.5766161924080577e-05,2.017054888395918e-05
235,WASP-101b,8.290355980104112e-06,1.139435014117716e-05,1.4843176732608005e-05
236,WASP-5b,2.4858148994623596e-05,3.3856617678382e-05,4.386670981080761e-05
237,XO-3b,8.76634770789411e-06,1.2055458846340886e-05,1.5709749322599688e-05
238,K2-121b,1.3647236950701959e-05,1.8140357404088495e-05,2.3166995875846392e-05
239,WASP-165b,2.0688127378637486e-05,2.8133242804708746e-05,3.6417445267830806e-05
240,K2-25b,1.7018092631940972e-05,2.156644165600418e-05,2.6777056155691345e-05
241,LTT3780c,3.3516804163636877e-06,4.27517248837135e-06,5.328483914855565e-06
242,HAT-P-9b,1.7649346052905627e-05,2.4248823208240902e-05,3.158173557467226e-05
243,HAT-P-28b,2.261952642547658e-05,3.079828326619973e-05,3.9896948294466985e-05
244,HAT-P-49b,1.0946282042005216e-05,1.5117355798516115e-05,1.9749740181460425e-05
245,K2-266d,4.354054060748784e-06,5.758275110854378e-06,7.33185831928895e-06
246,WASP-98b,2.5377913475815556e-05,3.444071305627954e-05,4.4528462754487694e-05
247,WASP-85Ab,9.762304762128701e-06,1.3373058188747642e-05,1.738647254481216e-05
248,WASP-157b,1.6731279365959344e-05,2.2834212842765346e-05,2.9621154452381064e-05
249,HAT-P-6b,9.595078750637332e-06,1.321619493749018e-05,1.7238721000610866e-05
250,WASP-153b,2.0717493355822993e-05,2.8304826578177556e-05,3.674124268124102e-05
251,HAT-P-31b,1.1959945297054014e-05,1.6373476853334177e-05,2.127957339388038e-05
252,TOI-216.02,6.6821878251051985e-06,8.995088380733502e-06,1.1573830424774182e-05
253,WASP-47b,1.28656413066035e-05,1.7489293923984084e-05,2.263436028358746e-05
254,HD63433b,1.0667888390136834e-06,1.4526945262070025e-06,1.8819967570942211e-06
255,Kepler-435b,1.5721719055325296e-05,2.1550216264646896e-05,2.802819038605212e-05
256,WASP-56b,1.543125502265971e-05,2.098488959933295e-05,2.7164419381600437e-05
257,WASP-42b,1.1408001741320785e-05,1.5408147613600195e-05,1.9864804965485867e-05
258,GJ1214b,1.1352240664702131e-05,1.4164849170317347e-05,1.7426904624170432e-05
259,TOI-150.01,9.448766375616327e-06,1.296694510066013e-05,1.6876617589289936e-05
260,TOI-451c,5.477932810992423e-06,7.443504204242636e-06,9.630889490580153e-06
261,TOI-2076d,1.186012009156421e-06,1.6014930023700397e-06,2.0644135658639982e-06
262,TOI-1266c,3.614562497154317e-06,4.662587656337099e-06,5.850002913961016e-06
263,Qatar-10b,3.532607427187124e-05,4.839952613589971e-05,6.29306122945643e-05
264,TOI-270d,3.2367944224747136e-06,4.163043640771364e-06,5.214198596709759e-06
265,WASP-72b,1.4696272672625081e-05,2.0167079482722973e-05,2.624670632139599e-05
266,WASP-91b,1.3321969911675397e-05,1.78942334152574e-05,2.299463283932632e-05
267,Kepler-7b,2.3282512896692777e-05,3.181761918127037e-05,4.1307523709536955e-05
268,WASP-28b,1.8187878651101e-05,2.4927155927862084e-05,3.241752707174888e-05
269,WASP-131b,6.128934702035741e-06,8.386778170409289e-06,1.0896755300902941e-05
270,HAT-P-20b,8.46870413172002e-06,1.1291954186774496e-05,1.4447484681916474e-05
271,WASP-35b,1.1247197416713745e-05,1.538228825161514e-05,1.9979472135941152e-05
272,WASP-20b,7.548847410065686e-06,1.0317167182968791e-05,1.3395130002518331e-05
273,WASP-158b,2.0187578516247763e-05,2.7736156397839073e-05,3.612364813302018e-05
274,LP714-47b,7.1163161095226785e-06,9.313323010685425e-06,1.1785255622531575e-05
275,HIP67522b,3.980835120507032e-06,5.419810289568677e-06,7.020654135881941e-06
276,TOI-1859b,2.2373654191484908e-06,3.073635450643485e-06,4.002855439015584e-06
277,EPIC246851721b,9.994765005065215e-06,1.3707212755574054e-05,1.7833087804580952e-05
278,WASP-26b,1.3138421053740373e-05,1.797945417036549e-05,2.3361048578700137e-05
279,Qatar-9b,3.485015871897863e-05,4.612102463323035e-05,5.874830221398088e-05
280,HATS-26b,2.3850335103079278e-05,3.2654308933287354e-05,4.2440737087039604e-05
281,KELT-9b,4.7347678058716265e-06,6.6852061092009475e-06,8.850368750984043e-06
282,WASP-104b,1.685847989567892e-05,2.2879629772412803e-05,2.9581697159844214e-05
283,KELT-23Ab,9.08234796516988e-06,1.2405961430558342e-05,1.6101622369959426e-05
284,HATS-2b,3.8093966209027835e-05,5.147697830052752e-05,6.638577823252471e-05
285,WASP-69b,4.2420465453131286e-06,5.670389951618308e-06,7.2657159781650544e-06
286,CoRoT-19b,2.5337964529304077e-05,3.469970992708608e-05,4.510582380589488e-05
287,Kepler-18d,1.2449198325656954e-05,1.685830262891036e-05,2.1768030532691456e-05
288,HD209458b,2.2914283249813843e-06,3.1380948562718447e-06,4.079211438307377e-06
289,GJ357b,2.579777716463098e-06,3.3178647770190253e-06,4.1555050186541285e-06
290,WASP-43b,1.987558635181616e-05,2.6438768987956886e-05,3.3779598874620586e-05
291,HD189733b,2.1528829545035416e-06,2.899441661687457e-06,3.7317184995013127e-06
292,WASP-173Ab,1.913079613322339e-05,2.6082062467477895e-05,3.381360503947083e-05
293,WASP-172b,1.1534674590457437e-05,1.5942765960959746e-05,2.0838078016957616e-05
294,TOI-1333b,4.932653082912444e-06,6.770868264138947e-06,8.813581095254736e-06
295,TOI-4479b,2.7821751366119154e-05,3.56079250416413e-05,4.4469736668570455e-05
296,WASP-148b,1.0778799031998707e-05,1.4647580429115418e-05,1.8952893079210103e-05
297,AUMicb,7.857254686088805e-07,1.0179727997978446e-06,1.2805095460125835e-06
298,WASP-12b,2.2987153193749663e-05,3.158630766513458e-05,4.114100999806255e-05
299,TOI-4515b,6.999623464146589e-06,9.492951750656207e-06,1.2268596114010655e-05
300,LHS1678b,1.160543307058202e-05,1.4915728401133596e-05,1.8673966496207335e-05
301,LHS1678c,5.7977620510856014e-06,7.451496515679373e-06,9.329011130949996e-06
302,LHS1678d,5.0409147102422706e-06,6.4787685434889155e-06,8.111189977728421e-06
303,TOI-1994b,9.825411836229148e-06,1.3676243011853722e-05,1.7951016950464346e-05
304,GJ806b,5.25199973100783e-06,6.782579296913198e-06,8.515660022779089e-06
305,Kepler-91b,1.1498007342399869e-05,1.5314133213541624e-05,1.9580788988160723e-05
306,TOI-3688Ab,1.8135840807416325e-05,2.479004518108718e-05,3.218839799228509e-05
307,LHS1478b,9.988875214179127e-06,1.277263259523339e-05,1.594275246281345e-05
308,Kepler-1658b,1.4702812907974293e-05,2.016754642368207e-05,2.6240720995281747e-05
309,GJ9827b,6.380186350469449e-06,8.43398502512939e-06,1.0735858658432319e-05
310,GJ9827c,3.7880379472659125e-06,5.007417270737219e-06,6.374083413979378e-06
311,GJ9827d,2.9585540467222628e-06,3.91092033295478e-06,4.978321374046717e-06
312,LTT1445Ab,2.0703672531674383e-06,2.6416122753877585e-06,3.293033600035636e-06
313,KELT-4Ab,8.123976080938975e-06,1.1142098016672935e-05,1.4496305589859285e-05
314,HAT-P-54b,1.6863278383415357e-05,2.2366970085887937e-05,2.852840885163458e-05
315,MASCARA-4b,4.513686876919717e-06,6.2875542991913186e-06,8.256655715337568e-06
316,HATS-70b,4.634168964900719e-05,6.461644161967027e-05,8.490193414240036e-05
317,WASP-52b,2.0845711598407367e-05,2.8046360651292334e-05,3.607560893944841e-05
318,WASP-7b,5.236646345592562e-06,7.1989910079063804e-06,9.379284770530176e-06
319,HAT-P-44b,2.1284783157547535e-05,2.8797796277847457e-05,3.716529568368167e-05
320,KELT-14b,1.5130538563727351e-05,2.0638856804101644e-05,2.6765009000794534e-05
321,WASP-192b,2.4856690363943838e-05,3.3958021245439445e-05,4.407794235099897e-05
322,WASP-162b,1.1054791207570179e-05,1.4958194419243483e-05,1.930547174345988e-05
323,TOI-169b,2.3188049418514886e-05,3.166507373268079e-05,4.1091378659311016e-05
324,GJ1132b,8.546131163862253e-06,1.0866801420467221e-05,1.3519172423984215e-05
325,HD63433c,6.355788099712846e-07,8.654963610906346e-07,1.1212690042292607e-06
326,HATS-52b,4.690217872644246e-05,6.416332195152413e-05,8.335269508408065e-05
327,HATS-57b,2.146043344860991e-05,2.91779626636636e-05,3.77655528742698e-05
328,KELT-15b,1.267534281361046e-05,1.7338543677870474e-05,2.252273209291804e-05
329,HD202772Ab,3.4037475395637206e-06,4.672082556191054e-06,6.081521129717394e-06
330,HATS-10b,2.9176616083975255e-05,3.984292438291552e-05,5.170367536592723e-05
331,K2-198d,6.623880858864729e-06,8.948636668106501e-06,1.1538574279511859e-05
332,HATS-64b,2.2772012527354806e-05,3.136045345954653e-05,4.090110434566397e-05
333,K2-260b,2.3920363556028494e-05,3.287134516614386e-05,4.2816881766699985e-05
334,WASP-180Ab,1.1499311534196489e-05,1.584429613158269e-05,2.0670785263065893e-05
335,TOI-674b,1.3312460343173127e-05,1.7128105882838307e-05,2.145741915522459e-05
336,TrES-3b,2.535693161184678e-05,3.4509613104668174e-05,4.4692498503320707e-05
337,WASP-10b,1.3823598304940996e-05,1.8467373015191327e-05,2.3654870135634658e-05
338,TOI-1789b,6.406687920979679e-06,8.762258814648222e-06,1.1381058103699156e-05
339,KELT-1b,1.5451665600205494e-05,2.1289114061932458e-05,2.7773485523003082e-05
340,WASP-107b,5.895636049849498e-06,7.828177500268553e-06,9.990930350875368e-06
341,WASP-36b,3.221245866166954e-05,4.4036939630056844e-05,5.7183546147702344e-05
342,Kepler-18c,1.714416167307496e-05,2.3216070484475305e-05,2.9977402961583922e-05
343,HAT-P-68b,2.746018631754444e-05,3.653536444479249e-05,4.668519315885217e-05
344,TOI-1807b,1.0481907437000723e-05,1.4020969622784888e-05,1.7973029018869128e-05
345,HAT-P-17b,4.239007470175805e-06,5.730223433288066e-06,7.391334496806716e-06
346,HATS-45b,2.948817252422007e-05,4.0561892739274276e-05,5.2864787717452465e-05
347,TOI-1728b,8.340682885449353e-06,1.0926813624068042e-05,1.383531824310135e-05
348,HAT-P-3b,1.2134846564013729e-05,1.638528723230312e-05,2.112107971226814e-05
349,WASP-95b,8.059073896063156e-06,1.0997454033820076e-05,1.426521856547403e-05
350,HATS-31b,2.3438222591903576e-05,3.208117938687258e-05,4.168896419279774e-05
351,KELT-19Ab,6.8778017495942215e-06,9.558020270867312e-06,1.2533505417850015e-05
352,WASP-87b,1.3536469207004483e-05,1.861983178482937e-05,2.426744385344208e-05
353,Kepler-447b,1.1055644090318327e-05,1.5008708793986151e-05,1.9408584126778916e-05
354,Kepler-1656b,3.5180717709221242e-06,4.79382005758876e-06,6.212886778306878e-06
355,TOI-4010c,1.1883654622807016e-05,1.5975536541190084e-05,2.053915668698449e-05
356,HATS-55b,2.7866125098543812e-05,3.822243696343389e-05,4.9731849764069503e-05
357,Kepler-450b,5.8995950309557515e-06,8.091341658158602e-06,1.0527152169466407e-05
358,K2-155c,5.104812881750217e-06,6.745923535230779e-06,8.585466301075947e-06
359,WASP-13b,8.686214241444756e-06,1.1873264977599625e-05,1.5416727794365233e-05
360,WASP-58b,1.2344802841566938e-05,1.683847601794611e-05,2.183619835831213e-05
361,WASP-119b,1.7699733755797497e-05,2.408852038244389e-05,3.119641352901617e-05
362,HAT-P-52b,3.0049314719685188e-05,4.053329622849199e-05,5.221696202981409e-05
363,WASP-4b,2.856747823888649e-05,3.878653520057583e-05,5.0160410619773705e-05
364,HATS-5b,1.5710397606617102e-05,2.1259185963643526e-05,2.7438866545149005e-05
365,Qatar-7b,3.0974568727442336e-05,4.2575272024948036e-05,5.5464621522833053e-05
366,WASP-114b,3.0369541455626554e-05,4.1506685649786397e-05,5.38895454917465e-05
367,55Cnce,1.76009670080569e-06,2.378750972595041e-06,3.067919537555584e-06
368,WASP-160Bb,2.053813797642925e-05,2.7789086101775338e-05,3.586462975881937e-05
369,WASP-142b,3.264563241561149e-05,4.466001963812977e-05,5.801652542489127e-05
370,HATS-29b,1.7555959793828118e-05,2.3900187152706135e-05,3.0958155815697724e-05
371,K2-140b,1.4875662997053956e-05,2.022455981961597e-05,2.6176513729877338e-05
372,WASP-50b,1.8433020781123805e-05,2.4985070521526097e-05,3.2279752122185605e-05
373,TOI-431b,6.405130429341043e-06,8.590635231420241e-06,1.1029483431229219e-05
374,TOI-172b,7.237351731707423e-06,9.848941862347974e-06,1.2754522744903952e-05
375,TOI-2076c,1.5230452632281636e-06,2.05659496912484e-06,2.651065316842372e-06
376,WASP-90b,1.2127856953146783e-05,1.6678390950054477e-05,2.1734149956045827e-05
377,TOI-269b,1.3183141098352908e-05,1.696172088255507e-05,2.124897855375699e-05
378,HAT-P-50b,1.7501966370188668e-05,2.4026054854420275e-05,3.1275874772665215e-05
379,TrES-1b,1.2891749635554919e-05,1.7421781539993243e-05,2.2468222464743966e-05
380,WASP-106b,9.031983998414448e-06,1.2363389500078546e-05,1.606665386220039e-05
381,K2-266b,2.0235821061207405e-05,2.676205282219542e-05,3.407540901541791e-05
382,TOI-201b,1.2707846952479463e-06,1.7468669742405303e-06,2.2758295419406464e-06
383,WASP-88b,1.1294881812500355e-05,1.5533052300252784e-05,2.0241761905631544e-05
384,HATS-39b,2.5441215996560223e-05,3.504332852260717e-05,4.570983737217579e-05
385,WASP-168b,1.4675724472214813e-05,2.007404450825717e-05,2.6075514203176932e-05
386,HD2685b,6.07831148904879e-06,8.39282005541103e-06,1.0963347459755524e-05
387,K2-237b,1.6940619281226194e-05,2.3277854728014603e-05,3.03192910121556e-05
388,HD149026b,3.017363722417536e-06,4.135935315558277e-06,5.379152690191653e-06
389,HAT-P-39b,2.2869201396929455e-05,3.145003136886068e-05,4.09835517071226e-05
390,TOI-270c,4.511016246752709e-06,5.801899981371733e-06,7.266860823854701e-06
391,HAT-P-30b,1.0889736165458903e-05,1.4953388603614545e-05,1.946892939208465e-05
392,LP791-18b,3.519043242990253e-05,4.394092790547219e-05,5.408328362479529e-05
393,HAT-P-12b,1.5406427838641296e-05,2.0569770411943305e-05,2.6338622592303983e-05
394,TOI-421c,2.6595393360842574e-06,3.6002019366971887e-06,4.647741162727638e-06
395,TOI-700c,3.505522913053563e-06,4.499464276654256e-06,5.6287716503718895e-06
396,TOI-451d,4.139488633479552e-06,5.624804485533196e-06,7.277737597758456e-06
397,NGTS-2b,9.90013351270418e-06,1.3622306225152541e-05,1.7757504123667937e-05
398,WASP-89b,2.2357960305579044e-05,3.0157909975836012e-05,3.8850445444256326e-05
399,WASP-161b,8.778905604555294e-06,1.206865202185065e-05,1.5723776288240095e-05
400,WASP-68b,6.423486640277627e-06,8.77558255414343e-06,1.1390911991789583e-05
401,TOI-904b,4.48999629148765e-06,5.838174420098805e-06,7.359489849669164e-06
402,KELT-8b,7.2384649719158005e-06,9.866701949994067e-06,1.2790042827339099e-05
403,Qatar-5b,2.2202149514025342e-05,3.0260458148709676e-05,3.922371303980369e-05
404,HATS-13b,3.1340537840630405e-05,4.2567501924660486e-05,5.506236418628512e-05
405,TOI-1518b,7.404626698361513e-06,1.0272635746652524e-05,1.3456871788531789e-05
406,KOI-94d,7.279026308232931e-06,9.980229479984722e-06,1.2982335049294043e-05
407,WASP-8b,3.8925564479413084e-06,5.293468820214008e-06,6.852264165368294e-06
408,WASP-3b,1.2348783794884459e-05,1.6976281694633658e-05,2.2117735691548502e-05
409,WASP-186b,8.844382088800351e-06,1.2153078971490622e-05,1.5829437352365177e-05
410,WASP-175b,2.680263929487739e-05,3.6770581129221196e-05,4.7848140128053854e-05
411,WASP-164b,2.9162187267070547e-05,3.978108003642743e-05,5.159092617693366e-05
412,HAT-P-38b,1.5499858321991242e-05,2.098390418446951e-05,2.7090934846740207e-05
413,HD332231b,1.5990318899035773e-06,2.18980566112213e-06,2.846485480305423e-06
414,WASP-144b,3.534813477118602e-05,4.7742741522128325e-05,6.155186675506443e-05
415,TOI-125c,5.309191785499066e-06,7.186387879359332e-06,9.276903847912524e-06
416,WASP-75b,1.5790029011231507e-05,2.1626868986740997e-05,2.8114743071489643e-05
417,HAT-P-40b,1.0309971700611458e-05,1.4117402184503207e-05,1.8349648364731827e-05
418,WASP-66b,1.40792424854077e-05,1.9399047202415603e-05,2.530838452519864e-05
419,WASP-17b,1.3039260726870973e-05,1.7975857866260826e-05,2.3459251781821216e-05
420,WASP-79b,8.432370788958497e-06,1.1618519897843748e-05,1.5157753167984769e-05
421,WASP-14b,8.033568682310516e-06,1.1053587253563964e-05,1.4408728995171552e-05
422,HD219666b,4.425157992402163e-06,6.01074954139487e-06,7.775387300673257e-06
423,WASP-120b,1.0822857631157068e-05,1.4887175188861253e-05,1.9402628992942707e-05
424,HATS-7b,2.117301052556341e-05,2.847805082538592e-05,3.662428056915173e-05
425,HAT-P-34b,7.18776182490269e-06,9.886077384522257e-06,1.2883932061360535e-05
426,HATS-30b,1.9657755807726082e-05,2.6867776138342366e-05,3.48842084938705e-05
427,TOI-561c,3.7873026266090846e-06,5.13104353756585e-06,6.627223504667463e-06
428,TOI-905b,1.0405055858371688e-05,1.414307541353533e-05,1.8302702187784967e-05
429,WASP-34b,7.848214750194673e-06,1.0689211264790828e-05,1.3849597532549613e-05
430,WASP-67b,1.2288200379857375e-05,1.659698250856152e-05,2.1397498830887684e-05
431,WASP-11b,9.472684446438355e-06,1.2690977501999451e-05,1.6283339237059782e-05
432,HAT-P-41b,1.2471279257273726e-05,1.714267042917464e-05,2.233295659249297e-05
433,HAT-P-43b,2.9641453201945505e-05,4.0337537834795306e-05,5.2237697305755815e-05
434,HAT-P-23b,2.8646241557452795e-05,3.9132392518173344e-05,5.0792232316012115e-05
435,TOI-2158b,5.548522955179981e-06,7.553948532583404e-06,9.784973056786449e-06
436,WASP-44b,3.006451163791095e-05,4.076482652732399e-05,5.2677202533161815e-05
437,WASP-55b,1.4204993247646465e-05,1.9403470029549472e-05,2.5183856304690488e-05
438,WASP-156b,1.0627496912866059e-05,1.4271986220862628e-05,1.833765317426062e-05
439,WASP-49b,1.285839584648361e-05,1.7486070761370387e-05,2.2635285129796695e-05
440,TrES-4b,1.551856017833444e-05,2.130719694902006e-05,2.7739622753768102e-05
441,HD89345b,2.5856298543669393e-06,3.5173963810152405e-06,4.554113890991531e-06
442,GJ1252b,1.2769962672545882e-05,1.6388436082969814e-05,2.050004764764082e-05
443,WASP-23b,1.930079605435479e-05,2.6044103627150707e-05,3.35584661641881e-05
444,HD108236d,2.233227249441879e-06,3.04301059920444e-06,3.943767650820546e-06
445,WASP-113b,1.3800783516877828e-05,1.8848690680590106e-05,2.4461764092560974e-05
446,L98-59c,3.4848703606998817e-06,4.463338374421107e-06,5.576492992484115e-06
447,HAT-P-18b,1.2219053394045537e-05,1.6371497102575035e-05,2.1006508047563947e-05
448,HAT-P-7b,1.2275605548146049e-05,1.68837239085645e-05,2.2003393984369786e-05
449,KELT-2Ab,3.546717251277078e-06,4.871572862798937e-06,6.343710762648178e-06
450,HAT-P-46b,1.051663625578436e-05,1.4407882707627623e-05,1.873301424693427e-05
451,TOI-677b,3.5528728579705266e-06,4.878143387638082e-06,6.350805206129759e-06
452,WASP-71b,9.60371639168106e-06,1.3146697601821704e-05,1.7085127435096262e-05
453,HATS-72b,9.013795503305285e-06,1.2036440332904321e-05,1.5413415851357415e-05
454,WASP-118b,1.1045626418221987e-05,1.51865623025403e-05,1.978735789222275e-05
455,Kepler-6b,2.6371184405271857e-05,3.5888304115893756e-05,4.6476727586951524e-05
456,KELT-11b,1.9312477719292307e-06,2.6165927135798874e-06,3.379678322462554e-06
457,HAT-P-65b,2.5940228526411206e-05,3.540071273088271e-05,4.592158073707585e-05
458,CoRoT-11b,2.8150606818951397e-05,3.87175676026848e-05,5.045759083440241e-05
459,L98-59d,2.4904692742382656e-06,3.189733313290857e-06,3.985251391962106e-06
460,LP791-18c,1.4844133047015346e-05,1.853529311802052e-05,2.281357182367967e-05
461,HD108236e,1.9064826671232702e-06,2.597786214862612e-06,3.3667530571865823e-06
462,LTT3780b,1.22086876593153e-05,1.5595044352503657e-05,1.9453881819716407e-05
463,K2-29b,1.6152622691556718e-05,2.182529332023525e-05,2.8144820052689298e-05
464,WASP-45b,1.754764301063996e-05,2.367843438655678e-05,3.051024333791389e-05
465,Kepler-105b,1.2962614072429625e-05,1.781950851346379e-05,2.3215856980358835e-05
466,HAT-P-11b,3.0524434141857814e-06,4.087675380762848e-06,5.243368401541152e-06
467,TOI-421b,4.663805308723967e-06,6.3133643774444655e-06,8.15034378856705e-06
468,K2-19b,1.3683431214612616e-05,1.85440647907806e-05,2.3955791982253986e-05
469,TOI-1298b,1.171012584758567e-05,1.5993109139975382e-05,2.0755626907413287e-05
470,HAT-P-22b,5.232494697753163e-06,7.0803193286025805e-06,9.138254302724935e-06
471,HAT-P-42b,1.3720552679285664e-05,1.869934010686897e-05,2.4237294875104567e-05
472,WASP-121b,1.543891776428724e-05,2.1238904198956115e-05,2.768261749215324e-05
473,TOI-824b,1.0676078013442581e-05,1.4236945582241484e-05,1.8216766260314348e-05
474,TOI-270b,5.724550208326026e-06,7.362701868111683e-06,9.221760101843883e-06
475,XO-7b,9.682037008375692e-06,1.3286253885741253e-05,1.7291566889955674e-05
476,Qatar-1b,2.4026270648794283e-05,3.233403956274964e-05,4.159724575006326e-05
477,HD97658b,1.2721233036956178e-06,1.7155636388119367e-06,2.2097715422433906e-06
478,TOI-942c,7.0053893640023554e-06,9.419286242419959e-06,1.2111354763332848e-05
479,GJ3090b,4.605962493628726e-06,5.937083624020699e-06,7.445850731275971e-06
480,TOI-2134c,4.660685232282292e-07,6.212155630612432e-07,7.946411125357028e-07
481,TOI-3693b,9.06926005000588e-06,1.2276137446775094e-05,1.5847424135857823e-05
482,TOI-1470c,4.553529323000417e-06,5.906764891034354e-06,7.4355439732432555e-06
483,TOI-1408b,5.439099287231368e-06,7.468953474875889e-06,9.724526489310448e-06
484,HD260655b,2.2949814486435008e-06,2.9877671072896728e-06,3.7690684224694914e-06
485,HD63935b,2.008861160154095e-06,2.7289708407822452e-06,3.5303801350368952e-06
486,TOI-1420b,9.83253973709362e-06,1.3351980463383547e-05,1.726902789852322e-05
487,HD260655c,1.6225435537782857e-06,2.112340499740877e-06,2.6647176935751936e-06
488,HD109833b,2.9590032359080523e-06,4.040804624741228e-06,5.243746705109895e-06
489,TOI-4010b,2.2766848657641518e-05,3.0606125321065975e-05,3.934916376236017e-05
490,TOI-1272b,1.1980641690534432e-05,1.6114162063625488e-05,2.07236652597344e-05
491,HAT-P-64b,1.8617418935745427e-05,2.5610895140130385e-05,3.3380578811875615e-05
492,TOI-178e,4.567080645932993e-06,6.0453073936366964e-06,7.70132258282279e-06
493,TOI-178g,3.1960424007951687e-06,4.230505273233767e-06,5.389384472293403e-06
494,TOI-1135b,3.752626407152814e-06,5.141263418546564e-06,6.684732481795344e-06
495,TOI-2524b,1.649869238479311e-05,2.2514524829729445e-05,2.920470157312132e-05
496,TOI-178d,5.592986313392044e-06,7.403267893455508e-06,9.431274623780071e-06
497,Kepler-109c,8.886429634207293e-06,1.2146105706118353e-05,1.5770349829882242e-05
498,TOI-2207b,9.135014569802689e-06,1.2511967700632118e-05,1.626557599737208e-05
499,HAT-P-61b,2.9846974054640892e-05,4.05804429195282e-05,5.252398463883368e-05
500,TOI-277b,1.3896446172628065e-05,1.823605839034723e-05,2.3113239019792694e-05
501,TOI-1820b,8.471241044055837e-06,1.1543659733785058e-05,1.496121232658595e-05
502,TOI-1710b,1.993222632982681e-06,2.7133092696556306e-06,3.514417291003182e-06
503,TOI-2421b,1.00931943814068e-05,1.3727194666774341e-05,1.7770673175373285e-05
504,WASP-182b,1.5165331821963911e-05,2.063549092756973e-05,2.672154174566981e-05
505,TOI-1136c,3.951257229868595e-06,5.387203327125084e-06,6.9843229605659735e-06
506,TOI-1136d,2.8256797266372752e-06,3.852574089497198e-06,4.994729182593571e-06
507,NGTS-11b,5.025431887094607e-06,6.768109037667032e-06,8.71087631671984e-06
508,HIP94235b,2.1708730473117047e-06,2.969046054514314e-06,3.8564126412810985e-06
509,TOI-2025b,8.569766477846574e-06,1.1718417664586974e-05,1.5219011036102165e-05
510,TOI-2018b,2.5463256317602222e-06,3.356570486485982e-06,4.265600694453439e-06
511,GJ486b,3.5421317309962395e-06,4.520136157264234e-06,5.6352997714967e-06
512,Gaia-2b,1.149393041465247e-05,1.565936359137249e-05,2.0292863036123223e-05
513,TOI-2427b,5.383244227809801e-06,7.0737135494467045e-06,8.972585247563644e-06
514,TOI-139b,2.5701750380262964e-06,3.4249024793731547e-06,4.380398044050874e-06
515,LHS475b,6.153949334007639e-06,7.837209287408878e-06,9.75906560581269e-06
516,TOI-2583Ab,1.942432998584963e-05,2.654617087176747e-05,3.446466662244143e-05
517,TOI-2796b,1.706422655582986e-05,2.3263566511348754e-05,3.0158825703439374e-05
518,TOI-3976Ab,1.4611122154356691e-05,1.997890735674946e-05,2.5946701561035288e-05
519,TOI-969b,1.2015179302484626e-05,1.595576759893159e-05,2.036558741066832e-05
520,TOI-2000c,6.018879315931125e-06,8.186457230367113e-06,1.059825218192633e-05
521,TOI-2364b,1.4841780082935753e-05,2.0084491457407857e-05,2.5923253739684838e-05
522,TOI-2498b,1.2319914209148676e-05,1.682970234177889e-05,2.1844259861085246e-05
523,TOI-2587Ab,1.035700814294235e-05,1.4118819078463159e-05,1.830295722123163e-05
524,TOI-4145Ab,1.4484814759669795e-05,1.9592707127458203e-05,2.528182315897363e-05
525,HD23472f,2.1833976025102083e-06,2.9174837535018664e-06,3.7374734235455032e-06
526,HD207496b,1.625976098054814e-06,2.1793052732755364e-06,2.7968823359255705e-06
527,HD23472c,1.406342749584461e-06,1.8791731377971165e-06,2.4073346260547876e-06
528,TOI-1937Ab,4.227125892846987e-05,5.767027083759689e-05,7.479605211712606e-05
529,TOI-2803Ab,2.8215501992516647e-05,3.8733201988771835e-05,5.042087776313808e-05
530,TOI-2842b,2.13337535288569e-05,2.9145153476617055e-05,3.783077893344192e-05
531,K2-415b,1.0904607299579314e-05,1.379304121989226e-05,1.7106532231326193e-05
532,TOI-913b,3.504669182986326e-06,4.7122979900543315e-06,6.059091022317801e-06
533,TOI-2977b,2.0683091434974065e-05,2.8166381650880066e-05,3.6491135789418406e-05
534,TOI-444b,2.1831542171101947e-06,2.9500226724489984e-06,3.804327683423731e-06
535,TOI-470b,5.67937210128334e-06,7.669385012610127e-06,9.886591438019073e-06
536,TOI-836b,2.945602338705493e-06,3.923427368111233e-06,5.0166776938468145e-06
537,TOI-1416b,8.39889763087263e-06,1.1272924509223712e-05,1.447952365829225e-05
538,TOI-2459b,1.9016178671841518e-06,2.508300486062762e-06,3.188791834772732e-06
539,TOI-3023b,1.2871568231235964e-05,1.754670273545677e-05,2.2746700538901684e-05
540,TOI-3082b,1.6708405240321097e-05,2.208306526483317e-05,2.8107286906371592e-05
541,TOI-3912b,1.99041273137256e-05,2.7119471255668402e-05,3.514550371199995e-05
542,TOI-4551b,2.5500997260441673e-06,3.4235934744979965e-06,4.398103592129349e-06
543,TOI-858Bb,1.1470713011571594e-05,1.5655689162321037e-05,2.030967262471377e-05
544,HD183579b,1.6495836715304783e-06,2.2469244329199906e-06,2.911409795881648e-06
545,HD1397b,1.1632385044427795e-06,1.579888382767357e-06,2.0435945298708576e-06
546,NGTS-12b,1.156723230858447e-05,1.5752100636057285e-05,2.040755068130422e-05
547,TOI-2570b,2.1182633549829042e-05,2.888114482210041e-05,3.744373369317423e-05
548,TOI-778b,4.374445085337635e-06,6.030132891673317e-06,7.869223523546754e-06
549,TOI-1694b,9.619757351043797e-06,1.2977008666897627e-05,1.6718369404995272e-05
550,TOI-2443b,1.2292731043398123e-06,1.62900653952696e-06,2.076644826325245e-06
551,TOI-1452b,6.738900959605002e-06,8.529623970671495e-06,1.0582868780615356e-05
552,TOI-1516b,1.480322163761267e-05,2.037850007370225e-05,2.6572141429062037e-05
553,TOI-1431b,4.213002425277201e-06,5.863727865962662e-06,7.696189065046068e-06
554,HATS-38b,1.6818035960697846e-05,2.2917054299213967e-05,2.970122481973599e-05
555,K2-36c,8.73023850220466e-06,1.1725579616823178e-05,1.5066976559051534e-05
556,TOI-4600b,3.7498536069969357e-06,5.061884360268045e-06,6.5238204339463755e-06
557,TOI-1181b,1.2155912179055788e-05,1.6625096739360826e-05,2.1593709052130715e-05
558,HAT-P-58b,1.7752679473329688e-05,2.4308034272002708e-05,3.1594829873353694e-05
559,K2-329b,9.98973611976973e-06,1.3512735952212797e-05,1.7436601614449685e-05
560,TOI-5678b,3.0830955953384582e-06,4.184939536349223e-06,5.4113523153745625e-06
561,TOI-620b,4.62691636200737e-06,6.001724509173105e-06,7.554904930937473e-06
562,TOI-5344b,2.1425017051177526e-05,2.7857937280922137e-05,3.51170197275464e-05
563,HD73583b,2.579727821934928e-06,3.438648531533359e-06,4.398748401018489e-06
564,WASP-77Ab,1.0841872374874826e-05,1.4747736923829668e-05,1.9093600595283686e-05
565,LTT9779b,9.50164103459626e-06,1.2888372029145243e-05,1.6658462402798176e-05
566,TOI-3364b,9.09911829276399e-06,1.2394055277639728e-05,1.6059362485602484e-05
567,TOI-1634b,1.3740646223079277e-05,1.7707069642130026e-05,2.2203480132876556e-05
568,TOI-4641b,1.1100464530808857e-06,1.5288010990816984e-06,1.993980604045877e-06
569,TRAPPIST-1d,1.2722259469433724e-05,1.541157087296349e-05,1.863205643696889e-05
570,TRAPPIST-1h,5.958509016361493e-06,7.2180562126936805e-06,8.726380446788423e-06
571,TOI-244b,3.5713938997304624e-06,4.578045335359481e-06,5.7226766706774685e-06
572,TOI-544b,7.98520407867069e-06,1.0524513747706841e-05,1.3373577042657606e-05
573,HD110067b,1.670837609151628e-06,2.2594292997248353e-06,2.9150317296244266e-06
574,HD110067c,1.3697251077829792e-06,1.8522428655798646e-06,2.3896949219846515e-06
575,HD110067d,1.1239092682230563e-06,1.5198326378018602e-06,1.9608315973643267e-06
576,HD110067f,7.974774258266497e-07,1.078407531595343e-06,1.3913213272259607e-06
577,TOI-1442b,2.9216460202505907e-05,3.7264629788709364e-05,4.6444463762247075e-05
578,TOI-622b,3.5589967747957105e-06,4.892670630791456e-06,6.374469850594837e-06
579,K2-138f,8.096018813988062e-06,1.0965521767707132e-05,1.4160716892410629e-05
580,TRAPPIST-1c,1.6363605396881588e-05,1.982264745638563e-05,2.3964895543869706e-05
581,TOI-122b,1.560260500692083e-05,1.997200929212616e-05,2.494459671744067e-05
582,TOI-5126b,5.904302467667252e-06,8.092063460512097e-06,1.0523650875238838e-05
583,TOI-500b,1.2549153439381641e-05,1.666706686605295e-05,2.1275133992955595e-05
584,TOI-1107b,7.98355020349256e-06,1.0963647408634601e-05,1.4275107871484404e-05
585,K2-370b,1.1568865509873068e-05,1.5674866464586318e-05,2.0246593318578535e-05
586,HD28109d,1.1611769363753067e-06,1.5908224545558387e-06,2.0683746744940313e-06
587,HD110082b,3.00140058274027e-06,4.11613519602534e-06,5.3550130665939e-06
588,TOI-3714b,2.5787670765118625e-05,3.33857724284536e-05,4.19779854357148e-05
589,TOI-3629b,1.7873837789136686e-05,2.3326498439277438e-05,2.9468972140373497e-05
590,TOI-1194b,1.2067498206437137e-05,1.636961572756386e-05,2.11586656462239e-05
591,TOI-5398b,4.235365610134687e-06,5.793302942389898e-06,7.525307274050166e-06
592,TOI-5398c,6.2161608849689e-06,8.50271415980877e-06,1.1044742067222621e-05
593,TOI-1670c,2.191876418415651e-06,3.0048121780458676e-06,3.908321940668648e-06
594,K2-3b,4.220217967834711e-06,5.502481642295578e-06,6.947574045217175e-06
595,GJ367b,6.0434173903481324e-06,7.778358850451935e-06,9.74646652371453e-06
596,K2-174b,4.803630234154627e-06,6.382419738738076e-06,8.148912288759656e-06
597,TOI-628b,7.42086410981695e-06,1.0183341018973665e-05,1.3253240823719851e-05
598,TOI-712b,3.985936126650402e-06,5.3182265590413535e-06,6.807038961507998e-06
599,WASP-193b,1.2568447352943105e-05,1.720947248893806e-05,2.2368339184234732e-05
600,TOI-1064c,3.6661826332069765e-06,4.9044638076251e-06,6.287214407753907e-06
601,TOI-1842b,3.824748310444113e-06,5.24724312753752e-06,6.8280857719996455e-06
602,Kepler-1517b,8.350771362472712e-06,1.1591090897222733e-05,1.5188591478486678e-05
603,TOI-1231b,2.1460964482351413e-06,2.7659571170770407e-06,3.4685921069083442e-06
604,Qatar-6b,9.54786885473324e-06,1.2859307114124872e-05,1.655092406136963e-05
605,TOI-559b,7.863673874310713e-06,1.074521708656073e-05,1.394915960978549e-05
606,Kepler-63b,8.297339336764588e-06,1.1279236144507511e-05,1.459740431649671e-05
607,K2-399b,3.667242679021128e-05,4.9940015204773116e-05,6.46995226137409e-05
608,MASCARA-1b,5.105212512418107e-06,7.094081337476886e-06,9.302062551608567e-06
609,HD152843b,2.339480305420165e-06,3.212722022452078e-06,4.183062612483596e-06
610,WASP-189b,2.123178315415087e-06,2.9619525637981902e-06,3.893003137736358e-06
611,K2-403b,5.781499784639896e-06,7.851046793387224e-06,1.0154393056574355e-05
612,TOI-2193Ab,2.0122760652690637e-05,2.7512015509487666e-05,3.572737495327902e-05
613,TOI-1260b,9.246252569730237e-06,1.2207717028226512e-05,1.5528329732674746e-05
614,TOI-1260d,4.125057033843594e-06,5.4462636202817016e-06,6.927698038155733e-06
615,GPX-1b,2.9743931380037496e-05,4.115103993514451e-05,5.381806741554464e-05
616,WASP-184b,1.8952333392901005e-05,2.592376170489709e-05,3.3674101711678755e-05
617,NGTS-9b,2.2119739391680914e-05,3.0383532911781344e-05,3.956596430414841e-05
618,WASP-171b,2.5114669987333774e-05,3.433652866417071e-05,4.45893925507953e-05
619,TOI-4137b,1.2479932709838648e-05,1.7115469222369172e-05,2.2267230464850964e-05
620,TOI-1468c,3.4344513318481045e-06,4.415278812465603e-06,5.528657040050774e-06
621,TOI-2567b,1.386222542341239e-05,1.885442614642579e-05,2.4409088989568335e-05
622,TOI-1899b,6.597815093215539e-06,8.60154333822579e-06,1.085982777594998e-05
623,TOI-1468b,9.063312448399257e-06,1.1651657734407174e-05,1.4589796544608161e-05
624,TOI-2236b,1.2559171786156653e-05,1.7234000269111778e-05,2.2429082856437523e-05
625,TOI-3331Ab,1.8135126879995312e-05,2.466535453507628e-05,3.193136874560446e-05
626,TOI-3540Ab,1.2415138365972141e-05,1.6936872777712513e-05,2.196569536490771e-05
627,TOI-1288b,8.369189173164625e-06,1.130900310081216e-05,1.4584007767177021e-05
628,NGTS-24b,2.4721527456564624e-05,3.3730265464834574e-05,4.374907067088604e-05
629,TOI-1136f,1.9656210489606086e-06,2.6799571981244682e-06,3.474471902322572e-06
630,CoRoT-36b,2.522371799826236e-05,3.4802836780964164e-05,4.54421922936903e-05
631,HATS-61b,1.699835570179867e-05,2.309467512188809e-05,2.9879111463707716e-05
632,TOI-3362b,4.935693556737689e-06,6.795518408271225e-06,8.86159251379064e-06
633,TOI-2134b,1.4747786890698098e-06,1.965709821756385e-06,2.514479566457445e-06
634,HD3167c,1.3020601932867195e-06,1.7613732432777142e-06,2.272942129629942e-06
635,HD3167b,6.3473414738536315e-06,8.58856273524308e-06,1.1084643677906783e-05
636,TOI-2046b,1.957489895569255e-05,2.686181400546974e-05,3.495965511840843e-05
637,TOI-954b,7.1761937226951895e-06,9.775397905891186e-06,1.266674049236837e-05
638,TOI-181b,7.884279253600603e-06,1.060642528082346e-05,1.3641902128778337e-05
639,TOI-1811b,1.157592559210584e-05,1.5497019120873526e-05,1.9874738051988706e-05
640,TOI-2145b,2.7041057195708623e-06,3.707348827927871e-06,4.822357333137112e-06
641,TOI-2152Ab,1.0047564947201075e-05,1.3848531667916564e-05,1.807059002742979e-05
642,TOI-1246b,1.1700397870316803e-05,1.5788578922035444e-05,2.034419943233695e-05
643,HD15906c,1.7761601807498486e-06,2.3773134904573018e-06,3.0485093031463754e-06
644,TOI-2497b,3.4226607696306395e-06,4.75082529141278e-06,6.225392321761749e-06
645,TOI-2445b,4.049844757003325e-05,5.166221499553948e-05,6.439449841174413e-05
646,TOI-1422b,4.7864429541645524e-06,6.5325422450624504e-06,8.474333750023493e-06
647,TOI-2154b,1.1379161917018724e-05,1.562089439740335e-05,2.033447188772779e-05
648,HAT-P-60b,5.015781560136297e-06,6.879700841335196e-06,8.951160217509776e-06
649,TOI-1386b,3.2925100608215287e-06,4.490569954521961e-06,5.823034886400464e-06
650,K2-39b,4.788866377234005e-06,6.427162145129388e-06,8.255064669841312e-06
651,Kepler-444e,2.2350668322496883e-06,3.009886288648056e-06,3.873684167274158e-06
652,Kepler-102e,4.819289122427669e-06,6.470603338746817e-06,8.312847740132253e-06
653,TOI-615b,9.327303940443532e-06,1.2885382014196344e-05,1.6836880636525023e-05
654,K2-24c,2.5189515844613573e-06,3.4330054693563343e-06,4.449716695514366e-06
655,Wolf503b,3.627831695337316e-06,4.851156457547727e-06,6.217358020414352e-06
656,K2-79b,6.944638288626392e-06,9.489544228062743e-06,1.23191796181675e-05
657,K2-99b,4.277736693107113e-06,5.8504689159364535e-06,7.598952690011438e-06
658,K2-32d,4.07638900191754e-06,5.5128885540371635e-06,7.1129036999406065e-06
659,TOI-942b,1.0565758842982058e-05,1.420647757593998e-05,1.826674393699466e-05
660,HD221416b,1.1072940579870025e-06,1.4921513017835323e-06,1.921140332026097e-06
661,K2-32b,7.548475254163608e-06,1.0208521024253594e-05,1.3171357674401003e-05
662,K2-129b,5.005903660024523e-06,6.424690723529687e-06,8.03678736435552e-06
663,TOI-2136b,6.694710163004795e-06,8.557095264918376e-06,1.0678479266069947e-05
664,HD15337c,1.6525705909985562e-06,2.2291401294272283e-06,2.87168664599294e-06
665,WASP-187b,6.014936378864496e-06,8.243691300582165e-06,1.0720841426159573e-05
666,TOI-4406b,4.046782780587374e-06,5.55109652375197e-06,7.222892586768e-06
667,TOI-2338b,7.495580815175822e-06,1.019014936775819e-05,1.3188546864948683e-05
668,K2-353b,8.048429376299293e-06,1.0961570667674008e-05,1.4202227826490924e-05
669,TOI-1411b,5.537173480775311e-06,7.318971715512098e-06,9.316050871647332e-06
670,NGTS-13b,1.9251088939817343e-05,2.6265972781780083e-05,3.406738784835362e-05
671,K2-280b,8.148921565696141e-06,1.106392487679811e-05,1.4308342109358692e-05
672,HD93963Ac,4.53566187218382e-06,6.202969478369902e-06,8.056607448598343e-06
673,HATS-37Ab,1.3920822866611388e-05,1.8844862863736622e-05,2.4328345937333373e-05
674,K2-33b,1.0120663063744215e-05,1.3036434459378237e-05,1.6342604648072873e-05
675,TOI-251b,5.710168141509066e-06,7.797125381002076e-06,1.0117809250226993e-05
676,TOI-1268b,5.091693578592692e-06,6.889550516308978e-06,8.891850118396126e-06
677,K2-139b,4.15295133906202e-06,5.6233021140119345e-06,7.260628628046132e-06
678,Gaia-1b,2.5194012641706824e-05,3.418944146072025e-05,4.4202290223471796e-05
679,HATS-12b,1.883482120334579e-05,2.589527297504585e-05,3.373982192174103e-05
680,K2-52b,2.284406425553845e-05,3.1648688703871804e-05,4.142489696414536e-05
681,K2-406b,2.168279119285566e-06,2.956871502791815e-06,3.833949888113859e-06
682,K2-24b,3.5666825204269234e-06,4.860927330090612e-06,6.300528702752607e-06
683,K2-32c,5.03325861588476e-06,6.806954341199386e-06,8.78254843069289e-06
684,TOI-1601b,7.092564577842577e-06,9.69462421224584e-06,1.2587686501622754e-05
685,WASP-185b,6.780114436967824e-06,9.261373446722182e-06,1.2020380772672702e-05
686,K2-287b,4.4767224988635475e-06,6.0968022317652315e-06,7.899035680456208e-06
687,Kepler-470b,2.475276955914493e-06,3.3500587342990284e-06,4.324271999230607e-06
688,K2-289b,8.82777681883739e-06,1.1991271740262632e-05,1.5511971146277746e-05
689,HATS-9b,3.4555990050453204e-05,4.6811662452659056e-05,6.045793261227414e-05
690,WASP-163b,2.2950276403087984e-05,3.115996785322182e-05,4.029740667305984e-05
691,TOI-540b,1.188645136920633e-05,1.5070685415137456e-05,1.8717296003955847e-05
692,TOI-1693b,8.54579890764714e-06,1.0987834045167681e-05,1.3759676145211567e-05
693,NGTS-8b,3.307970612411846e-05,4.4712558767343045e-05,5.767098840416964e-05
694,K2-405b,1.752924815664233e-05,2.35489499658133e-05,3.026374127424772e-05
695,TOI-532b,2.31269696873295e-05,3.0242924114807144e-05,3.825205635305755e-05
696,GJ3929b,5.804751435817859e-06,7.423533875377118e-06,9.266823290487317e-06
